DATE,hpi,mortgage_30yr,ten_year,fed_funds,cpi,national_unemployment,national_payrolls,consumer_sentiment,housing_starts,building_permits,months_supply,new_home_sales,metro_unemployment,metro_payrolls,metro_labor_force,composite_county_hpi,composite_county_permits,composite_county_active_listings,composite_county_median_listing_price,composite_county_hpi_norm,composite_county_hpi_yoy,composite_county_active_listings_yoy,composite_county_listing_price_yoy,composite_county_permits_yoy,zillow_zhvi,zillow_zori,realtor_active_listings,realtor_new_listings,realtor_median_listing_price,realtor_median_days_on_market,realtor_price_reduction_share,median_household_income,market,hpi_qoq,hpi_yoy,hpi_3yr_growth,hpi_5yr_growth,hpi_volatility_2yr,hpi_momentum_4q,mortgage_spread,yield_curve,mortgage_change_1q,mortgage_change_4q,ten_year_change_4q,inflation_yoy,inflation_trend,national_payroll_growth_yoy,national_unemployment_change_1yr,metro_unemployment_change_1yr,metro_payroll_growth_yoy,metro_labor_force_growth_yoy,composite_active_listings_yoy,composite_listing_price_yoy,starts_growth_yoy,permits_growth_yoy,months_supply_change_1yr,new_home_sales_yoy,consumer_sentiment_change,zillow_zhvi_yoy,zillow_zhvi_3yr_growth,zillow_zori_yoy,rent_to_price_ratio,rent_to_price_ratio_change_1yr,realtor_active_listings_yoy,realtor_new_listings_yoy,realtor_listing_price_yoy,realtor_dom_change_1yr,realtor_price_reduction_change_1yr,estimated_home_price,estimated_monthly_pi_payment,payment_to_income_ratio,payment_to_income_change_1yr,target_4q_growth,metro_building_permits,metro_permits_growth_yoy,predicted_12m_growth,projected_hpi_12m,price_momentum_score,valuation_score,supply_score,economy_score,mortgage_score,affordability_score,risk_score,entry_score,entry_signal,market_regime
2005-03-31,141.33,5.768461538461538,4.303606557377049,2.47,192.36666666666667,5.3,132989.66666666666,94.06666666666666,2071.6666666666665,2105.0,4.266666666666667,1283.3333333333333,5.966666666666666,283.3,307341.3333333333,113.6875,837.25,1041.5,198465.0,113.6875,0.024396287619390833,-0.015678487715215628,0.08297783952011684,0.07823567289117839,111848.56051204073,734.6732994645312,1533.3333333333333,628.0,142898.66666666666,57.0,401.3333333333333,70719.59,Wichita Composite,0.005549626467449276,0.01859459459459467,0.08332055802544835,0.17657342657342667,0.003968926899780923,0.004620098181075172,1.464854981084489,1.8336065573770486,0.03230769230769237,0.17096153846153772,0.293606557377049,0.03035172290662369,0.003603123593411972,0.015919860866730806,-0.40000000000000036,-0.7666666666666675,0.019553742802303375,0.01934719255652695,0.0,0.0,0.0799304952215465,0.05531417112299453,0.5666666666666669,0.06944444444444442,-3.933333333333337,0.12294593604550053,0.12655019973265036,0.0,0.07882157403916973,-0.009690792200825443,0.0,0.0,0.0,0.0,0.0,111848.56051204073,523.2241449224446,0.08878289225191117,0.011184016659586876,0.024481709474279967,,,0.02933468627467222,145.47587121119943,40.243902439024396,45.853658536585364,44.75609756097562,60.36585365853658,42.13414634146342,30.0,76.28048780487805,45.30487804878049,Slight Wait,Neutral / Transition
2005-06-30,143.14,5.708461538461538,4.15859375,2.9433333333333334,193.66666666666666,5.1000000000000005,133719.0,90.2,2051.3333333333335,2137.6666666666665,4.266666666666667,1273.3333333333333,5.366666666666667,287.5333333333333,306785.6666666667,113.6875,837.25,1041.5,198465.0,113.6875,0.024396287619390833,-0.015678487715215628,0.08297783952011684,0.07823567289117839,112903.32772757368,734.6732994645312,1533.3333333333333,628.0,142898.66666666666,57.0,401.3333333333333,70719.59,Wichita Composite,0.01280690582325028,0.02528472172480467,0.08917972911276828,0.199832355406538,0.004326758264661042,0.006272275087338186,1.5498677884615386,1.2152604166666663,-0.05999999999999961,-0.39769230769230735,-0.43850302419354836,0.029229406554472925,-0.004620071299326289,0.015836800429472442,-0.4999999999999982,-0.6999999999999993,0.011372962832688405,0.0037112003437469454,0.0,0.0,0.05884377150722653,0.027724358974358987,0.3666666666666667,0.059051843637371704,-3.1333333333333258,0.1134833197822378,0.13717392355967428,0.0,0.07808520591037706,-0.008861368392589206,0.0,0.0,0.0,0.0,0.0,112903.32772757368,524.7175413733873,0.0890362980961944,0.005570561631306203,0.025429649294397283,,,0.0283081459482321,147.19202801102995,36.58536585365854,42.6829268292683,44.75609756097562,45.12195121951219,53.78048780487805,33.536585365853654,71.70731707317073,43.63902439024391,Slight Wait,Neutral / Transition
2005-09-30,144.62,5.7638461538461545,4.21515625,3.4599999999999995,196.6,4.966666666666667,134451.33333333334,87.5,2100.0,2228.3333333333335,4.466666666666667,1296.0,5.6000000000000005,284.8,307423.3333333333,113.6875,837.25,1041.5,198465.0,113.6875,0.024396287619390833,-0.015678487715215628,0.08297783952011684,0.07823567289117839,109988.66481234871,734.6732994645312,1533.3333333333333,628.0,142898.66666666666,57.0,401.3333333333333,70719.59,Wichita Composite,0.01033952773508462,0.02903088088800354,0.09535711580701367,0.1910723109866579,0.004123476961085122,0.007191803536401975,1.5486899038461548,0.7551562500000002,0.055384615384616254,-0.13043956043955962,-0.0862500000000006,0.0381975004400632,0.007845777533439513,0.018874311032075264,-0.4666666666666668,-0.5333333333333323,0.011004614838480808,0.005400538091562712,0.0,0.0,0.06221547799696503,0.07666290868094716,0.16666666666666696,0.11820534943917171,-8.100000000000009,0.06315442559604922,0.12940791184094547,0.0,0.08015443781061855,-0.005062107478903857,0.0,0.0,0.0,0.0,0.0,109988.66481234871,514.2654188020477,0.08726273760388845,0.004015475153203468,0.028557599225556674,,,0.0298271069220683,148.93359620306953,42.68292682926829,44.390243902439025,45.60975609756098,44.02439024390244,47.31707317073172,39.146341463414636,69.02439024390245,45.19024390243903,Slight Wait,Neutral / Transition
2005-12-31,146.21,6.226153846153846,4.488196721311475,3.98,198.4333333333333,4.966666666666667,134932.33333333334,82.43333333333334,2068.6666666666665,2169.3333333333335,4.8,1263.0,4.966666666666667,290.96666666666664,306353.6666666667,113.6875,837.25,1041.5,198465.0,113.6875,0.024396287619390833,-0.015678487715215628,0.08297783952011684,0.07823567289117839,109140.31389403356,734.6732994645312,1533.3333333333333,628.0,142898.66666666666,57.0,401.3333333333333,70719.59,Wichita Composite,0.010994329968192496,0.04027036641764492,0.09266870936402372,0.18475002025767773,0.004125670386064859,0.009922597498494168,1.7379571248423709,0.5081967213114749,0.4623076923076912,0.4900000000000002,0.31239026969857164,0.0367467781260884,0.007517371571615472,0.018198419366036056,-0.4666666666666668,-0.5666666666666673,0.007734934195335885,-0.004806713589604605,0.0,0.0,0.05257801899592951,0.039948865452221316,0.6999999999999993,0.01690821256038655,-11.433333333333337,-0.004203498511245574,0.12323439281239512,0.0,0.08077748064875528,0.0003395480196492079,0.0,0.0,0.0,0.0,0.0,109140.31389403356,536.2431439558445,0.09099201123012922,0.004298554612921432,0.016072772040216066,,,0.0260194015344443,150.01429669835113,34.146341463414636,53.170731707317074,46.585365853658544,35.853658536585364,26.158536585365855,32.80487804878048,69.63414634146342,41.51097560975611,Slight Wait,Expansion
2006-03-31,144.79,6.2469230769230775,4.577096774193548,4.456666666666667,199.46666666666667,4.733333333333333,135732.66666666666,88.93333333333334,2120.3333333333335,2157.0,5.766666666666667,1117.0,5.133333333333334,288.1666666666667,305317.6666666667,116.1925,914.0,1041.5,198465.0,116.1925,0.022034084661902043,-0.015678487715215628,0.08297783952011684,0.0916691549716333,108866.09128366725,734.6732994645312,1533.3333333333333,628.0,142898.66666666666,57.0,401.3333333333333,70719.59,Wichita Composite,-0.009712057998768953,0.024481709474279967,0.0809257185516985,0.15251134283212608,0.007266053230862447,0.006107176381939611,1.669826302729529,0.12043010752688144,0.02076923076923176,0.4784615384615396,0.27349021681649965,0.03690868133772307,-0.001288819102340133,0.020625662645468612,-0.5666666666666664,-0.8333333333333321,0.017178491587245492,-0.006584427303410578,0.0,0.0,0.023491552695092732,0.02470308788598574,1.5,-0.1296103896103895,-5.133333333333326,-0.026665244637211094,0.10110438111070574,0.0,0.08098095090603308,0.0021593768668633495,0.0,0.0,0.0,0.0,0.0,108866.09128366725,536.0715234718767,0.09096288993845299,0.0021799976865418125,0.03812417984667449,,,0.03587842773865244,149.98483755227946,56.09756097560976,63.902439024390254,53.90243902439025,41.707317073170735,28.84146341463414,36.95121951219512,75.60975609756098,50.91829268292683,Neutral / Fair Value,Neutral / Transition
2006-06-30,146.78,6.602307692307692,5.072698412698412,4.906666666666667,201.26666666666665,4.633333333333333,136265.33333333334,83.8,1855.0,1923.3333333333333,6.266666666666667,1094.3333333333333,4.566666666666666,294.5333333333333,306952.3333333333,116.1925,914.0,1041.5,198465.0,116.1925,0.022034084661902043,-0.015678487715215628,0.08297783952011684,0.0916691549716333,109621.97726243804,734.6732994645312,1533.3333333333333,628.0,142898.66666666666,57.0,401.3333333333333,70719.59,Wichita Composite,0.013744043096898917,0.025429649294397283,0.08420741616191463,0.15738842453871627,0.007855716250682506,0.00634146070035177,1.5296092796092795,0.1660317460317451,0.3553846153846143,0.8938461538461535,0.9141046626984126,0.039242685025817625,0.0024959068997292277,0.019042419800726407,-0.4666666666666677,-0.8000000000000007,0.02434500347785762,0.0005432674494787459,0.0,0.0,-0.09571010724731888,-0.10026508654295962,2.0,-0.14057591623036647,-6.400000000000006,-0.029063363597690017,0.1319461250952647,0.0,0.08042255589377334,0.0023373499833962835,0.0,0.0,0.0,0.0,0.0,109621.97726243804,560.2220180023623,0.09506084828868985,0.006024550192495454,0.05027932960893855,,,0.03884094202066862,152.48107346979373,63.41463414634146,63.41463414634147,55.243902439024396,57.89634146341463,25.365853658536583,25.487804878048777,73.78048780487805,52.03048780487806,Neutral / Fair Value,Neutral / Transition
2006-09-30,148.75,6.5600000000000005,4.893492063492064,5.246666666666667,203.16666666666666,4.633333333333334,136682.33333333334,84.03333333333335,1702.3333333333333,1713.3333333333333,6.8999999999999995,1005.3333333333334,4.666666666666667,293.1666666666667,308967.3333333333,116.1925,914.0,1041.5,198465.0,116.1925,0.022034084661902043,-0.015678487715215628,0.08297783952011684,0.0916691549716333,111187.96118720125,734.6732994645312,1533.3333333333333,628.0,142898.66666666666,57.0,401.3333333333333,70719.59,Wichita Composite,0.013421447063632685,0.028557599225556674,0.0955221682132863,0.1597536254483083,0.008252836937015477,0.007111940532488786,1.6665079365079363,-0.3531746031746028,-0.04230769230769127,0.796153846153846,0.6783358134920645,0.033401152933197675,-0.003507528404525395,0.016593364637514485,-0.33333333333333304,-0.9333333333333336,0.029377340823970144,0.005022390406280053,0.0,0.0,-0.1893650793650794,-0.2311144353029171,2.4333333333333327,-0.22427983539094642,-3.4666666666666544,0.010903817924316606,0.13199387538564844,0.0,0.07928987544551887,-0.0008645623650996859,0.0,0.0,0.0,0.0,0.0,111187.96118720125,565.7413171037779,0.0959973863712351,0.008734648767346656,0.03247058823529425,,,0.0353951643369793,154.01503069512566,53.65853658536586,57.07317073170732,56.82926829268293,61.79878048780487,22.25609756097561,21.585365853658537,74.20731707317073,48.85,Neutral / Fair Value,Neutral / Transition
2006-12-31,148.56,6.243846153846154,4.630645161290323,5.246666666666667,202.33333333333334,4.433333333333334,137050.66666666666,92.46666666666665,1570.0,1581.0,6.8,980.6666666666666,4.033333333333333,300.93333333333334,310349.6666666667,116.1925,914.0,1041.5,198465.0,116.1925,0.022034084661902043,-0.015678487715215628,0.08297783952011684,0.0916691549716333,112305.16896515603,734.6732994645312,1533.3333333333333,628.0,142898.66666666666,57.0,401.3333333333333,70719.59,Wichita Composite,-0.0012773109243697789,0.016072772040216066,0.08224666715232742,0.1527896329634515,0.008429984638035301,0.004044030309348218,1.6132009925558313,-0.6160215053763443,-0.31615384615384645,0.01769230769230834,0.14244843997884793,0.019653955988577332,-0.019588729037240293,0.015699227019962958,-0.5333333333333332,-0.9333333333333336,0.03425363730095099,0.013043747912271364,0.0,0.0,-0.2410570415726716,-0.27120467117393987,2.0,-0.22354183161784114,10.033333333333317,0.02899803892991626,0.12554275628339884,0.0,0.07850110261896907,-0.0022763780297862107,0.0,0.0,0.0,0.0,0.0,112305.16896515603,552.8262559412527,0.09380590401181671,0.002813892781687491,0.04563812600969297,,,0.03537578182190849,153.81542614746272,52.4390243902439,57.07317073170733,56.58536585365854,77.3170731707317,36.951219512195124,33.65853658536585,73.71951219512195,53.82073170731707,Neutral / Fair Value,Neutral / Transition
2007-03-31,150.31,6.214615384615384,4.679032258064517,5.256666666666667,204.317,4.5,137605.33333333334,92.2,1461.3333333333333,1606.6666666666667,7.666666666666667,850.6666666666666,4.466666666666667,297.3333333333333,311201.3333333333,120.095,695.25,1041.5,198465.0,120.095,0.03358650515308659,-0.015678487715215628,0.08297783952011684,-0.2393326039387309,113313.79218058569,734.6732994645312,1533.3333333333333,628.0,142898.66666666666,57.0,401.3333333333333,70719.59,Wichita Composite,0.01177975228863759,0.03812417984667449,0.08331531531531544,0.1521539169093975,0.008565304097903872,0.009416982881199853,1.5355831265508675,-0.5776344086021501,-0.029230769230769837,-0.03230769230769326,0.10193548387096829,0.024316510695187254,-0.00908464223801042,0.013796727881767668,-0.2333333333333334,-0.666666666666667,0.031810294968189545,0.019270639432372505,0.0,0.0,-0.3108001886495835,-0.2551383093803121,1.9000000000000004,-0.23843628767532088,3.2666666666666657,0.040854786320281056,0.1376566836852129,0.0,0.07780235242259285,-0.003178598483440223,0.0,0.0,0.0,0.0,0.0,113313.79218058569,556.0694806134036,0.0943562281308594,0.003393338192406406,0.03479475750116423,,,0.028451644208303293,154.58656664095008,37.80487804878049,49.02439024390244,52.13414634146342,76.0060975609756,42.804878048780495,30.853658536585364,66.46341463414635,48.319512195121945,Neutral / Fair Value,Expansion
2007-06-30,154.16,6.358461538461539,4.84609375,5.25,206.631,4.5,137969.66666666666,86.89999999999999,1451.0,1456.6666666666667,7.8,840.6666666666666,4.166666666666667,303.96666666666664,312099.0,120.095,695.25,1041.5,198465.0,120.095,0.03358650515308659,-0.015678487715215628,0.08297783952011684,-0.2393326039387309,114482.14605614328,734.6732994645312,1533.3333333333333,628.0,142898.66666666666,57.0,401.3333333333333,70719.59,Wichita Composite,0.02561373162131586,0.05027932960893855,0.10421889549459196,0.17303302389286257,0.010598385315751593,0.01238440501230409,1.512367788461539,-0.40390625000000036,0.1438461538461544,-0.24384615384615316,-0.22660466269841262,0.026652865187148045,0.006998909198570713,0.012507460934059855,-0.13333333333333286,-0.39999999999999947,0.03202806699864191,0.016766989880079075,0.0,0.0,-0.21778975741239892,-0.24263431542461,1.5333333333333332,-0.23180018275967096,3.0999999999999943,0.04433571547491666,0.12905405546569448,0.0,0.07700833621035436,-0.003414219683418984,0.0,0.0,0.0,0.0,0.0,114482.14605614328,570.3854159467714,0.09678541676162514,0.001724568472935284,0.01933056564608182,,,0.021740380786148563,157.51149710199266,31.70731707317073,42.92682926829268,52.865853658536594,76.61585365853658,46.64634146341463,29.146341463414636,53.170731707317074,45.52073170731707,Slight Wait,Expansion
2007-09-30,153.58,6.5515384615384615,4.738412698412698,5.073333333333333,207.939,4.666666666666667,138052.0,85.73333333333335,1289.0,1314.3333333333333,8.9,721.0,4.3,302.6333333333333,313554.3333333333,120.095,695.25,1041.5,198465.0,120.095,0.03358650515308659,-0.015678487715215628,0.08297783952011684,-0.2393326039387309,115827.77027600067,734.6732994645312,1533.3333333333333,628.0,142898.66666666666,57.0,401.3333333333333,70719.59,Wichita Composite,-0.0037623248572909995,0.03247058823529425,0.09278497224989346,0.16322048019389546,0.011543342365577388,0.008088462032073168,1.8131257631257638,-0.3349206349206355,0.19307692307692292,-0.008461538461538964,-0.15507936507936648,0.023489745693191066,-0.0008267650019961881,0.01002080249337256,0.033333333333333215,-0.36666666666666714,0.03229107447413293,0.014846229698501023,0.0,0.0,-0.24280399451732915,-0.23287937743190668,2.000000000000001,-0.2828249336870027,1.7000000000000028,0.04172941961753951,0.11959543091050473,0.0,0.07611369512308613,-0.003176180322432734,0.0,0.0,0.0,0.0,0.0,115827.77027600067,588.8324828477892,0.0999155933196653,0.003918206948430203,0.009636671441593858,,,0.01711819494547335,156.2090123797258,28.04878048780488,48.29268292682927,55.670731707317074,74.35975609756098,27.4390243902439,23.292682926829272,49.8780487804878,43.11463414634146,Slight Wait,Expansion
2007-12-31,155.34,6.224615384615385,4.266612903225807,4.496666666666667,210.4896666666667,4.8,138286.66666666666,77.5,1166.0,1188.3333333333333,9.166666666666666,662.3333333333334,3.9333333333333336,308.06666666666666,314396.6666666667,120.095,695.25,1041.5,198465.0,120.095,0.03358650515308659,-0.015678487715215628,0.08297783952011684,-0.2393326039387309,116340.94660194793,734.6732994645312,1533.3333333333333,628.0,142898.66666666666,57.0,401.3333333333333,70719.59,Wichita Composite,0.011459825498111753,0.04563812600969297,0.10522945570971176,0.1608997832747927,0.01156405004790023,0.011272746137693551,1.9580024813895776,-0.2300537634408597,-0.32692307692307665,-0.019230769230769162,-0.36403225806451545,0.04031136738056018,0.013658502193412136,0.009018562478110281,0.36666666666666625,-0.09999999999999964,0.023704031900753098,0.01304013000389892,0.0,0.0,-0.25732484076433126,-0.24836601307189543,2.3666666666666663,-0.32460910944935406,-14.966666666666654,0.035935813765117564,0.06149509262537567,0.0,0.0757779599622646,-0.0027231426567044803,0.0,0.0,0.0,0.0,0.0,116340.94660194793,571.5292556211782,0.09697950832936303,0.003173604317546319,0.0013518733101585134,,,0.011328454735348537,157.09976215858904,23.170731707317074,47.31707317073171,56.158536585365866,73.10975609756098,29.87804878048781,26.463414634146332,45.36585365853659,42.459756097560984,Slight Wait,Expansion
2008-03-31,155.54,5.872307692307692,3.6652459016393446,3.1766666666666663,212.76966666666667,5.0,138326.33333333334,72.89999999999999,1064.0,1025.0,9.833333333333334,585.0,4.2,305.76666666666665,314585.0,122.53,637.25,1041.5,198465.0,122.53,0.02027561513801568,-0.015678487715215628,0.08297783952011684,-0.083423229054297,115786.96072535582,734.6732994645312,1533.3333333333333,628.0,142898.66666666666,57.0,401.3333333333333,70719.59,Wichita Composite,0.0012874983906270288,0.03479475750116423,0.10054482417038124,0.16117954460619632,0.009708779751032116,0.00864968266319091,2.2070617906683476,0.4885792349726783,-0.35230769230769265,-0.342307692307692,-1.0137863564251721,0.04137035423712487,0.017880608543933807,0.0052396224952522275,0.5,-0.2666666666666666,0.028363228699551657,0.01087291828226955,0.0,0.0,-0.2718978102189781,-0.36203319502074693,2.166666666666667,-0.3123040752351097,-19.30000000000001,0.021825838648385387,0.03521189897558963,0.0,0.0761405216817628,-0.0016618307408300531,0.0,0.0,0.0,0.0,0.0,115786.96072535582,547.779501194999,0.09294954925983011,-0.001406678871029285,0.014079979426514067,,,0.01223281612346745,157.44269221984413,25.609756097560975,51.951219512195124,59.57317073170732,69.45121951219511,39.512195121951216,41.463414634146346,55.24390243902439,47.95731707317073,Slight Wait,Expansion
2008-06-30,157.14,6.086923076923076,3.8815625000000002,2.0866666666666664,215.5376666666667,5.333333333333333,137863.66666666666,59.6,1010.6666666666666,1061.0,10.566666666666666,509.0,4.0,310.6,315375.3333333333,122.53,637.25,1041.5,198465.0,122.53,0.02027561513801568,-0.015678487715215628,0.08297783952011684,-0.083423229054297,116083.2113754523,734.6732994645312,1533.3333333333333,628.0,142898.66666666666,57.0,401.3333333333333,70719.59,Wichita Composite,0.010286742960010198,0.01933056564608182,0.09780634343998873,0.1607327522529176,0.00954469904924375,0.004817935497864495,2.205360576923076,1.7948958333333338,0.2146153846153842,-0.2715384615384622,-0.9645312499999994,0.04310421314646251,0.00279284576590233,-0.0007682848162277045,0.833333333333333,-0.16666666666666696,0.021822568264064257,0.010497737363251103,0.0,0.0,-0.3034688720422697,-0.27162471395881016,2.7666666666666666,-0.39452815226011095,-27.29999999999999,0.013985283945706639,0.028164658313273305,0.0,0.07594620694167561,-0.001062129268678741,0.0,0.0,0.0,0.0,0.0,116083.2113754523,561.982383525782,0.09535955457758429,-0.001425862184040852,0.004709176530482528,,,0.007079105415980571,158.2524106250672,18.29268292682927,58.53658536585366,59.81707317073172,68.29268292682926,37.92682926829268,36.70731707317073,54.26829268292683,46.88414634146341,Slight Wait,Neutral / Transition
2008-09-30,155.06,6.322307692307692,3.8621875,1.9400000000000002,218.861,6.0,137156.0,64.83333333333333,862.3333333333334,858.6666666666666,10.9,448.3333333333333,4.666666666666667,305.8666666666667,316514.6666666667,122.53,637.25,1041.5,198465.0,122.53,0.02027561513801568,-0.015678487715215628,0.08297783952011684,-0.083423229054297,117213.47796094594,734.6732994645312,1533.3333333333333,628.0,142898.66666666666,57.0,401.3333333333333,70719.59,Wichita Composite,-0.013236604301896326,0.009636671441593858,0.07218918545152819,0.14199440271026664,0.01196740111331627,0.0024493656367131633,2.4601201923076923,1.9221875,0.23538461538461597,-0.22923076923076913,-0.8762251984126976,0.052525019356638225,0.011154665119513352,-0.006490307999884148,1.333333333333333,0.36666666666666714,0.010683996034805743,0.009441213271915716,0.0,0.0,-0.33100594776312386,-0.34669033730661936,2.0,-0.37817845584835874,-20.90000000000002,0.011963518607354118,0.06568688838002945,0.0,0.07521387255919307,-0.0008998225638930657,0.0,0.0,0.0,0.0,0.0,117213.47796094594,581.7798605598158,0.09871887445498184,-0.0011967188646834631,0.015284406036373044,,,0.009518847138341618,156.53599243727126,20.73170731707317,63.17073170731708,60.0609756097561,51.55487804878048,30.54878048780488,31.829268292682926,38.41463414634146,43.81585365853658,Slight Wait,Neutral / Transition
2008-12-31,155.55,5.841428571428572,3.234677419354839,0.5066666666666667,213.84866666666667,6.866666666666667,135559.66666666666,57.666666666666664,663.0,638.6666666666666,11.4,386.3333333333333,4.866666666666667,310.26666666666665,317744.0,122.53,637.25,1041.5,198465.0,122.53,0.02027561513801568,-0.015678487715215628,0.08297783952011684,-0.083423229054297,117474.90730910469,734.6732994645312,1533.3333333333333,628.0,142898.66666666666,57.0,401.3333333333333,70719.59,Wichita Composite,0.003160067070811401,0.0013518733101585134,0.06388071951302932,0.13316820863990686,0.011720944083715136,0.0003744260298880753,2.6067511520737328,2.728010752688172,-0.48087912087912077,-0.38318681318681325,-1.0319354838709685,0.0159580280267122,-0.02714618511975031,-0.01971990551029268,2.0666666666666673,0.9333333333333336,0.00714131140445784,0.010646847400841652,0.0,0.0,-0.43138936535162953,-0.46255259467040677,2.2333333333333343,-0.41670860593860093,-19.833333333333336,0.009746875371716923,0.07636585527107198,0.0,0.07504649116578702,-0.0007314687964775773,0.0,0.0,0.0,0.0,0.0,117474.90730910469,553.9119421599049,0.0939901278545147,-0.002989380474848327,0.006493089038894118,,,0.0027030955060311007,155.97046650596317,17.073170731707318,65.3658536585366,60.548780487804876,46.25,37.3170731707317,42.3170731707317,39.268292682926834,45.45365853658537,Slight Wait,Economic Softening
2009-03-31,157.73,5.06,2.7362295081967214,0.18333333333333335,212.37766666666667,8.266666666666667,133297.0,58.26666666666667,525.6666666666666,538.6666666666666,11.233333333333334,349.0,6.666666666666667,300.3,320617.3333333333,122.855,469.0,1041.5,198465.0,122.855,0.0026524116542887555,-0.015678487715215628,0.08297783952011684,-0.2640251078854453,112357.69601084362,734.6732994645312,1533.3333333333333,628.0,142898.66666666666,57.0,401.3333333333333,70719.59,Wichita Composite,0.014014786242365629,0.014079979426514067,0.08937081290144344,0.13679279279279277,0.011908335217559202,0.0035562479928227253,2.323770491803278,2.5528961748633883,-0.781428571428572,-0.8123076923076926,-0.9290163934426232,-0.0018423678813865862,-0.05436738723802481,-0.036358466332031325,3.2666666666666675,2.466666666666667,-0.017878556633598497,0.019175527546873905,0.0,0.0,-0.5059523809523809,-0.47447154471544717,1.4000000000000004,-0.40341880341880343,-14.633333333333319,-0.029617019852920645,0.03207247257622625,0.0,0.0784644034772975,0.0023238817955346935,0.0,0.0,0.0,0.0,0.0,112357.69601084362,485.8297715986049,0.08243765637192267,-0.010511892887907437,-0.013060292905598181,,,-0.015374457950467558,155.30498674747275,3.6585365853658534,68.53658536585365,57.37804878048781,37.225609756097555,51.09756097560975,61.829268292682926,36.46341463414634,46.35121951219512,Slight Wait,Economic Softening
2009-06-30,157.88,5.012307692307692,3.320793650793651,0.18000000000000002,213.50699999999998,9.299999999999999,131432.0,68.2,534.3333333333334,559.3333333333334,9.5,368.6666666666667,8.566666666666666,295.9666666666667,325129.0,122.855,469.0,1041.5,198465.0,122.855,0.0026524116542887555,-0.015678487715215628,0.08297783952011684,-0.2640251078854453,112692.53843326257,734.6732994645312,1533.3333333333333,628.0,142898.66666666666,57.0,401.3333333333333,70719.59,Wichita Composite,0.0009509922018640093,0.004709176530482528,0.07562338193214324,0.13086455124991025,0.008964219509151175,0.0012223103032861782,1.6915140415140408,3.140793650793651,-0.0476923076923077,-1.0746153846153845,-0.5607688492063492,-0.009421400435809635,-0.025379428462521836,-0.046652369127954896,3.966666666666666,4.566666666666666,-0.047113114402232203,0.030927170376884305,0.0,0.0,-0.4713060686015831,-0.4728243795161796,-1.0666666666666664,-0.2757039947609692,8.600000000000001,-0.02920898639875802,0.02801045235184474,0.0,0.07823126283374411,0.0022850558920684966,0.0,0.0,0.0,0.0,0.0,112692.53843326257,484.6446910413397,0.08223656687625135,-0.013122987701332939,-0.01140106409931585,,,-0.012849772984794812,155.8512778411606,6.097560975609756,70.73170731707317,56.15853658536586,35.54878048780488,61.707317073170735,63.414634146341456,46.09756097560976,48.701219512195124,Neutral / Fair Value,Economic Softening
2009-09-30,157.43,5.162307692307692,3.5178125,0.15666666666666665,215.34399999999997,9.633333333333333,130460.0,68.39999999999999,588.3333333333334,606.6666666666666,7.733333333333333,405.0,9.766666666666667,285.26666666666665,323365.3333333333,122.855,469.0,1041.5,198465.0,122.855,0.0026524116542887555,-0.015678487715215628,0.08297783952011684,-0.2640251078854453,113099.43845775478,734.6732994645312,1533.3333333333333,628.0,142898.66666666666,57.0,401.3333333333333,70719.59,Wichita Composite,-0.0028502660248289624,0.015284406036373044,0.05835294117647072,0.12017930838195534,0.008870951849321107,0.003818894872553019,1.6444951923076925,3.361145833333333,0.15000000000000036,-1.1600000000000001,-0.3443750000000003,-0.016069560131773297,-0.014227192250386711,-0.04882032138586723,3.633333333333333,5.1000000000000005,-0.06734960767218834,0.0216440733657417,0.0,0.0,-0.31774255894858905,-0.2934782608695652,-3.166666666666667,-0.09665427509293678,3.566666666666663,-0.035098689798812255,0.01719140498794891,0.0,0.07794980871516334,0.0027359361559702727,0.0,0.0,0.0,0.0,0.0,113099.43845775478,494.72839984965157,0.08394761335855905,-0.014771261096422794,0.0036841770945816865,,,-0.0006441526964729758,157.32859104099427,14.634146341463413,70.0,51.768292682926834,30.304878048780484,63.65853658536585,59.51219512195122,47.19512195121951,48.30853658536585,Neutral / Fair Value,Economic Softening
2009-12-31,156.56,4.922142857142857,3.4640322580645164,0.12,217.03,9.933333333333334,129975.33333333333,70.16666666666667,567.6666666666666,623.3333333333334,7.666666666666667,374.3333333333333,8.799999999999999,288.7,318700.6666666667,122.855,469.0,1041.5,198465.0,122.855,0.0026524116542887555,-0.015678487715215628,0.08297783952011684,-0.2640251078854453,112704.1757554153,734.6732994645312,1533.3333333333333,628.0,142898.66666666666,57.0,401.3333333333333,70719.59,Wichita Composite,-0.005526265641872641,0.006493089038894118,0.05385029617662895,0.11390964069726062,0.008622858750858203,0.0016473116943820088,1.4581105990783407,3.3440322580645163,-0.2401648351648351,-0.9192857142857145,0.22935483870967754,0.014876563800569231,0.024297964236378866,-0.04119465229333208,3.0666666666666664,3.933333333333332,-0.06951009883970782,0.0030108095405945168,0.0,0.0,-0.14379084967320266,-0.024008350730688854,-3.7333333333333334,-0.03106125970664364,12.500000000000007,-0.040610643268153,0.0035528800137691885,0.0,0.07822318502826876,0.003176693862481747,0.0,0.0,0.0,0.0,0.0,112704.1757554153,479.73517484601916,0.08140349934370703,-0.012586628510807676,-0.0021716913643331504,,,-0.004022330264402906,155.9302639738051,10.975609756097562,71.95121951219512,51.40243902439025,15.73170731707317,69.6341463414634,65.60975609756098,48.414634146341456,47.8719512195122,Slight Wait,Economic Softening
2010-03-31,155.67,4.995833333333334,3.7178688524590164,0.13333333333333333,217.37400000000002,9.833333333333334,129791.33333333333,73.86666666666666,618.0,657.6666666666666,7.833333333333333,354.0,9.033333333333333,281.43333333333334,316337.3333333333,122.355,314.75,1041.5,198465.0,122.355,-0.004069838427414485,-0.015678487715215628,0.08297783952011684,-0.3288912579957356,112457.22962904384,734.6732994645312,1533.3333333333333,628.0,142898.66666666666,57.0,401.3333333333333,70719.59,Wichita Composite,-0.0056847215125193085,-0.013060292905598181,0.03565963675071515,0.10146465718531084,0.008937511450803171,-0.0032775652443392256,1.2779644808743171,3.584535519125683,0.07369047619047642,-0.06416666666666604,0.981639344262295,0.02352570028549783,0.03959526041727113,-0.02629966665916461,1.5666666666666664,2.3666666666666663,-0.06282606282606285,-0.013349247077512949,0.0,0.0,0.17564996829422963,0.22091584158415833,-3.4000000000000012,0.014326647564469885,15.599999999999987,0.0008858638236104444,-0.007559208239865112,0.0,0.07839495622162725,-6.944725567024912e-05,0.0,0.0,0.0,0.0,0.0,112457.22962904384,482.72670928231065,0.08191111559594347,-0.0005265407759792035,-0.007130468298323311,,,-0.00644483168937148,154.66673305091552,9.75609756097561,69.7560975609756,51.03658536585367,4.878048780487804,52.68292682926829,51.829268292682926,48.048780487804876,41.923170731707316,Slight Wait,Economic Softening
2010-06-30,156.08,4.922307692307692,3.4925,0.19333333333333336,217.29733333333334,9.633333333333333,130424.0,73.93333333333334,602.0,599.6666666666666,7.933333333333334,335.6666666666667,8.366666666666667,285.09999999999997,315216.3333333333,122.355,314.75,1041.5,198465.0,122.355,-0.004069838427414485,-0.015678487715215628,0.08297783952011684,-0.3288912579957356,112383.04131794783,734.6732994645312,1533.3333333333333,628.0,142898.66666666666,57.0,401.3333333333333,70719.59,Wichita Composite,0.002633776578660152,-0.01140106409931585,0.01245459263103288,0.09040100600810419,0.008063012887558943,-0.00285686915014019,1.429807692307692,3.299166666666667,-0.07352564102564152,-0.08999999999999986,0.17170634920634908,0.01775273566362401,0.0028761718630547772,-0.007669365146996121,0.3333333333333339,-0.1999999999999993,-0.03671584637909697,-0.03048841126650248,0.0,0.0,0.1266375545851528,0.07210965435041694,-1.5666666666666664,-0.08951175406871614,5.733333333333334,-0.002746385161054965,-0.018335651544879483,0.0,0.07844670770772623,0.00021544487398211798,0.0,0.0,0.0,0.0,0.0,112383.04131794783,478.3772567890304,0.08117308204796386,-0.0010634848282874837,-0.018003587903639207,,,-0.01660446325793178,153.48837537470203,2.4390243902439024,70.97560975609758,51.524390243902445,7.195121951219511,53.78048780487805,56.829268292682926,59.512195121951216,42.81341463414635,Slight Wait,Neutral / Transition
2010-09-30,158.01,4.4471428571428575,2.78453125,0.18666666666666668,217.93433333333334,9.466666666666667,130390.33333333333,68.3,579.6666666666666,574.0,8.433333333333334,294.0,8.533333333333333,280.93333333333334,314698.0,122.355,314.75,1041.5,198465.0,122.355,-0.004069838427414485,-0.015678487715215628,0.08297783952011684,-0.3288912579957356,112270.35014913471,734.6732994645312,1533.3333333333333,628.0,142898.66666666666,57.0,401.3333333333333,70719.59,Wichita Composite,0.012365453613531363,0.0036841770945816865,0.028844901679906165,0.09258747061263994,0.007489963632118684,0.0009470607594498914,1.6626116071428574,2.5978645833333336,-0.47516483516483454,-0.7151648351648348,-0.7332812499999997,0.012028815910047896,-0.011496884375449934,-0.000534007869589681,-0.16666666666666607,-1.2333333333333343,-0.015190465061930336,-0.026803532846233713,0.0,0.0,-0.014730878186968943,-0.053846153846153766,0.7000000000000002,-0.274074074074074,-0.09999999999999432,-0.007330613837925881,-0.03071301569899121,0.0,0.07852544845423126,0.0005756397390679208,0.0,0.0,0.0,0.0,0.0,112270.35014913471,452.26943473424376,0.07674299606107622,-0.0072046172974828265,-0.03170685399658246,,,-0.021115177226701944,154.6735908464088,1.2195121951219512,68.78048780487805,52.743902439024396,7.987804878048778,63.84146341463414,71.95121951219511,79.14634146341463,47.073170731707314,Slight Wait,Neutral / Transition
2010-12-31,156.22,4.436153846153847,2.8783870967741936,0.18666666666666668,219.69899999999998,9.5,130733.0,71.26666666666667,542.3333333333334,583.3333333333334,7.8,301.3333333333333,8.033333333333333,285.5,314694.0,122.355,314.75,1041.5,198465.0,122.355,-0.004069838427414485,-0.015678487715215628,0.08297783952011684,-0.3288912579957356,111159.53604649827,734.6732994645312,1533.3333333333333,628.0,142898.66666666666,57.0,401.3333333333333,70719.59,Wichita Composite,-0.011328396936902685,-0.0021716913643331504,0.005664992918758882,0.06846316941385666,0.008895065788843725,-0.0005034720643076196,1.557766749379653,2.691720430107527,-0.01098901098901095,-0.4859890109890106,-0.5856451612903228,0.012297839008431843,-0.005454896655192165,0.00582931120263841,-0.43333333333333357,-0.7666666666666657,-0.011084170419120132,-0.012571880406065494,0.0,0.0,-0.04462712859659412,-0.06417112299465244,0.13333333333333286,-0.19501335707925205,1.0999999999999943,-0.013705257135007365,-0.04453643112581407,0.0,0.0793101510417117,0.001086966013442936,0.0,0.0,0.0,0.0,0.0,111159.53604649827,447.21597043057545,0.07588550280292782,-0.00551799654077921,-0.007809499423889421,,,-0.013139485639370254,154.16734955341758,4.878048780487805,71.95121951219514,50.67073170731708,10.792682926829265,63.78048780487805,72.56097560975608,67.1951219512195,47.703658536585365,Slight Wait,Neutral / Transition
2011-03-31,154.56,4.846923076923077,3.4574193548387098,0.15666666666666668,222.04366666666667,9.033333333333333,131059.0,73.06666666666666,582.3333333333334,567.0,7.533333333333334,292.3333333333333,8.133333333333333,280.90000000000003,313730.3333333333,120.8575,265.5,1041.5,198465.0,120.8575,-0.012238976747987462,-0.015678487715215628,0.08297783952011684,-0.15647339158061957,110096.15294026682,734.6732994645312,1533.3333333333333,628.0,142898.66666666666,57.0,401.3333333333333,70719.59,Wichita Composite,-0.010626040199718356,-0.007130468298323311,-0.006300630063006185,0.0674770357068859,0.007770298095545474,-0.0017388017361073815,1.3895037220843673,3.300752688172043,0.41076923076923055,-0.14891025641025646,-0.26044949762030667,0.02148217664792762,0.009453360737879724,0.00976695927308957,-0.8000000000000007,-0.9000000000000004,-0.001895060997275766,-0.008241202429474015,0.0,0.0,-0.05771305285868389,-0.13786112519006588,-0.29999999999999893,-0.17419962335216577,-0.7999999999999972,-0.020995330371958887,-0.04914895208785619,0.0,0.08007618212016525,0.0016812258985380024,0.0,0.0,0.0,0.0,0.0,110096.15294026682,464.6104683382437,0.07883707498953153,-0.0030740406064119347,-0.010028467908902772,,,-0.010216270917267413,152.98097316702714,7.317073170731707,72.92682926829269,52.25609756097561,16.219512195121947,56.64634146341464,66.58536585365853,75.91463414634146,48.1280487804878,Neutral / Fair Value,Neutral / Transition
2011-06-30,153.27,4.650769230769231,3.2014285714285715,0.09333333333333334,224.56833333333336,9.066666666666666,131743.66666666666,71.86666666666666,574.3333333333334,611.6666666666666,6.633333333333333,305.3333333333333,7.566666666666667,284.56666666666666,311879.3333333333,120.8575,265.5,1041.5,198465.0,120.8575,-0.012238976747987462,-0.015678487715215628,0.08297783952011684,-0.15647339158061957,109403.84445340949,734.6732994645312,1533.3333333333333,628.0,142898.66666666666,57.0,401.3333333333333,70719.59,Wichita Composite,-0.008346273291925388,-0.018003587903639207,-0.024627720504008965,0.04421583321978484,0.007873601738102207,-0.0044838142037537665,1.4493406593406593,3.1080952380952382,-0.19615384615384635,-0.2715384615384613,-0.29107142857142865,0.033461064102642935,0.02116322509421109,0.01011828088899791,-0.5666666666666664,-0.7999999999999998,-0.0018706886472581452,-0.010586380358885816,0.0,0.0,-0.04595791805094129,0.020011117287381808,-1.3000000000000007,-0.09036742800397235,-2.066666666666677,-0.026509309853163465,-0.05753947399369819,0.0,0.0805829049026588,0.0021361971949325764,0.0,0.0,0.0,0.0,0.0,109403.84445340949,451.3415454682017,0.0765855478746189,-0.004587534173344968,-0.014614732171984168,,,-0.008299435832320288,151.99794546998027,8.536585365853659,76.34146341463415,51.03658536585366,15.731707317073173,60.42682926829268,70.60975609756096,72.92682926829269,49.59512195121951,Neutral / Fair Value,Neutral / Transition
2011-09-30,153.0,4.291538461538462,2.41421875,0.08333333333333333,226.03266666666664,9.0,132153.66666666666,59.666666666666664,619.3333333333334,626.0,6.5,299.6666666666667,7.766666666666667,280.09999999999997,311235.6666666667,120.8575,265.5,1041.5,198465.0,120.8575,-0.012238976747987462,-0.015678487715215628,0.08297783952011684,-0.15647339158061957,109089.5955315976,734.6732994645312,1533.3333333333333,628.0,142898.66666666666,57.0,401.3333333333333,70719.59,Wichita Composite,-0.0017615971814445297,-0.03170685399658246,-0.013285179930349611,0.02857142857142847,0.007899166880160005,-0.00801557690249774,1.8773197115384619,2.3308854166666664,-0.359230769230769,-0.15560439560439576,-0.37031250000000027,0.037159511351278374,0.015677334703350754,0.01352349739627945,-0.4666666666666668,-0.7666666666666666,-0.002966302800189946,-0.011002082419758974,0.0,0.0,0.06843013225991967,0.09059233449477344,-1.9333333333333336,0.01927437641723362,-8.633333333333333,-0.028331207779364265,-0.06930843253414176,0.0,0.08081503603174339,0.002289587577512131,0.0,0.0,0.0,0.0,0.0,109089.5955315976,431.44910048905405,0.07321011343347224,-0.0035328826276039837,-0.0016339869281045694,,,-0.0029482447790270105,152.54891854880887,12.195121951219512,77.8048780487805,50.79268292682927,13.65853658536585,50.67073170731707,74.6341463414634,71.34146341463415,49.826829268292684,Neutral / Fair Value,Correction
2011-12-31,155.0,4.002307692307692,2.0467213114754097,0.07333333333333335,227.04733333333334,8.633333333333333,132710.33333333334,64.8,671.6666666666666,691.3333333333334,5.666666666666667,328.3333333333333,6.833333333333333,285.3,311064.0,120.8575,265.5,1041.5,198465.0,120.8575,-0.012238976747987462,-0.015678487715215628,0.08297783952011684,-0.15647339158061957,108402.39653644006,734.6732994645312,1533.3333333333333,628.0,142898.66666666666,57.0,401.3333333333333,70719.59,Wichita Composite,0.013071895424836555,-0.007809499423889421,-0.003535840565734527,0.04334948842218633,0.009749268486886365,-0.0019155038120629297,1.9555863808322824,1.9733879781420764,-0.2892307692307696,-0.43384615384615444,-0.8316657852987839,0.03344727710792195,-1.3786994720987877e-05,0.015124974821455472,-0.8666666666666671,-1.2000000000000002,-0.0007005253940455258,-0.01153501496692022,0.0,0.0,0.238475722188076,0.18514285714285705,-2.133333333333333,0.08960176991150437,-6.466666666666669,-0.024803445643249877,-0.07722935033941047,0.0,0.08132734953521807,0.0020171984935063725,0.0,0.0,0.0,0.0,0.0,108402.39653644006,414.1390817076162,0.07027287602333943,-0.005612626779588389,-0.011225806451612974,,,-0.0005925641914944106,154.90815255031836,15.853658536585366,74.63414634146343,47.86585365853659,16.28048780487805,59.329268292682926,84.87804878048779,70.48780487804878,52.09268292682926,Neutral / Fair Value,Neutral / Transition
2012-03-31,153.01,3.9223076923076925,2.04,0.10333333333333333,228.32600000000002,8.266666666666667,133501.0,75.5,707.3333333333334,752.0,5.0,351.6666666666667,7.166666666666667,282.43333333333334,309442.3333333333,118.89,327.5,1041.5,198465.0,118.89,-0.016279502720145667,-0.015678487715215628,0.08297783952011684,0.2335216572504708,107395.40456272806,734.6732994645312,1533.3333333333333,628.0,142898.66666666666,57.0,401.3333333333333,70719.59,Wichita Composite,-0.012838709677419402,-0.010028467908902772,-0.029924554618652177,0.017962876721442367,0.010516322629867592,-0.002468671181488191,1.8823076923076925,1.9366666666666668,-0.07999999999999963,-0.9246153846153846,-1.4174193548387097,0.028293233613208235,-0.008866277738070139,0.018632829489008795,-0.7666666666666657,-0.9666666666666659,0.005458644832087245,-0.013667789003507291,0.0,0.0,0.21465369204350315,0.32627865961199287,-2.533333333333334,0.20296465222348936,2.433333333333337,-0.024530815159400476,-0.04416512285581797,0.0,0.0820899146427167,0.0020137325225514507,0.0,0.0,0.0,0.0,0.0,107395.40456272806,406.3387751701828,0.06894928692378158,-0.009887788065749956,0.014443500424808908,,,0.018854751326099914,155.89496550040653,29.268292682926827,76.09756097560975,51.707317073170735,16.890243902439025,70.45731707317073,89.6341463414634,66.95121951219512,57.22621951219511,Neutral / Fair Value,Neutral / Transition
2012-06-30,151.03,3.7946153846153843,1.82578125,0.15333333333333335,228.808,8.2,133923.33333333334,76.3,739.3333333333334,774.0,4.8,361.3333333333333,6.666666666666667,286.46666666666664,308676.6666666667,118.89,327.5,1041.5,198465.0,118.89,-0.016279502720145667,-0.015678487715215628,0.08297783952011684,0.2335216572504708,106957.81008884149,734.6732994645312,1533.3333333333333,628.0,142898.66666666666,57.0,401.3333333333333,70719.59,Wichita Composite,-0.012940330697340019,-0.014614732171984168,-0.043387382822396736,-0.020303580695381407,0.010946753819664885,-0.003617185532841849,1.9688341346153844,1.6724479166666666,-0.12769230769230822,-0.8561538461538465,-1.3756473214285716,0.0188791830252113,-0.014568094082710648,0.01654475483957496,-0.8666666666666671,-0.9000000000000004,0.006676818554527175,-0.010268928795110766,0.0,0.0,0.2872896111433545,0.26539509536784744,-1.833333333333333,0.1834061135371179,4.433333333333337,-0.02235784653444839,-0.05088827019206099,0.0,0.0824257675643466,0.0018428626616877886,0.0,0.0,0.0,0.0,0.0,106957.81008884149,398.43998416323996,0.06760898656169924,-0.008976561312919656,0.013904522280341558,,,0.01707583585607587,153.60896348934313,26.82926829268293,78.78048780487805,50.97560975609756,22.286585365853654,71.28048780487805,91.82926829268294,63.231707317073166,58.05,Neutral / Fair Value,Neutral / Transition
2012-09-30,152.75,3.553846153846154,1.6412698412698414,0.14333333333333334,229.841,8.033333333333333,134337.66666666666,74.96666666666665,780.3333333333334,873.0,4.566666666666666,376.3333333333333,6.766666666666667,281.8333333333333,308340.6666666667,118.89,327.5,1041.5,198465.0,118.89,-0.016279502720145667,-0.015678487715215628,0.08297783952011684,0.2335216572504708,106330.28715031763,734.6732994645312,1533.3333333333333,628.0,142898.66666666666,57.0,401.3333333333333,70719.59,Wichita Composite,0.011388465867708364,-0.0016339869281045694,-0.029727497935590486,-0.005404349524677721,0.010740968002841746,-0.00032966977055362556,1.9125763125763127,1.4979365079365081,-0.24076923076923018,-0.7376923076923076,-0.7729489087301584,0.016848597105433294,-0.011444636507774941,0.01652621569334678,-0.9666666666666668,-1.0,0.0061882660954422075,-0.00930163316757826,0.0,0.0,0.25995694294940797,0.3945686900958467,-1.9333333333333336,0.25583982202447153,15.29999999999999,-0.025293964725359608,-0.05985132552152839,0.0,0.08291221466477568,0.0020971786330322845,0.0,0.0,0.0,0.0,0.0,106330.28715031763,384.5378016766867,0.0652500052689819,-0.007960108164490332,0.009950900163666176,,,0.012175370580160876,154.60978785611957,24.390243902439025,76.82926829268294,50.24390243902439,21.15853658536585,74.14634146341464,94.8780487804878,65.36585365853658,57.85609756097561,Neutral / Fair Value,Neutral / Transition
2012-12-31,153.26,3.3592307692307695,1.7070491803278687,0.16,231.36933333333332,7.8,134856.0,79.39999999999999,908.0,915.0,4.666666666666667,383.0,5.933333333333334,288.1666666666667,308294.3333333333,118.89,327.5,1041.5,198465.0,118.89,-0.016279502720145667,-0.015678487715215628,0.08297783952011684,0.2335216572504708,105116.12601139494,734.6732994645312,1533.3333333333333,628.0,142898.66666666666,57.0,401.3333333333333,70719.59,Wichita Composite,0.0033387888707037128,-0.011225806451612974,-0.02107818088911606,-0.013389983262521055,0.010595849460683026,-0.002762946409086836,1.6521815889029008,1.5470491803278688,-0.19461538461538463,-0.6430769230769227,-0.339672131147541,0.01903567831670916,0.00015649529149786012,0.016168045191155667,-0.833333333333333,-0.8999999999999995,0.010047902792382324,-0.00890384829702795,0.0,0.0,0.3518610421836228,0.32352941176470584,-1.0,0.1664974619289341,14.599999999999994,-0.030315478532252027,-0.06732713932878187,0.0,0.08386990586600082,0.00254255633078275,0.0,0.0,0.0,0.0,0.0,105116.12601139494,371.0378803445826,0.06295928135520852,-0.007313594668130904,0.0009134803601722474,,,0.010223376444771325,154.82683467392562,21.951219512195124,80.0,50.487804878048784,30.853658536585364,80.85365853658537,96.21951219512195,64.45121951219512,60.08902439024391,Slight Buy,Neutral / Transition
2013-03-31,155.22,3.496923076923077,1.951,0.14333333333333334,232.29933333333335,7.733333333333333,135497.33333333334,76.66666666666667,953.3333333333334,952.0,4.1000000000000005,445.6666666666667,6.466666666666666,285.46666666666664,308587.0,120.545,376.0,1041.5,198465.0,120.545,0.013920430650180782,-0.015678487715215628,0.08297783952011684,0.14809160305343516,105469.74012468697,734.6732994645312,1533.3333333333333,628.0,142898.66666666666,57.0,401.3333333333333,70719.59,Wichita Composite,0.012788725042411686,0.014443500424808908,-0.0028907303912121263,-0.0020573485920020174,0.011196659885530787,0.003643912270870936,1.545923076923077,1.8076666666666668,0.13769230769230756,-0.42538461538461547,-0.08899999999999997,0.01740201875096714,0.000553421645533847,0.014953695727622618,-0.5333333333333341,-0.7000000000000011,0.010739997639560794,-0.002764112214769132,0.0,0.0,0.347785108388313,0.26595744680851063,-0.8999999999999995,0.26729857819905223,1.1666666666666714,-0.017930603696514225,-0.06213464023083348,0.0,0.08358871068755788,0.001498796044841183,0.0,0.0,0.0,0.0,0.0,105469.74012468697,378.7401058848139,0.0642662276551344,-0.004683059268647177,-0.01900528282437819,,,-0.0013081298772390667,155.01695208045496,13.414634146341465,72.1951219512195,46.585365853658544,35.1219512195122,80.85365853658536,93.17073170731706,57.80487804878048,55.91463414634146,Neutral / Fair Value,Neutral / Transition
2013-06-30,153.13,3.6723076923076925,1.98625,0.11666666666666665,232.045,7.533333333333334,136082.66666666666,81.66666666666667,868.0,985.6666666666666,4.366666666666666,446.3333333333333,6.066666666666666,288.93333333333334,308427.0,120.545,376.0,1041.5,198465.0,120.545,0.013920430650180782,-0.015678487715215628,0.08297783952011684,0.14809160305343516,105581.91866487596,734.6732994645312,1533.3333333333333,628.0,142898.66666666666,57.0,401.3333333333333,70719.59,Wichita Composite,-0.01346475969591554,0.013904522280341558,-0.018900563813429083,-0.02551864579355978,0.011903999427593124,0.0035128050212270556,1.6860576923076924,1.8695833333333334,0.17538461538461547,-0.12230769230769178,0.16046875000000016,0.01414723261424422,-0.004888445702464939,0.016123652836199653,-0.6666666666666652,-0.6000000000000005,0.008610658599022658,-0.0008088290876105964,0.0,0.0,0.17403065825067632,0.27347114556416874,-0.43333333333333357,0.23523985239852396,5.366666666666674,-0.012863870556275248,-0.06051733938958381,0.0,0.08349989946249411,0.0010741318981475206,0.0,0.0,0.0,0.0,0.0,105581.91866487596,387.4587018700674,0.06574563600327446,-0.0018633505584247784,-0.001371383791549663,,,0.00910031234161109,154.52353082887092,19.51219512195122,73.90243902439025,47.31707317073172,34.512195121951216,65.30487804878048,87.4390243902439,52.3170731707317,54.6109756097561,Neutral / Fair Value,Neutral / Transition
2013-09-30,154.27,4.4399999999999995,2.7065625,0.08333333333333333,233.29999999999998,7.233333333333333,136619.33333333334,81.56666666666666,882.3333333333334,988.3333333333334,5.466666666666666,386.3333333333333,6.233333333333333,284.3333333333333,307284.0,120.545,376.0,1041.5,198465.0,120.545,0.013920430650180782,-0.015678487715215628,0.08297783952011684,0.14809160305343516,105244.46978388447,734.6732994645312,1533.3333333333333,628.0,142898.66666666666,57.0,401.3333333333333,70719.59,Wichita Composite,0.007444654868412615,0.009950900163666176,-0.02366938801341678,-0.005094802012124311,0.012157435389701703,0.0025268522714031183,1.7334374999999995,2.6232291666666665,0.767692307692307,0.8861538461538454,1.0652926587301585,0.015049534243237517,-0.002352484507729624,0.016984563773377204,-0.7999999999999998,-0.5333333333333332,0.008870490833826183,-0.0034269455212957434,0.0,0.0,0.13071337035454933,0.13211149293623525,0.8999999999999995,0.02657218777679371,6.6000000000000085,-0.01021174112788914,-0.06258001650406708,0.0,0.08376762799677606,0.0008554133320003848,0.0,0.0,0.0,0.0,0.0,105244.46978388447,423.61024832477995,0.07187998374845442,0.006629978479472512,0.017955532507940575,,,0.02033448463109972,157.40700094403977,30.48780487804878,72.6829268292683,53.170731707317074,31.737804878048777,35.609756097560975,59.756097560975604,46.951219512195124,49.34268292682927,Neutral / Fair Value,Neutral / Transition
2013-12-31,153.4,4.2930769230769235,2.7441935483870967,0.08666666666666667,234.1626666666667,6.933333333333334,137243.33333333334,76.93333333333334,1009.0,1026.0,5.033333333333334,441.0,5.2,290.8333333333333,306283.0,120.545,376.0,1041.5,198465.0,120.545,0.013920430650180782,-0.015678487715215628,0.08297783952011684,0.14809160305343516,104887.70453771488,734.6732994645312,1533.3333333333333,628.0,142898.66666666666,57.0,401.3333333333333,70719.59,Wichita Composite,-0.005639463278667267,0.0009134803601722474,-0.018051465881449236,-0.013821922211507576,0.011294117588379685,0.0002822892340603733,1.5488833746898267,2.65752688172043,-0.14692307692307605,0.933846153846154,1.037144368059228,0.012073049150852722,-0.002074183463391499,0.01770283363983327,-0.8666666666666663,-0.7333333333333334,0.009253903990745993,-0.006524068449738962,0.0,0.0,0.11123348017621137,0.12131147540983611,0.36666666666666714,0.15143603133159278,-2.4666666666666544,-0.002173039307549307,-0.056421893540108625,0.0,0.08405255537272571,0.00018264950672489122,0.0,0.0,0.0,0.0,0.0,104887.70453771488,414.9063982912138,0.07040307755594405,0.007443796200735528,0.023142112125162928,,,0.02230943031315984,156.82226661003872,32.926829268292686,73.90243902439025,49.75609756097562,34.390243902439025,43.536585365853654,64.14634146341463,57.6829268292683,51.86829268292683,Neutral / Fair Value,Neutral / Transition
2014-03-31,152.27,4.364615384615385,2.7654098360655737,0.07333333333333335,235.621,6.666666666666667,137752.66666666666,80.93333333333334,934.0,1027.3333333333333,5.333333333333333,422.6666666666667,5.7,287.23333333333335,307642.0,121.22,375.75,1041.5,198465.0,121.22,0.005599568625824336,-0.015678487715215628,0.08297783952011684,-0.0006648936170212671,105378.70894400233,734.6732994645312,1533.3333333333333,628.0,142898.66666666666,57.0,401.3333333333333,70719.59,Wichita Composite,-0.0073663624511082215,-0.01900528282437819,-0.014816252587991685,-0.03461611614784743,0.010637952063058984,-0.004756482639319604,1.599205548549811,2.6920765027322404,0.0715384615384611,0.8676923076923075,0.8144098360655736,0.014299079635757383,-0.0007504546074801333,0.016644854019267186,-1.0666666666666664,-0.7666666666666657,0.006188696870621291,-0.003062345464974192,0.0,0.0,-0.02027972027972036,0.07913165266106437,1.2333333333333325,-0.051608077786088224,4.266666666666666,-0.0008631023512244429,-0.04284839996928835,0.0,0.08366091862312709,7.220793556921012e-05,0.0,0.0,0.0,0.0,0.0,105378.70894400233,420.3960824542517,0.07133459045012874,0.007068362794994343,0.05017403296775447,,,0.03805001290428978,158.06387546493622,60.97560975609756,77.5609756097561,47.621951219512205,30.914634146341463,43.292682926829265,61.09756097560975,60.36585365853658,56.49634146341464,Neutral / Fair Value,Neutral / Transition
2014-06-30,152.92,4.227692307692307,2.620952380952381,0.09333333333333334,236.87233333333333,6.2,138553.33333333334,82.83333333333333,987.0,1039.3333333333333,5.533333333333334,424.0,5.166666666666667,290.9666666666667,308540.0,121.22,375.75,1041.5,198465.0,121.22,0.005599568625824336,-0.015678487715215628,0.08297783952011684,-0.0006648936170212671,106379.17577955163,734.6732994645312,1533.3333333333333,628.0,142898.66666666666,57.0,401.3333333333333,70719.59,Wichita Composite,0.004268733171340244,-0.001371383791549663,-0.0022835519018726824,-0.03141626551811505,0.009449560856218673,-0.00032310942250565744,1.6067399267399263,2.527619047619048,-0.13692307692307715,0.5553846153846149,0.6347023809523811,0.020803436115121476,0.008730386964268755,0.01815563089102712,-1.333333333333334,-0.8999999999999995,0.007037378864790167,0.00036637518764570665,0.0,0.0,0.1370967741935485,0.054447074737909995,1.1666666666666679,-0.050037341299477234,1.1666666666666572,0.007551076214159513,-0.027646822549695083,0.0,0.08287411073614478,-0.00062578872634933,0.0,0.0,0.0,0.0,0.0,106379.17577955163,417.5466188007188,0.07085108137092742,0.005105445367652964,0.04551399424535707,,,0.039019107993723455,158.88680199440017,64.63414634146342,74.14634146341464,49.69512195121952,37.256097560975604,47.80487804878049,64.51219512195122,68.84146341463415,59.112195121951224,Neutral / Fair Value,Neutral / Transition
2014-09-30,157.04,4.135384615384615,2.49953125,0.09000000000000001,237.47833333333332,6.066666666666666,139301.33333333334,82.96666666666665,1030.6666666666667,1066.6666666666667,5.666666666666667,442.6666666666667,5.466666666666666,288.03333333333336,308649.6666666667,121.22,375.75,1041.5,198465.0,121.22,0.005599568625824336,-0.015678487715215628,0.08297783952011684,-0.0006648936170212671,107387.77680161926,734.6732994645312,1533.3333333333333,628.0,142898.66666666666,57.0,401.3333333333333,70719.59,Wichita Composite,0.026942191995814824,0.017955532507940575,0.026405228758169974,-0.0024772914946326052,0.012769341106247944,0.004551274859344895,1.6358533653846155,2.40953125,-0.09230769230769198,-0.30461538461538407,-0.20703125,0.017909701385912413,0.0036106217501550297,0.019631189338746635,-1.166666666666667,-0.7666666666666675,0.013012895662368296,0.004444314271705219,0.0,0.0,0.16811484699660006,0.07925801011804379,0.20000000000000107,0.1458153580672994,1.3999999999999915,0.020365032216286272,-0.015600192866105367,0.0,0.08209574549495134,-0.0016718825018247202,0.0,0.0,0.0,0.0,0.0,107387.77680161926,416.88215119787776,0.07073833168962848,-0.0011416520588259371,0.029228222109016766,,,0.03185056528782345,162.04181277279977,46.34146341463415,67.07317073170734,50.79268292682927,46.49390243902439,63.53658536585367,73.78048780487805,50.914634146341456,57.69146341463415,Neutral / Fair Value,Neutral / Transition
2014-12-31,156.95,3.9635714285714285,2.2759677419354842,0.09999999999999999,236.88833333333332,5.7,140083.66666666666,89.76666666666667,1049.3333333333333,1075.0,5.366666666666667,471.6666666666667,4.566666666666666,293.9,308225.3333333333,121.22,375.75,1041.5,198465.0,121.22,0.005599568625824336,-0.015678487715215628,0.08297783952011684,-0.0006648936170212671,107364.8494723498,734.6732994645312,1533.3333333333333,628.0,142898.66666666666,57.0,401.3333333333333,70719.59,Wichita Composite,-0.0005731023942944224,0.023142112125162928,0.012580645161290205,0.002491057741440983,0.012852734246521126,0.005817865080438106,1.6876036866359443,2.175967741935484,-0.1718131868131869,-0.32950549450549493,-0.4682258064516125,0.011640056484950367,-0.009163379630171109,0.02069560148641081,-1.2333333333333334,-0.6333333333333337,0.010544412607449871,0.006341629582227171,0.0,0.0,0.03997357119259992,0.04775828460038989,0.33333333333333304,0.06953892668178385,12.833333333333329,0.02361711456602822,-0.009571255777002019,0.0,0.08211327670929043,-0.0019392786634352815,0.0,0.0,0.0,0.0,0.0,107364.8494723498,408.25916232735136,0.06927514636224866,-0.0011279311936953917,0.020388658808537796,,,0.027132255048913288,161.20840742992692,35.36585365853659,63.90243902439024,48.23170731707318,50.15243902439024,63.475609756097555,78.53658536585365,46.036585365853654,55.521951219512204,Neutral / Fair Value,Neutral / Transition
2015-03-31,159.91,3.716666666666667,1.9688524590163934,0.11,235.35500000000002,5.533333333333334,140772.66666666666,95.5,977.0,1082.6666666666667,4.8,511.6666666666667,5.066666666666666,290.56666666666666,307956.6666666667,127.35,503.25,1041.5,198465.0,127.35,0.0505692130011548,-0.015678487715215628,0.08297783952011684,0.3393213572854292,107716.83786348235,734.6732994645312,1533.3333333333333,628.0,142898.66666666666,57.0,401.3333333333333,70719.59,Wichita Composite,0.018859509397897378,0.05017403296775447,0.04509509182406379,0.027237104130532597,0.013663504704064732,0.012374333042689506,1.7478142076502734,1.8588524590163933,-0.24690476190476174,-0.6479487179487178,-0.7965573770491803,-0.0011289316317305564,-0.01903863301764297,0.021923350546148024,-1.1333333333333329,-0.6333333333333337,0.011604966925844229,0.0010228339000093456,0.0,0.0,0.04603854389721618,0.0538611291369242,-0.5333333333333332,0.2105678233438486,14.566666666666663,0.022187868336121852,0.0029929893375144623,0.0,0.08184495356935426,-0.0018159650537728361,0.0,0.0,0.0,0.0,0.0,107716.83786348235,397.4545949930129,0.06744178154760448,-0.0038928089025242613,0.018760552810956233,,,0.03197922529270513,165.02379791655648,47.5609756097561,56.34146341463415,53.170731707317074,46.95121951219512,72.3780487804878,88.65853658536585,44.08536585365854,59.10243902439024,Neutral / Fair Value,Expansion
2015-06-30,159.88,3.819230769230769,2.164375,0.12333333333333334,236.96,5.433333333333334,141481.0,94.23333333333333,1158.0,1272.3333333333333,5.1000000000000005,494.6666666666667,4.766666666666667,294.3,308293.0,127.35,503.25,1041.5,198465.0,127.35,0.0505692130011548,-0.015678487715215628,0.08297783952011684,0.3393213572854292,108222.10291197832,744.2237839915942,1533.3333333333333,628.0,142898.66666666666,57.0,401.3333333333333,70719.59,Wichita Composite,-0.0001876055281095912,0.04551399424535707,0.05859762961001125,0.02434648898001024,0.011966597801912343,0.011260248367827047,1.6548557692307688,2.0410416666666666,0.1025641025641022,-0.40846153846153843,-0.456577380952381,0.0003701009123058263,-0.011269955572644541,0.02113025068565655,-0.7666666666666666,-0.40000000000000036,0.011456065986940045,-0.0008005444999027445,0.0,0.0,0.17325227963525847,0.22418216805644642,-0.43333333333333357,0.16666666666666674,11.400000000000006,0.017324134342286746,0.011820481572001773,0.012999634713857233,0.08252182472523972,-0.00035228601090506184,0.0,0.0,0.0,0.0,0.0,108222.10291197832,404.36346002738134,0.06861410707172617,-0.00223697429920125,0.031523642732048884,,,0.036630200428760896,165.7364364445503,58.536585365853654,59.268292682926834,54.390243902439025,46.82926829268292,71.03658536585365,83.53658536585365,47.68292682926829,61.130487804878044,Slight Buy,Expansion
2015-09-30,161.63,3.9546153846153844,2.223125,0.1366666666666667,237.855,5.1000000000000005,142130.33333333334,90.73333333333333,1166.6666666666667,1149.6666666666667,5.366666666666667,493.3333333333333,4.7,290.2666666666667,308673.3333333333,127.35,503.25,1041.5,198465.0,127.35,0.0505692130011548,-0.015678487715215628,0.08297783952011684,0.3393213572854292,109069.7233604737,752.6540482468077,1533.3333333333333,628.0,142898.66666666666,57.0,401.3333333333333,70719.59,Wichita Composite,0.010945709281961369,0.029228222109016766,0.058134206219312645,0.02290994240870825,0.012112320851794006,0.007261127689363683,1.7314903846153844,2.0864583333333333,0.13538461538461544,-0.18076923076923102,-0.27640624999999996,0.0015861096099996086,0.002715041241730165,0.020308491902446546,-0.9666666666666659,-0.7666666666666657,0.007753732206920549,7.667808918188079e-05,0.0,0.0,0.1319534282018111,0.07781250000000006,-0.2999999999999998,0.11445783132530107,7.76666666666668,0.015662365019079916,0.025763461037995317,0.02447448246095485,0.08280802683538105,0.0007122813404297074,0.0,0.0,0.0,0.0,0.0,109069.7233604737,414.2926405913791,0.07029893254608163,-0.00043939914354684806,0.03780238817051296,,,0.038671761742619756,167.88051685045963,62.19512195121951,63.41463414634146,56.463414634146346,42.4390243902439,58.475609756097555,74.51219512195121,53.048780487804876,60.08658536585366,Slight Buy,Neutral / Transition
2015-12-31,160.15,3.8978571428571427,2.190483870967742,0.16,237.837,5.033333333333333,142821.33333333334,91.3,1125.3333333333333,1205.0,5.3999999999999995,510.6666666666667,4.1000000000000005,296.73333333333335,310208.6666666667,127.35,503.25,1041.5,198465.0,127.35,0.0505692130011548,-0.015678487715215628,0.08297783952011684,0.3393213572854292,110046.17338942747,744.1631835689874,1533.3333333333333,628.0,142898.66666666666,57.0,401.3333333333333,70719.59,Wichita Composite,-0.00915671595619616,0.020388658808537796,0.04495628343990621,0.025156830111381367,0.01264346774957298,0.005115224298888249,1.7073732718894008,2.0304838709677417,-0.056758241758241734,-0.06571428571428584,-0.08548387096774235,0.0040046998234049,0.003634598911099074,0.019543082586359173,-0.666666666666667,-0.4666666666666659,0.009640467279119935,0.006434686311746152,0.0,0.0,0.07242693773824649,0.12093023255813962,0.03333333333333233,0.08268551236749122,1.5333333333333314,0.02497394566522626,0.046900961489943827,0.012917148494947295,0.08114737594034126,-0.0009659007689491739,0.0,0.0,0.0,0.0,0.0,110046.17338942747,415.1341770794391,0.0704417280268914,0.0011665816646427435,0.053637215110833525,,,0.04500366740523181,167.35733733494789,71.95121951219512,62.926829268292686,57.19512195121952,55.42682926829268,58.109756097560975,71.34146341463415,44.02439024390244,62.35,Slight Buy,Neutral / Transition
2016-03-31,162.91,3.7384615384615385,1.9142622950819672,0.36000000000000004,237.68933333333334,4.8999999999999995,143426.0,91.56666666666666,1142.6666666666667,1153.6666666666667,5.533333333333334,518.0,4.466666666666667,293.76666666666665,313091.3333333333,128.7125,521.75,1041.5,198465.0,128.7125,0.010698861405575188,-0.015678487715215628,0.08297783952011684,0.03676105315449574,111067.66507482661,748.5263115911721,1533.3333333333333,628.0,142898.66666666666,57.0,401.3333333333333,70719.59,Wichita Composite,0.01723384327193256,0.018760552810956233,0.04954258471846407,0.054024327122153215,0.012054284846832743,0.004708807767397044,1.8241992433795713,1.5542622950819671,-0.15939560439560418,0.021794871794871717,-0.05459016393442617,0.009918350293528055,0.008332240683528447,0.018848355978196674,-0.6333333333333346,-0.5999999999999996,0.011012963175404344,0.016673341487438487,0.0,0.0,0.16956670078471525,0.06557881773399021,0.7333333333333343,0.01237785016286641,-3.933333333333337,0.031107738379686056,0.053076123478845494,0.01885601686727645,0.08087246394387289,-0.0009724896254813681,0.0,0.0,0.0,0.0,0.0,111067.66507482661,410.91579615914173,0.06972593525937722,0.002284153711772735,0.019458596771223524,,,0.029073234573690723,167.64632064439996,39.02439024390244,61.46341463414634,50.60975609756098,60.03048780487805,55.97560975609757,73.29268292682927,49.512195121951216,55.925609756097565,Neutral / Fair Value,Neutral / Transition
2016-06-30,164.92,3.589230769230769,1.75015625,0.37333333333333335,239.59033333333332,4.933333333333334,143967.0,92.39999999999999,1171.3333333333333,1191.0,5.133333333333333,568.0,4.3,296.5333333333333,315765.3333333333,128.7125,521.75,1041.5,198465.0,128.7125,0.010698861405575188,-0.015678487715215628,0.08297783952011684,0.03676105315449574,111028.2945285979,753.2159084885449,1533.3333333333333,628.0,142898.66666666666,57.0,401.3333333333333,70719.59,Wichita Composite,0.012338100791848161,0.031523642732048884,0.07699340429700241,0.0760096561623278,0.011983069308748677,0.007840234347386482,1.839074519230769,1.3768229166666668,-0.1492307692307695,-0.22999999999999998,-0.4142187500000001,0.011100326356065615,0.007095626532660715,0.01757126398597686,-0.5,-0.4666666666666668,0.0075886283837351964,0.024237765156306823,0.0,0.0,0.011514104778353351,-0.06392454807440395,0.03333333333333233,0.1482479784366577,-1.8333333333333428,0.025929930588227235,0.0515843615326701,0.012082554589591288,0.0814079955045553,-0.0011138292206844258,0.0,0.0,0.0,0.0,0.0,111028.2945285979,403.2906690237733,0.06843207134381407,-0.00018203572791210265,0.0393524132912928,,,0.03497667917395399,170.6883539293685,51.21951219512195,58.04878048780488,47.31707317073171,63.6890243902439,65.73170731707317,78.90243902439025,47.80487804878048,59.05487804878049,Neutral / Fair Value,Expansion
2016-09-30,167.74,3.446153846153846,1.564375,0.39666666666666667,240.60733333333334,4.8999999999999995,144716.0,90.33333333333333,1159.3333333333333,1234.0,4.8999999999999995,587.0,4.866666666666667,292.0333333333333,316390.6666666667,128.7125,521.75,1041.5,198465.0,128.7125,0.010698861405575188,-0.015678487715215628,0.08297783952011684,0.03676105315449574,111342.6349740163,760.5039305253955,1533.3333333333333,628.0,142898.66666666666,57.0,401.3333333333333,70719.59,Wichita Composite,0.01709919961193318,0.03780238817051296,0.08731444869384841,0.09633986928104576,0.010334089992060085,0.009378606929879435,1.8817788461538458,1.1677083333333333,-0.1430769230769231,-0.5084615384615385,-0.65875,0.011571475618899596,0.0016531253253715406,0.018192222631340682,-0.20000000000000107,0.16666666666666696,0.006086357372530715,0.025001619835424815,0.0,0.0,-0.00628571428571445,0.0733545955349375,-0.4666666666666677,0.18986486486486487,-0.4000000000000057,0.02083907012426045,0.05794285631020979,0.01042960214838784,0.08196363565883334,-0.0008443911765477069,0.0,0.0,0.0,0.0,0.0,111342.6349740163,397.3100198574229,0.0674172494253583,-0.00288168312072333,0.04256587576010484,,,0.039708127153378577,174.40064124870773,65.85365853658537,56.34146341463415,46.341463414634156,55.09146341463415,72.92682926829268,88.04878048780488,47.3170731707317,62.293902439024386,Slight Buy,Expansion
2016-12-31,168.74,3.8423076923076924,2.138688524590164,0.45,242.13466666666667,4.766666666666667,145218.66666666666,93.06666666666666,1235.0,1244.0,5.266666666666667,569.0,4.133333333333334,296.5333333333333,315997.0,128.7125,521.75,1021.0,198465.0,128.7125,0.010698861405575188,-0.015678487715215628,0.08297783952011684,0.03676105315449574,112316.87601068233,761.7207028077061,1486.1666666666667,449.0,140195.83333333334,67.66666666666667,320.6666666666667,70719.59,Wichita Composite,0.005961607249314493,0.053637215110833525,0.10000000000000009,0.08864516129032274,0.009773817709570974,0.013158187731257098,1.7036191677175285,1.688688524590164,0.3961538461538465,-0.05554945054945026,-0.05179534637757799,0.018069798503457024,0.006969472147391409,0.016785540908921037,-0.2666666666666666,0.033333333333333215,-0.0006740058413841066,0.018659482971677077,-0.019683149303888592,0.0,0.09745260663507116,0.032365145228215875,-0.13333333333333286,0.11422976501305482,1.7666666666666657,0.02063408977629222,0.07082976508744276,0.023593641322744885,0.0813826804871524,0.00023530454681114366,-0.030760869565217286,-0.28503184713375795,-0.018914335566461826,10.666666666666671,-80.66666666666663,112316.87601068233,420.8459815122126,0.07141093123060457,0.0009692032037131731,0.02820907905653658,,,0.03477011682295711,174.6071095127058,48.78048780487805,59.75609756097562,39.603658536585364,57.195121951219505,58.59756097560976,68.29268292682926,63.78048780487805,55.33719512195121,Neutral / Fair Value,Expansion
2017-03-31,166.08,4.173076923076923,2.4466129032258066,0.7000000000000001,243.83866666666665,4.566666666666666,145814.66666666666,97.23333333333333,1217.0,1269.6666666666667,5.233333333333333,597.3333333333334,4.366666666666666,291.73333333333335,315283.3333333333,132.07,680.5,901.3333333333333,198465.0,132.07,0.026085267553656255,-0.015678487715215628,0.08297783952011684,0.30426449448969817,113268.64745763177,766.3794004064031,1308.0,533.3333333333334,140092.66666666666,69.83333333333333,271.6666666666667,70719.59,Wichita Composite,-0.015763897119829284,0.019458596771223524,0.09069416168647804,0.08541925364355296,0.012214465571250312,0.004908752633316638,1.7264640198511167,1.7466129032258064,0.3307692307692309,0.43461538461538485,0.5323506081438394,0.02587130540144833,0.014299829782548734,0.016654349048754513,-0.33333333333333304,-0.10000000000000053,-0.0069215931011005205,0.007001151953530016,-0.1345815330452873,0.0,0.0650525087514584,0.10054897428488885,-0.3000000000000007,0.15315315315315314,5.666666666666671,0.019816590015846236,0.07487222601884524,0.023850983644489343,0.08119239534767832,0.00031993140380542906,-0.14695652173913043,-0.15074309978768574,-0.019636292384346943,12.833333333333329,-129.66666666666663,113268.64745763177,441.69976552417967,0.07494948975651805,0.005223554497140834,0.057442196531791945,,,0.04461276664405783,173.48928828424513,70.73170731707317,68.78048780487805,39.78658536585366,42.5,45.609756097560975,57.3170731707317,55.24390243902439,55.79573170731708,Neutral / Fair Value,Neutral / Transition
2017-06-30,171.41,3.98,2.260952380952381,0.9500000000000001,244.12,4.366666666666667,146379.33333333334,96.36666666666667,1184.0,1270.6666666666667,5.266666666666667,617.3333333333334,4.033333333333334,293.4,314734.3333333333,132.07,680.5,929.6666666666666,198465.0,132.07,0.026085267553656255,-0.015678487715215628,0.08297783952011684,0.30426449448969817,114161.8791322733,776.578168780582,1340.0,645.6666666666666,151739.66666666666,54.0,363.0,70719.59,Wichita Composite,0.03209296724470123,0.0393524132912928,0.12091289563170293,0.13494007813017284,0.015276315722359095,0.009847469246529905,1.7190476190476192,1.3109523809523806,-0.19307692307692337,0.390769230769231,0.5107961309523807,0.018905882402044716,0.0008360838985876917,0.016756154766949027,-0.5666666666666664,-0.2666666666666657,-0.010566546762589946,-0.003265082930784091,-0.1073771803488559,0.0,0.01081388730791133,0.06689056815001404,0.13333333333333375,0.08685446009389675,3.9666666666666828,0.028223297646603696,0.07316002681624156,0.0310166846301978,0.08162915761547361,0.00022116211091831317,-0.12608695652173907,0.028131634819532847,0.061869016739134475,-3.0,-38.333333333333314,114161.8791322733,434.9686234757852,0.07380732102249776,0.005375249678683691,0.03570386791902469,,,0.03580402522729218,177.54716796421016,54.87804878048781,44.87804878048781,29.90853658536585,37.439024390243894,48.71951219512194,58.65853658536585,47.6829268292683,45.84817073170731,Slight Wait,Expansion
2017-09-30,174.88,3.883846153846154,2.2414285714285715,1.1533333333333333,245.287,4.333333333333333,146899.66666666666,95.10000000000001,1182.0,1282.6666666666667,5.733333333333333,588.3333333333334,4.333333333333333,289.90000000000003,314633.6666666667,132.07,680.5,1047.6666666666665,198465.0,132.07,0.026085267553656255,-0.015678487715215628,0.08297783952011684,0.30426449448969817,115107.39597784757,776.3737871979268,1467.6666666666667,623.3333333333334,144994.16666666666,52.666666666666664,457.0,70719.59,Wichita Composite,0.020243859751473137,0.04256587576010484,0.11360163015792168,0.14487725040916533,0.015803689354753753,0.010633634281414894,1.6424175824175826,1.0880952380952382,-0.09615384615384581,0.43769230769230827,0.6770535714285715,0.019449393340740473,-0.006421912060707857,0.015089324377861812,-0.5666666666666664,-0.5333333333333341,-0.007305102157287746,-0.00555326115814625,0.005920947351576,0.0,0.019551466359976954,0.03943814154511083,0.8333333333333339,0.0022714366837024436,4.76666666666668,0.033812393650552997,0.07188545480822284,0.02086755378314442,0.0809373313263735,-0.001026304332459843,-0.04282608695652168,-0.007430997876857637,0.014664237594939067,-4.333333333333336,55.666666666666686,115107.39597784757,433.4882108954447,0.07355611833645156,0.006138868911093262,0.03259377859103396,,,0.030707236808841985,180.25008157313027,43.90243902439025,44.146341463414636,52.62195121951219,33.35365853658537,54.57317073170732,58.41463414634146,26.70731707317073,46.61219512195122,Slight Wait,Expansion
2017-12-31,173.5,3.9223076923076925,2.371451612903226,1.2033333333333334,247.23833333333334,4.166666666666667,147348.0,98.36666666666667,1235.6666666666667,1322.0,5.3,655.6666666666666,3.4333333333333336,295.9666666666667,314131.0,132.07,680.5,1033.6666666666667,184172.20833333334,132.07,0.026085267553656255,-0.023940133586742962,0.08297783952011684,0.30426449448969817,116257.66974294155,783.991048469822,1415.0,452.6666666666667,143595.83333333334,66.16666666666667,331.6666666666667,70719.59,Wichita Composite,-0.007891125343092331,0.02820907905653658,0.10544759477540633,0.13206316064204637,0.015589341931747817,0.007170451133313188,1.5508560794044666,1.1681182795698926,0.038461538461538325,0.08000000000000007,0.23276308831306203,0.021077802435008675,0.0021719200329639587,0.014662945075931466,-0.5999999999999996,-0.7000000000000002,-0.0019109712230214182,-0.005905119352398902,0.012406137773424808,-0.07201668640146452,0.0005398110661269939,0.06270096463022501,0.033333333333333215,0.15231400117164617,5.300000000000011,0.03508639015106163,0.08282804208543104,0.029236891658618758,0.08092276924558822,-0.00045991124156417873,-0.04788606033419318,0.008166295471418117,0.02425179064998373,-1.5,11.0,116257.66974294155,439.86983726006923,0.07463897976672136,0.003228048536116787,0.033948126801152556,,,0.03164992805076949,178.9912625168085,45.1219512195122,56.585365853658544,49.90853658536585,43.65853658536585,58.323170731707314,61.09756097560975,32.926829268292686,51.24512195121951,Neutral / Fair Value,Neutral / Transition
2018-03-31,175.62,4.282307692307692,2.7585245901639346,1.4466666666666665,249.3216666666667,4.033333333333333,147998.0,98.93333333333334,1298.0,1341.0,5.633333333333333,629.0,3.933333333333333,292.40000000000003,314993.3333333333,138.66750000000002,486.75,834.0,197622.2916666667,138.66750000000002,0.04995456954645272,-0.0847223417993973,0.08297783952011684,-0.2847171197648788,117586.08469834487,790.3491855475962,1171.5,491.0,150236.16666666666,61.833333333333336,246.0,70719.59,Wichita Composite,0.012219020172910655,0.057442196531791945,0.09824276155337386,0.13142636258214146,0.015363654441243227,0.014166180456498173,1.5237831021437578,1.311857923497268,0.3599999999999999,0.10923076923076902,0.311911686938128,0.02248617938637043,0.003036786045629958,0.01497334515960902,-0.5333333333333332,-0.4333333333333331,0.0022851919561244216,-0.0009198075804831563,-0.07470414201183428,-0.004246130719942176,0.06655710764174194,0.05618272512470468,0.39999999999999947,0.053013392857142794,1.7000000000000028,0.03811678992925249,0.09162213661870178,0.03127665635125654,0.08065742005869043,-0.0005349752889878823,-0.10435779816513757,-0.07937500000000008,0.07240564578683628,-7.999999999999993,-25.666666666666686,117586.08469834487,464.5432209624713,0.07882566416956964,0.003876174413051589,0.03057738298599255,,,0.0415845171595513,182.92307290356038,68.29268292682927,45.36585365853659,20.335365853658534,46.09756097560975,54.69512195121952,56.09756097560975,46.951219512195124,47.82012195121951,Slight Wait,Expansion
2018-06-30,177.53,4.544615384615384,2.920625,1.7366666666666666,250.679,3.9333333333333336,148707.33333333334,98.33333333333333,1275.0,1353.6666666666667,5.633333333333333,646.6666666666666,3.533333333333333,296.7,316810.0,138.66750000000002,486.75,882.6666666666667,216643.3333333333,138.66750000000002,0.04995456954645272,-0.03517290540595619,0.08297783952011684,-0.2847171197648788,119610.5219217107,796.4655114912895,1224.1666666666667,657.3333333333334,165215.5,43.5,335.6666666666667,70719.59,Wichita Composite,0.010875754469878096,0.03570386791902469,0.11039529647235424,0.15934173578005617,0.015334244123244651,0.00886187726279239,1.6239903846153845,1.1839583333333332,0.2623076923076919,0.5646153846153843,0.659672619047619,0.02686793380304775,0.005790131368039075,0.015903884428129622,-0.43333333333333357,-0.5000000000000009,0.011247443762781195,0.006594980104913883,-0.05055575475080665,0.09159465564877078,0.07685810810810811,0.06532004197271779,0.36666666666666625,0.04751619870410351,1.9666666666666544,0.04772733972891552,0.10523191384476305,0.02560893868795655,0.07990589777838485,-0.0017232598370887642,-0.08644278606965172,0.018069179143004765,0.0888089029675827,-10.5,-27.333333333333314,119610.5219217107,487.3790996799089,0.08270055293248882,0.008893231909991056,0.0527798118627838,,,0.046422109277023546,185.77131705995,74.39024390243902,28.536585365853657,20.579268292682922,64.32926829268293,41.951219512195124,38.29268292682926,49.390243902439025,43.80670731707316,Slight Wait,Expansion
2018-09-30,180.58,4.566923076923077,2.9238095238095236,1.9233333333333331,251.68633333333332,3.766666666666667,149218.33333333334,98.06666666666666,1248.6666666666667,1307.0,6.366666666666667,605.3333333333334,3.6666666666666665,296.73333333333335,317902.6666666667,138.66750000000002,486.75,926.6666666666666,214354.16666666666,138.66750000000002,0.04995456954645272,-0.07055073252256355,0.08297783952011684,-0.2847171197648788,121464.81251182016,800.918984057801,1288.3333333333333,574.6666666666666,166839.16666666666,50.0,399.0,70719.59,Wichita Composite,0.017180194896637246,0.03259377859103396,0.11724308606075606,0.17054514811693777,0.015340113522861179,0.008095961049083417,1.6431135531135532,1.0004761904761905,0.022307692307692584,0.6830769230769227,0.6823809523809521,0.02608916629635205,0.0036029869099816203,0.015784015847551514,-0.566666666666666,-0.6666666666666665,0.023571346441301433,0.010389860801079731,-0.11549475023862543,0.08006029610594645,0.05640157924421896,0.01897089397089391,0.6333333333333337,0.028895184135977248,2.9666666666666544,0.055230304534003016,0.11364372045192495,0.031615179781458336,0.07912602514212361,-0.0018113061842498918,-0.12218941630706348,-0.07807486631016058,0.1506612334978994,-2.6666666666666643,-58.0,121464.81251182016,496.2269771927118,0.08420189831859236,0.010645779982140793,0.03588437257725108,,,0.04002801222761215,187.80825844806222,67.07317073170732,25.853658536585364,23.93292682926829,71.76829268292683,39.8170731707317,34.146341463414636,55.1219512195122,42.91646341463415,Slight Wait,Expansion
2018-12-31,179.39,4.7846153846153845,3.0411475409836064,2.22,252.711,3.8333333333333335,149651.0,98.13333333333333,1165.6666666666667,1309.6666666666667,7.066666666666666,575.0,3.1,302.46666666666664,319356.0,138.66750000000002,486.75,938.5,201477.0833333333,138.66750000000002,0.04995456954645272,-0.08237466015806949,0.09455907659330942,-0.2847171197648788,122744.38937482098,807.3530799254135,1313.8333333333333,466.0,161962.5,58.666666666666664,301.6666666666667,70719.59,Wichita Composite,-0.006589877062797789,0.033948126801152556,0.1201373712144862,0.16942633637548887,0.016346738648628265,0.008421273119157052,1.743467843631778,0.8211475409836062,0.21769230769230763,0.862307692307692,0.6696959280803805,0.022135186695698472,-0.004732747107349278,0.015629665825121375,-0.3333333333333335,-0.3333333333333335,0.02196193265007307,0.016633188064852034,-0.09206707513705259,0.09396029485990565,-0.05664958187213376,-0.009329299041855754,1.7666666666666666,-0.12302999491611588,-0.2333333333333485,0.05579605755235151,0.11538989130005928,0.029798849746038636,0.07893018172521331,-0.001992587520374914,-0.07149587750294473,0.02945508100147265,0.12790528973101578,-7.500000000000007,-30.0,122744.38937482098,514.2850784013896,0.08726607352809419,0.012627093761372832,0.04816321980043492,,,0.04561987885392899,187.5737500676063,73.17073170731707,24.878048780487806,25.701219512195124,80.79268292682927,33.23170731707317,31.34146341463415,42.987804878048784,43.384756097560974,Slight Wait,Expansion
2019-03-31,180.99,4.373846153846154,2.652950819672131,2.4033333333333333,253.38566666666665,3.8666666666666667,150140.66666666666,94.46666666666665,1179.3333333333333,1278.3333333333333,6.3,653.6666666666666,3.6333333333333333,299.09999999999997,321372.6666666667,143.935,531.5,813.0,209991.4880952381,143.935,0.037986550561595056,-0.05576486189208357,0.06367399434801191,0.09193631227529542,123624.4030343317,809.1175832843754,1115.6666666666667,451.6666666666667,165398.5,65.0,231.33333333333334,70719.59,Wichita Composite,0.00891911477785845,0.03057738298599255,0.11098152354060531,0.18861233335522432,0.013312475928187956,0.007596296770394001,1.7208953341740227,0.24961748633879788,-0.41076923076923055,0.09153846153846157,-0.10557377049180339,0.016300227951842494,-0.009788938344509557,0.01447767312170889,-0.16666666666666652,-0.2999999999999998,0.022913816689466238,0.020252280471544593,-0.025179856115107868,0.06259008700007773,-0.09142270159219312,-0.046731295053442756,0.666666666666667,0.039215686274509665,-4.466666666666683,0.05135232073997131,0.11305484770068386,0.023746969162466325,0.07853959866415781,-0.0021178213945326207,-0.04765969554701943,-0.08010862186014933,0.10092332405534843,3.1666666666666643,-14.666666666666657,123624.4030343317,493.7234301128505,0.08377708583087383,0.0049514216613041895,0.05922979170119902,,,0.056943044850482204,191.29612168748878,80.48780487804879,27.07317073170732,45.640243902439025,82.07317073170731,45.12195121951219,40.975609756097555,47.80487804878049,51.9030487804878,Neutral / Fair Value,Expansion
2019-06-30,186.9,4.010769230769231,2.338888888888889,2.3966666666666665,255.24733333333333,3.6333333333333333,150682.33333333334,98.46666666666665,1269.3333333333333,1322.6666666666667,5.866666666666667,683.0,3.1999999999999997,305.0,323507.0,143.935,531.5,779.1666666666666,234050.0,143.935,0.037986550561595056,-0.15461806701232067,0.08070030895060298,0.09193631227529542,125609.11300303343,829.742043312719,1080.5,629.0,176856.0,43.5,284.0,70719.59,Wichita Composite,0.03265373777556779,0.0527798118627838,0.1332767402376911,0.22220769029557963,0.013440977258582542,0.013040792596816425,1.671880341880342,-0.057777777777777484,-0.36307692307692285,-0.5338461538461532,-0.5817361111111108,0.018223837390979325,-0.003911349304719147,0.013281120411008596,-0.30000000000000027,-0.3333333333333335,0.027974384900572913,0.021138852940248087,-0.11725830815709981,0.0803471143046175,-0.004444444444444473,-0.022900763358778664,0.23333333333333428,0.0561855670103093,0.13333333333332575,0.050151031739908536,0.13132524944513047,0.04178025456384549,0.07926896609414137,-0.0006369316842434747,-0.11735874744724306,-0.0431034482758621,0.07045646443584297,0.0,-51.666666666666686,125609.11300303343,480.36578912353,0.0815105046491695,-0.0011900482833193254,0.04173354735152479,,,0.04832070364576276,195.93113951139304,75.60975609756098,21.21951219512195,35.670731707317074,88.41463414634146,66.58536585365853,54.512195121951216,51.158536585365866,53.33414634146341,Neutral / Fair Value,Expansion
2019-09-30,187.06,3.6584615384615384,1.79796875,2.19,256.08933333333334,3.6,151157.0,93.8,1308.6666666666667,1443.3333333333333,5.666666666666667,690.6666666666666,3.5,302.06666666666666,325349.3333333333,143.935,531.5,780.0,222943.9393939394,143.935,0.037986550561595056,-0.19285363210997236,0.04231516377627981,0.09193631227529542,127858.72037001928,835.9996063575051,1106.1666666666667,621.6666666666666,170073.33333333334,46.333333333333336,330.0,70719.59,Wichita Composite,0.0008560727661850454,0.03588437257725108,0.11517825205675436,0.19116148751910345,0.013272940263815182,0.008959762064203375,1.8604927884615385,-0.39203125000000005,-0.35230769230769265,-0.9084615384615384,-1.1258407738095237,0.01749399715783806,0.0011937692059955651,0.012992147971093715,-0.16666666666666696,-0.16666666666666652,0.017973489103572104,0.02342436049608465,-0.15827338129496404,0.040072805025667346,0.048051254671649835,0.10431012496812042,-0.7000000000000002,0.14096916299559448,-4.266666666666666,0.05264000105031985,0.14833567931868408,0.04380046296564277,0.07846156482137291,-0.0006644603207506955,-0.1413971539456661,0.0817865429234339,0.0193849365906289,-3.6666666666666643,-69.0,127858.72037001928,468.4096285647184,0.0794817326115242,-0.004720165707068152,0.06420399871698912,,,0.05797696022515589,197.90517017971766,81.70731707317073,28.78048780487805,26.981707317073173,81.03658536585365,76.89024390243902,67.07317073170731,50.853658536585364,56.51646341463413,Neutral / Fair Value,Expansion
2019-12-31,188.03,3.7,1.7919354838709676,1.6433333333333333,257.888,3.6,151640.33333333334,97.2,1408.6666666666667,1500.3333333333333,5.3999999999999995,711.6666666666666,2.9,308.73333333333335,327416.6666666667,143.935,531.5,710.8333333333334,211112.10606060608,143.935,0.037986550561595056,-0.24914010498867767,0.04986503809766879,0.09193631227529542,130140.84524658493,835.2640147474203,1000.0,414.6666666666667,172581.66666666666,56.833333333333336,238.0,70719.59,Wichita Composite,0.00518550197797496,0.04816321980043492,0.11431788550432609,0.19802484867792303,0.011670537181327947,0.011903606824396562,1.9080645161290326,0.14860215053763426,0.041538461538461746,-1.0846153846153843,-1.2492120571126388,0.020485851427124224,0.0022620140361448993,0.013293150953440636,-0.2333333333333334,-0.20000000000000018,0.020718536477849048,0.025240379597272877,-0.2425856863789735,0.047821928766618615,0.20846439805547612,0.14558411809620764,-1.666666666666667,0.2376811594202899,-0.9333333333333229,0.060259013951159845,0.15869359858448506,0.034570915149769954,0.07701785060622285,-0.0019123311189904596,-0.23886845109729793,-0.11015736766809725,0.06556558874224994,-1.8333333333333286,-63.666666666666686,130140.84524658493,479.2129334625126,0.0813148832105807,-0.005951190317513497,0.07823219698984207,,,0.07074945902254029,201.33302078000827,89.02439024390245,23.414634146341466,24.359756097560975,88.75,76.46341463414633,63.90243902439024,59.51219512195122,57.18353658536586,Neutral / Fair Value,Expansion
2020-03-31,191.71,3.5215384615384617,1.365,1.26,258.81766666666664,3.8333333333333335,151739.66666666666,96.63333333333333,1465.3333333333333,1434.0,5.8999999999999995,674.0,3.6666666666666665,304.2,327234.0,149.07,506.0,581.0,200077.0833333333,149.07,0.035675825893632496,-0.2684974032651269,-0.045700688102038756,-0.047977422389463786,133021.50338924146,848.7163814018868,824.0,466.6666666666667,169832.33333333334,60.666666666666664,197.33333333333334,70719.59,Wichita Composite,0.01957134499813873,0.05922979170119902,0.1543232177263969,0.19886185979613535,0.012135843918708339,0.014566664379466632,2.156538461538462,0.10499999999999998,-0.17846153846153845,-0.8523076923076922,-1.2879508196721312,0.02143767669047314,0.00394367953263508,0.010650012654799257,-0.033333333333333215,0.033333333333333215,0.01705115346038122,0.018238431395326993,-0.2853628536285363,-0.04721336494081263,0.24250989259468625,0.12177314211212531,-0.40000000000000036,0.03110657827638974,2.1666666666666714,0.07601331229320563,0.1743894393989145,0.0489407212691777,0.07656353534827327,-0.001976063315884541,-0.26142814460711095,0.03321033210332103,0.026806974267199246,-4.333333333333336,-34.0,133021.50338924146,479.14116551751914,0.08130270532125865,-0.0024743805096151816,0.07558291168953102,,,0.06898029279766495,204.93421193224037,87.8048780487805,36.82926829268293,21.341463414634145,74.7560975609756,75.0,59.99999999999999,49.63414634146341,56.06097560975609,Neutral / Fair Value,Expansion
2020-06-30,194.7,3.2392307692307694,0.6876190476190476,0.06,256.292,13.0,133712.33333333334,74.06666666666666,1080.3333333333333,1221.0,5.366666666666667,728.0,13.833333333333334,268.8666666666667,327880.6666666667,149.07,506.0,519.1666666666666,235140.58333333334,149.07,0.035675825893632496,-0.362189585858003,0.0050849310362811595,-0.047977422389463786,135924.72187697515,865.6442318443346,710.3333333333334,522.6666666666666,207616.66666666666,60.666666666666664,186.66666666666666,70719.59,Wichita Composite,0.015596473840696845,0.04173354735152479,0.1358730529140657,0.21778834125594182,0.012238744948331189,0.010302348395748895,2.551611721611722,0.6276190476190475,-0.28230769230769237,-0.7715384615384617,-1.6512698412698414,0.004092762314199749,-0.016393089112924475,-0.11262103276871649,9.366666666666667,10.633333333333335,-0.11846994535519129,0.013519542596193146,-0.33368983957219256,0.004659616890977825,-0.14889705882352944,-0.07686491935483875,-0.5,0.06588579795021965,-24.39999999999999,0.08212468528213068,0.19063143415400852,0.043269096487237535,0.07642267454138257,-0.002846291552758798,-0.34258830788215333,-0.16905140434552202,0.17393058005759854,17.166666666666664,-97.33333333333334,135924.72187697515,472.5999102059352,0.08019275737417628,-0.0013177472749932168,0.13045711350796108,,,0.12933226860791794,219.8809926979616,92.6829268292683,21.70731707317074,29.847560975609756,20.914634146341463,73.41463414634147,59.51219512195122,44.51219512195122,48.44085365853659,Neutral / Fair Value,Economic Softening
2020-09-30,199.07,2.9523076923076923,0.650625,0.09333333333333334,259.22166666666664,8.799999999999999,140615.33333333334,75.66666666666667,1465.0,1574.3333333333333,3.466666666666667,992.0,8.666666666666666,280.8,327720.6666666667,149.07,506.0,450.3333333333333,245508.3333333333,149.07,0.035675825893632496,-0.4337383373833738,0.10075062859809303,-0.047977422389463786,139009.19715328698,881.1396635507896,613.0,583.3333333333334,199795.83333333334,44.0,224.0,70719.59,Wichita Composite,0.02244478685156648,0.06420399871698912,0.1383234217749314,0.2316401658108025,0.012709731379476794,0.015699526917094253,2.3016826923076925,0.5572916666666666,-0.28692307692307706,-0.7061538461538461,-1.1473437499999999,0.012231408831293145,-0.009206267859179995,-0.06973985105993541,5.199999999999999,5.166666666666666,-0.0704038843522401,0.00728857597167365,-0.4226495726495727,0.10121106678537206,0.11946001018848684,0.0907621247113164,-2.2,0.4362934362934363,-18.133333333333326,0.08720935694490417,0.20764783159580213,0.05399530914848416,0.07606457830951836,-0.0023969865118545486,-0.44583396112701523,-0.06166219839142084,0.17476284739916115,-2.3333333333333357,-106.0,139009.19715328698,465.9991216075164,0.0790727075664635,-0.00040902504506071247,0.1405535741196564,,,0.14761455447560334,228.45562935945836,97.5609756097561,12.926829268292687,10.579268292682926,19.39024390243902,75.97560975609755,58.78048780487805,44.26829268292683,44.03597560975609,Slight Wait,Economic Softening
2020-12-31,202.74,2.7607142857142857,0.864516129032258,0.09000000000000001,261.0916666666667,6.766666666666667,142580.33333333334,79.8,1566.6666666666667,1686.3333333333333,3.766666666666666,927.3333333333334,6.233333333333333,288.1333333333334,326929.6666666667,149.07,506.0,451.3333333333333,230269.9583333333,149.07,0.035675825893632496,-0.3979833325725241,0.09350136346291271,-0.047977422389463786,144083.2647920345,891.7004547472297,592.3333333333334,452.0,188491.66666666666,49.333333333333336,206.66666666666666,70719.59,Wichita Composite,0.01843572612648825,0.07823219698984207,0.1685302593659943,0.26593818295348104,0.010224702143254796,0.019012082954222576,1.8961981566820276,0.7745161290322581,-0.19159340659340662,-0.9392857142857145,-0.9274193548387095,0.012422705463870809,0.00832994314967106,-0.05974663732823937,3.1666666666666665,3.3333333333333335,-0.06672424962211176,-0.001487401374395514,-0.36506447831184063,0.09074729360725242,0.11216280170373882,0.12397245056654072,-1.6333333333333333,0.3030444964871195,-17.400000000000006,0.10713331021503736,0.23934416637300893,0.06756718714486398,0.07426542889912582,-0.0027524217070970247,-0.4076666666666666,0.090032154340836,0.0921882393842528,-7.5,-31.333333333333343,144083.2647920345,471.2201922568686,0.0799586409802775,-0.0013562422303032007,0.1405741343592779,,,0.14496396749258347,232.1299947694464,96.34146341463415,14.146341463414632,10.152439024390244,19.908536585365855,84.08536585365854,60.73170731707317,54.024390243902445,45.75426829268293,Slight Wait,Economic Softening
2021-03-31,206.2,2.875833333333333,1.3359016393442622,0.08,263.74233333333336,6.233333333333333,143491.66666666666,80.23333333333333,1570.0,1771.6666666666667,4.3999999999999995,841.0,5.466666666666666,285.43333333333334,325230.3333333333,163.9675,596.0,305.1666666666667,246179.1666666667,163.9675,0.09993627155027851,-0.4840248016777605,0.25877031191533095,0.17786561264822143,148109.5739248141,911.3668146457145,392.8333333333333,444.0,181985.5,52.5,103.0,70719.59,Wichita Composite,0.017066193153792986,0.07558291168953102,0.17412595376380802,0.26572954391995585,0.00988033161198457,0.01838579499313614,1.5399316939890708,1.2559016393442621,0.11511904761904734,-0.6457051282051287,-0.029098360655737787,0.019027552215008736,0.006796143383715592,-0.05435625490148699,2.4,1.7999999999999994,-0.061691869384177034,-0.006123039374474226,-0.4747561675272518,0.23042160833845315,0.0714285714285714,0.23547187354718746,-1.5,0.24777448071216623,-16.39999999999999,0.11342580072503461,0.25958419573858693,0.0738178673308314,0.07383993813458876,-0.002723597213684509,-0.5232605177993528,-0.0485714285714286,0.07155979328631967,-8.166666666666664,-94.33333333333334,148109.5739248141,491.64916390944904,0.0834251155431386,0.00212241022187995,0.1621241513094085,,,0.16377805267694368,239.97103446198577,98.78048780487805,13.902439024390244,13.932926829268293,20.457317073170735,88.17073170731707,45.85365853658536,59.26829268292683,45.233536585365854,Slight Wait,Economic Softening
2021-06-30,220.1,3.003846153846154,1.59078125,0.07,268.5503333333333,5.933333333333334,145157.33333333334,85.56666666666666,1584.3333333333333,1692.3333333333333,5.366666666666667,749.3333333333334,4.8999999999999995,292.43333333333334,325410.6666666667,163.9675,596.0,275.5,234895.83333333334,163.9675,0.09993627155027851,-0.4424664465527618,0.0006717109921813846,0.17786561264822143,153229.4765818176,940.4843468483854,374.0,618.3333333333334,190402.16666666666,35.333333333333336,122.0,70719.59,Wichita Composite,0.06741028128031035,0.13045711350796108,0.2397904579507688,0.33458646616541365,0.020230494480902285,0.031339246853039515,1.4130649038461538,1.52078125,0.1280128205128208,-0.23538461538461553,0.9031622023809525,0.047829558992607435,0.035406853528736626,0.08559419849078997,-7.066666666666666,-8.933333333333334,0.0876518720555417,-0.007533228552664473,-0.46934189406099514,-0.0010408666871981609,0.4665226781857452,0.3860223860223859,0.0,0.029304029304029422,11.5,0.1273113122166616,0.2810702112152952,0.08645597377180803,0.07365300994260403,-0.0027696645987785456,-0.4734866259971845,0.1830357142857144,-0.08291482700489683,-25.33333333333333,-64.66666666666666,153229.4765818176,517.0716361802295,0.08773890847165196,0.007546151097475681,0.163789186733303,,,0.1679940848518854,257.0754980759,100.0,44.390243902439025,18.50609756097561,54.573170731707314,82.01219512195122,33.048780487804876,60.975609756097555,53.90548780487805,Neutral / Fair Value,Expansion
2021-09-30,227.05,2.8721428571428573,1.32484375,0.09000000000000001,272.8296666666667,5.066666666666666,147282.33333333334,74.76666666666667,1590.6666666666667,1685.0,6.166666666666667,722.0,4.433333333333334,290.09999999999997,324931.6666666667,163.9675,596.0,381.5,217941.6666666667,163.9675,0.09993627155027851,-0.1492921227827732,-0.112249465836395,0.17786561264822143,159820.47464185776,974.8417452618361,532.1666666666666,594.6666666666666,189804.16666666666,36.166666666666664,231.66666666666666,70719.59,Wichita Composite,0.031576556110858744,0.1405535741196564,0.25733746815815706,0.35358292595683793,0.018761807476251884,0.03362218916786258,1.5472991071428572,1.23484375,-0.1317032967032965,-0.08016483516483497,0.6742187500000001,0.05249561186372054,0.0334680596487118,0.04741303698506094,-3.7333333333333325,-4.2333333333333325,0.033119658119658,-0.008510296370282777,-0.15284974093264247,-0.11228403652286056,0.08577929465301493,0.07029430446749951,2.7,-0.27217741935483875,-0.9000000000000057,0.1497115148835939,0.31577591350832646,0.10634191784472469,0.07319525842578273,-0.0028693198837356354,-0.13186514410005445,0.01942857142857135,-0.0500093845800923,-7.833333333333336,7.666666666666657,159820.47464185776,530.2712589985811,0.08997867645984617,0.010905968893382675,0.14336049328341782,,,0.14264567218616656,259.43769986986916,95.1219512195122,44.146341463414636,29.481707317073173,56.40243902439024,76.46341463414635,28.65853658536585,38.78048780487805,52.58475609756098,Neutral / Fair Value,Expansion
2021-12-31,231.24,3.079230769230769,1.5333870967741934,0.08,278.77133333333336,4.166666666666667,149206.0,69.89999999999999,1668.3333333333333,1785.0,6.133333333333333,762.3333333333334,2.9333333333333336,298.56666666666666,323982.3333333333,163.9675,596.0,341.0,233382.5,163.9675,0.09993627155027851,-0.165799191764068,0.013382364987994888,0.17786561264822143,164426.23932339292,986.2206239591442,488.8333333333333,454.6666666666667,197166.66666666666,42.0,156.33333333333334,70719.59,Wichita Composite,0.018454085003303256,0.1405741343592779,0.2890350632699705,0.37039231954486196,0.01732572638846111,0.03362677888706633,1.5458436724565758,1.4533870967741933,0.20708791208791189,0.31851648351648354,0.6688709677419353,0.06771440426414732,0.019884845271539886,0.04646970947372342,-2.5999999999999996,-3.3,0.036210087922257994,-0.009015190831055508,-0.24446085672082718,0.01351692460968379,0.0648936170212766,0.058509586874876396,2.3666666666666667,-0.17792954708842557,-9.900000000000006,0.14118901706399334,0.33958252724113747,0.1059999114149921,0.07197541910712553,-0.0022900097920002943,-0.17473269555430504,0.005899705014749346,0.046023254785799494,-7.333333333333336,-50.333333333333314,164426.23932339292,560.2188108887149,0.09506030409204265,0.015101663111765154,0.11498875627054139,,,0.1356471859963878,262.6070552898047,93.90243902439023,14.390243902439027,27.835365853658537,71.89024390243902,68.78048780487805,21.219512195121947,60.243902439024396,47.30548780487805,Slight Wait,Expansion
2022-03-31,239.63,3.822307692307692,1.9511290322580646,0.12,284.90566666666666,3.8666666666666667,150715.33333333334,63.13333333333333,1707.6666666666667,1889.3333333333333,6.266666666666667,767.6666666666666,3.233333333333333,295.5,324192.6666666667,190.1575,712.5,229.16666666666666,247881.25,190.1575,0.15972677512311884,-0.255791814540082,0.007500450955853388,0.19546979865771807,171367.31480267466,1008.3138208489167,332.5,418.6666666666667,211017.5,41.0,74.0,70719.59,Wichita Composite,0.0362826500605431,0.1621241513094085,0.3239958008729764,0.44285886319845846,0.01740314491946685,0.03843089311375386,1.8711786600496274,1.8311290322580644,0.7430769230769227,0.9464743589743589,0.6152273929138024,0.08024245886452297,0.027746847000802433,0.05034206399907104,-2.3666666666666667,-2.233333333333333,0.0352680135466541,-0.0031905593061736237,-0.24904423812124532,0.006914002335697056,0.08768577494692154,0.06641580432737526,1.8666666666666671,-0.08719778042013482,-17.1,0.1570306379361206,0.38619326440819535,0.10637539643232397,0.07060719755175944,-0.0032327405828293243,-0.15358506576156128,-0.05705705705705699,0.15952919325990256,-11.5,-29.0,171367.31480267466,640.5410779583664,0.10868972706855903,0.025264611525420436,0.08817760714434741,,,0.08415687793781657,259.796512660239,91.46341463414635,10.24390243902439,27.713414634146346,73.65853658536585,43.35365853658537,12.926829268292689,57.560975609756085,42.1969512195122,Slight Wait,Overheated / Rate Pressure
2022-06-30,256.15,5.266153846153846,2.9325806451612904,0.77,291.60533333333336,3.6333333333333333,151968.33333333334,57.86666666666667,1636.3333333333333,1762.0,8.700000000000001,605.0,2.966666666666667,300.3666666666666,325171.0,190.1575,712.5,266.8333333333333,293048.3333333333,190.1575,0.15972677512311884,-0.06773005495314272,0.25271618531257045,0.19546979865771807,178744.41695148288,1044.8458324628766,377.5,592.6666666666666,231083.33333333334,27.666666666666668,126.33333333333333,70719.59,Wichita Composite,0.06893961524016179,0.163789186733303,0.3705189941144995,0.49437022344087267,0.02152420483178088,0.03881322660371672,2.3335732009925554,2.1625806451612903,1.4438461538461538,2.262307692307692,1.3417993951612903,0.08584982827551912,0.018135424011371803,0.04692150126759009,-2.3000000000000003,-1.9333333333333327,0.027128690299783154,-0.0007365052569471287,-0.03145795523290995,0.2475671840354765,0.032821375973069555,0.041166042938743486,3.333333333333334,-0.19261565836298933,-27.699999999999996,0.1665145697736652,0.42302109041376834,0.11096568057109324,0.07014568736408582,-0.0035073225785182127,0.009358288770053402,-0.04150943396226425,0.21365915829039062,-7.666666666666668,4.333333333333329,178744.41695148288,791.057955943473,0.13423006936722448,0.04649116089557252,0.0519617411672848,,,0.06285291374152628,272.24977385489194,82.92682926829268,3.414634146341462,56.859756097560975,72.80487804878048,20.304878048780488,10.975609756097564,37.07317073170732,40.59207317073171,Slight Wait,Overheated / Rate Pressure
2022-09-30,259.6,5.623076923076923,3.10109375,2.19,295.453,3.533333333333333,153338.66666666666,56.1,1465.0,1619.3333333333333,9.733333333333334,573.6666666666666,3.4,299.43333333333334,326344.0,190.1575,712.5,385.1666666666667,307244.1666666666,190.1575,0.15972677512311884,-0.026925531731382957,0.41381290581420105,0.19546979865771807,182418.37965005438,1071.7227569025092,575.6666666666666,525.3333333333334,235492.5,35.666666666666664,241.33333333333334,70719.59,Wichita Composite,0.01346867070076141,0.14336049328341782,0.3877900138992838,0.48444647758462955,0.022489050689761172,0.03428625525119239,2.5219831730769227,0.91109375,0.3569230769230769,2.7509340659340653,1.7762499999999999,0.08292108995966929,0.002678631095146322,0.04112056888470428,-1.5333333333333332,-1.0333333333333337,0.03217281397219374,0.004346554916674794,0.009611183923110556,0.4097541391045001,-0.07900251466890196,-0.038971315529179096,3.5666666666666673,-0.20544783010156975,-18.666666666666664,0.14139555685112537,0.42671832724542447,0.09938127097198901,0.07050097203747571,-0.0026942863883070156,0.08174130911368627,-0.11659192825112097,0.2407130156081927,-0.5,9.666666666666686,182418.37965005438,839.9052885077101,0.1425186919507384,0.05254001549089224,0.0708397534668721,,,0.06376709209170199,276.15393710700585,84.14634146341463,4.146341463414635,76.85975609756096,75.79268292682927,17.68292682926829,9.756097560975613,34.26829268292684,44.29085365853658,Slight Wait,Overheated / Rate Pressure
2022-12-31,257.83,6.664615384615384,3.82672131147541,3.653333333333333,298.5416666666667,3.5666666666666664,154174.33333333334,58.800000000000004,1392.0,1468.3333333333333,9.233333333333334,597.6666666666666,2.9,307.1333333333333,327742.6666666667,190.1575,712.5,449.16666666666663,298543.75,190.1575,0.15972677512311884,0.26799440950384346,0.2787992086941311,0.19546979865771807,183055.0764807913,1074.3794345080441,672.6666666666666,362.6666666666667,243200.0,49.833333333333336,222.0,70719.59,Wichita Composite,-0.006818181818181945,0.11498875627054139,0.3712173589320853,0.48605187319884724,0.026409270646866927,0.027968188545821088,2.8378940731399744,0.17338797814207707,1.0415384615384617,3.585384615384615,2.2933342147012166,0.07091953500718629,-0.01493029326833284,0.033298482187937184,-0.6000000000000005,-0.03333333333333366,0.028692642625879117,0.011606599948351226,0.31720430107526876,0.279203667798571,-0.16563436563436562,-0.1774042950513539,3.1000000000000014,-0.21600349803235686,-11.099999999999987,0.11329601184126847,0.40659203598952276,0.08939055664339057,0.07042991356456262,-0.0015455055425629138,0.37606546198431645,-0.20234604105571852,0.23347421808960278,7.833333333333336,65.66666666666666,183055.0764807913,941.53659660456,0.15976392339456041,0.06470361930251776,0.08032424465733246,,,0.07102910971388936,276.14343535753204,90.2439024390244,6.5853658536585336,90.27439024390243,83.26219512195121,4.024390243902436,6.829268292682922,10.73170731707317,45.94085365853658,Slight Wait,Overheated / Rate Pressure
2023-03-31,260.76,6.372307692307692,3.646290322580645,4.516666666666667,301.23033333333336,3.533333333333333,154992.0,64.60000000000001,1373.0,1498.3333333333333,8.166666666666666,641.6666666666666,3.266666666666667,305.93333333333334,329538.3333333333,201.9,883.25,401.1666666666667,307501.25,201.9,0.061751442882873375,0.7451108482781384,0.24107843468182266,0.23964912280701745,182857.4768803853,1084.3374911295248,586.3333333333334,401.3333333333333,257827.66666666666,56.333333333333336,153.33333333333334,70719.59,Wichita Composite,0.011364077105069148,0.08817760714434741,0.3601794376923477,0.48479672019132214,0.02690510232750394,0.0217385453069526,2.7260173697270473,-0.8703763440860217,-0.29230769230769216,2.5500000000000003,1.6951612903225803,0.05729849763137995,-0.02562259232828934,0.028375790120890088,-0.3333333333333335,0.0333333333333341,0.035307388606881096,0.0164891659075157,0.7505454545454546,0.24051839338392877,-0.19597891860238148,-0.20695130557515884,1.8999999999999995,-0.16413373860182368,1.4666666666666757,0.06704990441696124,0.37464599498109785,0.07539683450595014,0.07115951786902332,0.0005523203172638769,0.7634085213032582,-0.04140127388535042,0.22183073283811372,15.333333333333336,79.33333333333334,182857.4768803853,912.3766281899808,0.1548159362671612,0.046126209198602164,0.07593189139438561,,,0.06886442449617568,278.71708733162274,86.58536585365853,9.024390243902442,93.74999999999999,86.82926829268293,8.963414634146343,9.63414634146341,8.048780487804878,47.605487804878045,Slight Wait,Overheated / Rate Pressure
2023-06-30,269.46,6.510769230769231,3.5957142857142856,4.989999999999999,303.3976666666667,3.533333333333333,155636.66666666666,62.300000000000004,1457.3333333333333,1502.6666666666667,7.3999999999999995,693.0,3.0,308.96666666666664,330643.0,201.9,883.25,426.66666666666663,322065.9583333334,201.9,0.061751442882873375,0.6244187856955817,0.1019853124121447,0.23964912280701745,185488.17647589344,1110.8813095071869,599.6666666666666,539.6666666666666,267121.0,39.666666666666664,192.33333333333334,70719.59,Wichita Composite,0.0333640128854118,0.0519617411672848,0.3839753466872111,0.5178279727370021,0.02248762946596919,0.012844644718265102,2.9150549450549454,-1.3942857142857137,0.13846153846153886,1.2446153846153853,0.6631336405529953,0.04043936096276246,-0.030480174044423824,0.02413880084666742,-0.10000000000000009,0.033333333333333215,0.028631672400399655,0.01682806892373545,0.5990006246096189,0.09901992845321317,-0.10939091464656758,-0.14718123344684064,-1.3000000000000016,0.1454545454545455,4.433333333333337,0.037728504416677966,0.3646389995469548,0.06320116805046117,0.07186752259553708,0.0017218352314512658,0.5885209713024282,-0.08942632170978626,0.1559509556437071,11.999999999999996,66.00000000000001,185488.17647589344,938.9803673581285,0.15933017157335813,0.02510010220613365,0.07964076300749667,,,0.06761568616060172,287.6797227928357,85.36585365853658,18.048780487804876,89.84756097560975,86.09756097560975,8.17073170731708,9.878048780487799,12.073170731707318,48.601829268292676,Neutral / Fair Value,Buyer Leverage Improving
2023-09-30,277.99,7.04,4.14968253968254,5.260000000000001,305.989,3.6333333333333333,156240.33333333334,69.56666666666666,1384.6666666666667,1552.0,7.566666666666666,684.6666666666666,3.3333333333333335,305.90000000000003,331989.6666666667,201.9,883.25,498.16666666666663,311240.0833333334,201.9,0.061751442882873375,0.34261420503941387,0.013557467310863935,0.23964912280701745,189171.48417491245,1122.5204387090525,712.0,503.3333333333333,262595.8333333333,40.833333333333336,275.3333333333333,70719.59,Wichita Composite,0.03165590440139554,0.0708397534668721,0.39644346209875936,0.5394285081404364,0.02249054401247045,0.017391453143423635,2.89031746031746,-1.1103174603174608,0.529230769230769,1.4169230769230774,1.0485887896825399,0.03566049422412365,-0.0216380034072563,0.018923254843310033,0.10000000000000009,-0.06666666666666643,0.021596348658577513,0.017299740968630406,0.29337948939852865,0.013005671385136308,-0.054835039817974884,-0.04158089748867844,-2.166666666666668,0.1934921557234166,13.466666666666661,0.03701986903848731,0.36085588614910824,0.047398155427210265,0.0712065315935975,0.000705559556121782,0.23682686740011594,-0.04187817258883264,0.11509212961488502,5.166666666666671,33.99999999999997,189171.48417491245,1010.9188613791091,0.17153700037782046,0.029018308427082057,0.05597323644735419,,,0.05179081137445147,292.38732765398373,78.04878048780488,19.75609756097561,84.96951219512195,80.79268292682926,2.4999999999999982,5.731707317073177,14.207317073170728,45.00914634146342,Slight Wait,Expansion
2023-12-31,278.54,7.303846153846154,4.4470967741935485,5.33,308.195,3.8000000000000003,156712.0,64.93333333333334,1468.6666666666667,1512.6666666666667,8.4,643.3333333333334,2.8333333333333335,313.40000000000003,333255.3333333333,201.9,883.25,563.8333333333334,298265.0,201.9,0.061751442882873375,0.23875743979708997,-0.000213108826333408,0.23964912280701745,189796.14824936385,1129.2575660514997,823.5,397.0,258333.33333333334,51.666666666666664,242.66666666666666,70719.59,Wichita Composite,0.0019784884348357235,0.08032424465733246,0.37387787313800924,0.5527063938904067,0.023969097866754746,0.019590620706678052,2.856749379652605,-0.8829032258064515,0.2638461538461536,0.6392307692307693,0.6203754627181386,0.03233496161898097,-0.008104399343781488,0.01645972200301382,0.23333333333333384,-0.06666666666666643,0.020403733449099404,0.01682010683178259,0.25528756957328413,-0.0009336989972156262,0.05507662835249039,0.030192962542565427,-0.8333333333333339,0.07640825432236498,6.133333333333333,0.036825374625870655,0.3172671269165783,0.05107891102605122,0.07139813382732027,0.0009682202627576547,0.2242319127849357,0.09466911764705888,0.06222587719298245,1.8333333333333286,20.666666666666657,189796.14824936385,1041.3466712785778,0.17670012022613443,0.01693619683157402,0.049508149637394805,,,0.04986806122315222,292.4302497730968,76.82926829268293,33.41463414634147,86.5548780487805,82.7439024390244,6.463414634146342,3.414634146341461,14.085365853658537,48.05914634146342,Neutral / Fair Value,Overheated / Rate Pressure
2024-03-31,280.56,6.748461538461539,4.15639344262295,5.33,311.00333333333333,3.8333333333333335,157245.33333333334,78.43333333333334,1410.0,1531.6666666666667,8.266666666666666,672.3333333333334,3.5666666666666664,310.96666666666664,334168.0,214.01749999999998,759.75,470.5,315039.6666666667,214.0175,0.060017335314512144,0.18754572468545927,0.02622378239973644,-0.1398245117463912,190517.5135295517,1134.7038991775573,741.8333333333334,433.0,261495.83333333334,60.666666666666664,202.0,70719.59,Wichita Composite,0.007252100236949666,0.07593189139438561,0.36062075654704184,0.5501408917619757,0.024003266470944983,0.018562626489648182,2.592068095838589,-1.1736065573770498,-0.5553846153846145,0.37615384615384695,0.5101031200423054,0.03244361180978883,-0.0032168824143348207,0.014538384776848767,0.30000000000000027,0.2999999999999994,0.01645238614077127,0.014048947264607703,0.17282924802658917,0.024515076496979038,0.02694828841951935,0.022246941045606317,0.09999999999999964,0.04779220779220794,13.833333333333329,0.04189074890373301,0.28632814531129136,0.046449014684134315,0.07147084033310462,0.00031132246408130393,0.26520750426378625,0.07890365448504988,0.014227203442092495,4.333333333333329,48.66666666666666,190517.5135295517,988.3985119887427,0.1677156519694884,0.012899715702327202,0.05603079555175361,,,0.055579278377544485,296.1533223416039,79.26829268292683,20.73170731707317,77.89634146341463,71.21951219512194,14.024390243902443,9.63414634146341,10.121951219512189,44.53353658536585,Slight Wait,Expansion
2024-06-30,290.92,6.995384615384615,4.448730158730158,5.33,313.0806666666667,3.9666666666666663,157611.0,71.5,1342.0,1440.0,8.133333333333333,686.3333333333334,3.6666666666666665,314.6333333333333,336324.0,214.01749999999998,759.75,530.3333333333334,338224.0833333333,214.0175,0.060017335314512144,0.25261110179439883,0.05059357058191183,-0.1398245117463912,194493.40877023095,1152.6782676147109,842.1666666666666,559.3333333333334,272484.1666666667,48.833333333333336,300.3333333333333,70719.59,Wichita Composite,0.036926147704590795,0.07964076300749667,0.32176283507496595,0.556554307116105,0.016062555995524922,0.01945316019444293,2.5466544566544567,-0.8812698412698419,0.2469230769230757,0.4846153846153838,0.8530158730158726,0.03191520919189661,-0.00041975242708436333,0.012685528260264256,0.4333333333333331,0.6666666666666665,0.018340705577732264,0.01718167328508402,0.24296875000000018,0.050170235574156896,-0.0791399817017383,-0.04170363797693,0.7333333333333334,-0.009620009620009529,9.199999999999996,0.04854882109161207,0.26929500190767963,0.03762504396267685,0.0711188070528263,-0.0007487155427107761,0.40439132851584225,0.03644224830142084,0.020077667673700894,9.166666666666671,107.99999999999997,194493.40877023095,1034.6933527734366,0.17557115692103473,0.016240985347676595,0.028358311563316363,,,0.036410743351840795,301.5126134559175,57.3170731707317,16.585365853658537,79.96951219512195,74.9390243902439,10.975609756097558,4.634146341463412,11.585365853658539,39.55548780487805,Slight Wait,Expansion
2024-09-30,293.55,6.508461538461538,3.9546875,5.263333333333333,314.12100000000004,4.166666666666667,157805.66666666666,68.13333333333334,1340.0,1453.6666666666667,7.8999999999999995,711.3333333333334,4.366666666666667,310.7,338200.3333333333,214.01749999999998,759.75,696.6666666666666,314762.5,214.0175,0.060017335314512144,0.4583578748969255,0.01122878888737322,-0.1398245117463912,196861.4224308124,1165.7165601780614,1045.1666666666667,528.3333333333334,256729.16666666666,49.833333333333336,399.0,70719.59,Wichita Composite,0.00904028598927531,0.05597323644735419,0.2928870292887029,0.5692825831284081,0.016243404805308503,0.013799255591412873,2.553774038461538,-1.3086458333333328,-0.4869230769230768,-0.531538461538462,-0.19499503968253995,0.02657611874936694,-0.005867493060421891,0.010018753160195404,0.5333333333333337,1.0333333333333337,0.01569140241909106,0.018707409567968458,0.3984610237537638,0.011317361918625979,-0.032258064516129115,-0.06335910652920962,0.33333333333333304,0.038948393378773316,-1.433333333333323,0.04065062072880754,0.23176597286398914,0.03848136744724773,0.07105810041097857,-0.0001484311826189244,0.46793071161048694,0.04966887417218557,-0.022341050092823167,9.0,123.66666666666669,196861.4224308124,996.3150286282397,0.1690589600920887,-0.0024780402857317585,0.03246465678759991,,,0.0349053560088877,303.79646725640896,50.0,35.1219512195122,81.1280487804878,66.95121951219511,34.756097560975604,27.07317073170731,10.0,47.068902439024384,Slight Wait,Economic Softening
2024-12-31,292.33,6.632307692307692,4.275483870967742,4.6499999999999995,316.5876666666666,4.133333333333333,158113.33333333334,72.10000000000001,1388.0,1471.3333333333333,8.766666666666667,667.6666666666666,3.9666666666666663,315.76666666666665,338981.6666666667,214.01749999999998,759.75,769.5,310304.9583333334,214.0175,0.060017335314512144,0.4219650056758133,0.041826991695347426,-0.1398245117463912,198558.99839970082,1163.3231090903653,1110.1666666666667,389.3333333333333,249325.0,61.0,302.3333333333333,70719.59,Wichita Composite,-0.004156021120763187,0.049508149637394805,0.26418439716312037,0.5546987182896346,0.015738041898390214,0.012265628202513146,2.35682382133995,-0.3745161290322576,0.12384615384615394,-0.6715384615384616,-0.1716129032258067,0.027231676914507563,-0.004683532277389046,0.008942093351711033,0.3333333333333326,1.1333333333333329,0.007551584769197817,0.017183020826873507,0.36476500147797797,0.040366648226688895,-0.05492510213345447,-0.02732481269281628,0.36666666666666714,0.03782383419689106,7.166666666666671,0.04616979970965418,0.20758705676638223,0.030166318174849494,0.070305941415876,-0.0010921924114442733,0.3481076705120423,-0.01931150293870698,-0.034870967741935543,9.333333333333336,59.66666666666666,198558.99839970082,1017.8836828554995,0.17271882082837292,-0.003981299397761512,0.03670509355864948,,,0.03708356389494384,303.1706382334089,59.756097560975604,34.87804878048781,81.92073170731706,63.35365853658537,35.85365853658536,27.560975609756092,13.658536585365846,48.89451219512194,Neutral / Fair Value,Economic Softening
2025-03-31,296.28,6.827692307692308,4.453606557377049,4.33,319.47499999999997,4.133333333333334,158318.33333333334,64.46666666666667,1396.6666666666667,1467.0,9.233333333333334,654.0,4.166666666666667,311.8,339515.3333333333,222.155,777.75,684.8333333333333,307513.1666666667,222.155,0.038022591610499035,0.4062532031570315,-0.021619464033833524,0.023692003948667217,199406.0291621246,1173.449495169775,1004.8333333333334,445.3333333333333,251533.5,64.5,288.3333333333333,70719.59,Wichita Composite,0.013512126706119787,0.05603079555175361,0.2364061261110879,0.5454592874654425,0.015667215505380517,0.013830634819805676,2.374085750315259,0.12360655737704906,0.19538461538461593,0.07923076923076877,0.29721311475409884,0.02723979378570429,0.0006636750363373523,0.006823731917852349,0.30000000000000027,0.6000000000000005,0.0026798156286849117,0.016001931164364436,0.4555437477860431,-0.02389064234239291,-0.009456264775413614,-0.04221980413492932,0.9666666666666686,-0.027268220128904397,-13.966666666666669,0.046654585543885796,0.1636176326374481,0.03414599704848187,0.07061669098575046,-0.0008541493473541578,0.35452707256796234,0.028483448806774447,-0.038097484026195505,3.8333333333333357,86.33333333333331,199406.0291621246,1042.9268270516563,0.17696824776020162,0.00925259579071322,0.04894019171054409,,,0.04163690511032597,308.61618224608736,69.51219512195121,49.024390243902445,85.79268292682926,53.81097560975609,17.19512195121951,5.487804878048782,13.780487804878051,47.64146341463414,Slight Wait,Expansion
2025-06-30,299.17,6.788461538461538,4.361774193548388,4.33,320.78566666666666,4.2,158487.0,55.03333333333334,1356.0,1420.0,9.1,662.6666666666666,3.966666666666667,314.93333333333334,340415.0,228.39499999999998,1485.5,750.0,322869.0,228.39499999999998,0.06717908582242083,0.4265567063910134,-0.04571086193423729,0.9552484369858507,197479.073476427,1187.6543598024343,1128.6666666666667,605.6666666666666,258532.5,50.333333333333336,381.6666666666667,70719.59,Wichita Composite,0.009754286485756936,0.028358311563316363,0.16794846769471028,0.5365690806368775,0.014118573784699143,0.007037669515097211,2.4266873449131507,0.03177419354838751,-0.039230769230769624,-0.20692307692307654,-0.08695596518177062,0.024610270835418335,-0.002621406079089228,0.005557987703903811,0.23333333333333384,0.30000000000000027,0.0009534908358936889,0.012163865796077644,0.4142049025769956,-0.04539914243244547,0.010432190760059523,-0.01388888888888884,0.9666666666666668,-0.034482758620689724,-16.46666666666666,0.01535098142952096,0.10481254097032489,0.03034332577476362,0.0721689243662086,0.0010501173133822955,0.34019394419156956,0.08283671036948737,-0.051201751783742866,1.5,81.33333333333337,197479.073476427,1028.7187023218878,0.17455735288995106,-0.0010138040310836705,0.04539225189691476,,,0.029459046899401393,307.98326306089393,41.46341463414634,63.90243902439025,91.95121951219512,53.536585365853654,24.329268292682926,19.756097560975608,17.804878048780488,49.88170731707317,Neutral / Fair Value,Neutral / Transition
2005-03-31,149.73250000000002,5.768461538461538,4.303606557377049,2.47,192.36666666666667,5.3,132989.66666666666,94.06666666666666,2071.6666666666665,2105.0,4.266666666666667,1283.3333333333333,5.566666666666666,2746.866666666667,3010398.3333333335,117.40454545454546,5445.0,1470.3939393939395,317585.0681818182,117.40454545454546,0.03545456732118368,0.14968303218955165,0.02934093972452872,0.10568580395052596,148035.61378246555,999.6337289934696,3126.1666666666665,1410.9333333333334,230439.3,69.0,1282.7333333333333,92043.86,DFW Composite,0.0045891102560577934,0.02753568487510316,0.0856829000366166,0.20529910608274293,0.0024544814122066305,0.006817262889793396,1.464854981084489,1.8336065573770486,0.03230769230769237,0.17096153846153772,0.293606557377049,0.03035172290662369,0.003603123593411972,0.015919860866730806,-0.40000000000000036,-0.5,0.020217151771012798,0.02351622534550435,0.0,0.0,0.0799304952215465,0.05531417112299453,0.5666666666666669,0.06944444444444442,-3.933333333333337,0.14256751037480542,0.20461532998634757,0.0,0.08103188443254515,-0.011552514024526922,0.0,0.0,0.0,0.0,0.0,148035.61378246555,692.506073254841,0.09028383728211846,0.012728243677143994,0.03464845641393821,4795.93690807784,0.1183846216213238,0.03422066104924715,154.85644513055644,51.21951219512195,46.58536585365854,42.774390243902445,40.243902439024396,42.13414634146342,37.195121951219505,74.51219512195122,45.700609756097556,Slight Wait,Neutral / Transition
2005-06-30,151.2115,5.708461538461538,4.15859375,2.9433333333333334,193.66666666666666,5.1000000000000005,133719.0,90.2,2051.3333333333335,2137.6666666666665,4.266666666666667,1273.3333333333333,5.2,2800.3333333333335,3020120.0,117.40454545454546,5445.0,1470.3939393939395,317585.0681818182,117.40454545454546,0.03545456732118368,0.14968303218955165,0.02934093972452872,0.10568580395052596,144599.64253090194,999.6337289934696,3126.1666666666665,1410.9333333333334,230439.3,69.0,1282.7333333333333,92043.86,DFW Composite,0.00987761508022622,0.028737137511693156,0.08619197270360068,0.20026749959319412,0.0028621474177249386,0.007112119583264687,1.5498677884615386,1.2152604166666663,-0.05999999999999961,-0.39769230769230735,-0.43850302419354836,0.029229406554472925,-0.004620071299326289,0.015836800429472442,-0.4999999999999982,-0.6999999999999993,0.024474714339719483,0.02395970505707501,0.0,0.0,0.05884377150722653,0.027724358974358987,0.3666666666666667,0.059051843637371704,-3.1333333333333258,0.09150287678480962,0.16607225155105554,0.0,0.08295736101393261,-0.007590837183250834,0.0,0.0,0.0,0.0,0.0,144599.64253090194,672.0259751365622,0.08761379305082106,0.0038276018593326466,0.03121125046706097,4677.01014154152,-0.011887729234151378,0.03307250964237839,156.21244379178847,46.34146341463415,47.07317073170732,42.774390243902445,45.51829268292683,53.78048780487805,50.48780487804878,75.42682926829268,48.89939024390244,Neutral / Fair Value,Neutral / Transition
2005-09-30,153.0595,5.7638461538461545,4.21515625,3.4599999999999995,196.6,4.966666666666667,134451.33333333334,87.5,2100.0,2228.3333333333335,4.466666666666667,1296.0,5.133333333333333,2821.3333333333335,3038550.6666666665,117.40454545454546,5445.0,1470.3939393939395,317585.0681818182,117.40454545454546,0.03545456732118368,0.14968303218955165,0.02934093972452872,0.10568580395052596,135267.13368169498,999.6337289934696,3126.1666666666665,1410.9333333333334,230439.3,69.0,1282.7333333333333,92043.86,DFW Composite,0.01222129269268546,0.037174695998942964,0.08354187535617341,0.19905601253427352,0.0035086825660526543,0.009170759364991232,1.5486899038461548,0.7551562500000002,0.055384615384616254,-0.13043956043955962,-0.0862500000000006,0.0381975004400632,0.007845777533439513,0.018874311032075264,-0.4666666666666668,-0.5,0.028707552444152906,0.02474581320383007,0.0,0.0,0.06221547799696503,0.07666290868094716,0.16666666666666696,0.11820534943917171,-8.100000000000009,-0.043060093219938866,0.07817910527791505,0.0,0.0886808526315727,0.003818605781139184,0.0,0.0,0.0,0.0,0.0,135267.13368169498,632.4579834808524,0.08245520995936316,-0.00493663629565097,0.027561177189262764,4998.649742904467,0.1124849290049581,0.03020134454945116,157.68210269606672,42.68292682926829,61.70731707317074,43.6280487804878,55.30487804878049,47.31707317073172,67.5609756097561,70.60975609756098,54.29207317073171,Neutral / Fair Value,Expansion
2005-12-31,153.699,6.226153846153846,4.488196721311475,3.98,198.4333333333333,4.966666666666667,134932.33333333334,82.43333333333334,2068.6666666666665,2169.3333333333335,4.8,1263.0,5.2,2862.866666666667,3050850.3333333335,117.40454545454546,5445.0,1470.3939393939395,317585.0681818182,117.40454545454546,0.03545456732118368,0.14968303218955165,0.02934093972452872,0.10568580395052596,136063.02251929746,999.6337289934696,3126.1666666666665,1410.9333333333334,230439.3,69.0,1282.7333333333333,92043.86,DFW Composite,0.004178113740081368,0.031201253283327457,0.07977912507113105,0.1881585355483577,0.003432043801537459,0.0077165329422627105,1.7379571248423709,0.5081967213114749,0.4623076923076912,0.4900000000000002,0.31239026969857164,0.0367467781260884,0.007517371571615472,0.018198419366036056,-0.4666666666666668,-0.5,0.030376466636274246,0.019044587419787984,0.0,0.0,0.05257801899592951,0.039948865452221316,0.6999999999999993,0.01690821256038655,-11.433333333333337,-0.01630268326374884,0.07388097938906357,0.0,0.08816212168313643,0.0014372791456602613,0.0,0.0,0.0,0.0,0.0,136063.02251929746,668.5234847567324,0.08715716417239334,0.0030960280396658962,0.032157008178322455,5594.16233436663,0.32940303373103763,0.03061445002346927,158.40441035415722,43.90243902439025,62.439024390243915,44.60365853658537,50.640243902439025,26.158536585365855,52.4390243902439,71.09756097560975,49.76768292682927,Neutral / Fair Value,Expansion
2006-03-31,154.9205,6.2469230769230775,4.577096774193548,4.456666666666667,199.46666666666667,4.733333333333333,135732.66666666666,88.93333333333334,2120.3333333333335,2157.0,5.766666666666667,1117.0,5.066666666666666,2844.633333333333,3055535.3333333335,121.75727272727272,5136.636363636364,1470.3939393939395,317585.0681818182,121.75727272727272,0.03707460606295232,0.14968303218955165,0.02934093972452872,-0.056632440103514425,137429.01244970172,999.6337289934696,3126.1666666666665,1410.9333333333334,230439.3,69.0,1282.7333333333333,92043.86,DFW Composite,0.007947351641845346,0.03464845641393821,0.08300418743489901,0.1690039879719445,0.0031024648638663496,0.008556093288709599,1.669826302729529,0.12043010752688144,0.02076923076923176,0.4784615384615396,0.27349021681649965,0.03690868133772307,-0.001288819102340133,0.020625662645468612,-0.5666666666666664,-0.5,0.03559206853869856,0.01499369684742713,0.0,0.0,0.023491552695092732,0.02470308788598574,1.5,-0.1296103896103895,-5.133333333333326,-0.07164898406372633,0.08276419957759407,0.0,0.08728582512598614,0.006253940693440985,0.0,0.0,0.0,0.0,0.0,137429.01244970172,676.7192539427544,0.08822566814682754,-0.002058169135290916,0.03085776252981387,5060.496536407453,0.05516328371293078,0.03142261102201456,159.788506610836,45.1219512195122,63.41463414634147,43.8719512195122,51.21951219512194,28.84146341463414,56.34146341463415,71.58536585365853,51.04207317073171,Neutral / Fair Value,Expansion
2006-06-30,155.93099999999998,6.602307692307692,5.072698412698412,4.906666666666667,201.26666666666665,4.633333333333333,136265.33333333334,83.8,1855.0,1923.3333333333333,6.266666666666667,1094.3333333333333,5.0,2897.7333333333336,3072468.6666666665,121.75727272727272,5136.636363636364,1470.3939393939395,317585.0681818182,121.75727272727272,0.03707460606295232,0.14968303218955165,0.02934093972452872,-0.056632440103514425,138581.9517012083,999.6337289934696,3126.1666666666665,1410.9333333333334,230439.3,69.0,1282.7333333333333,92043.86,DFW Composite,0.006522700352761479,0.03121125046706097,0.08299706211236191,0.15934259978661602,0.0030964753094197594,0.007717364606843413,1.5296092796092795,0.1660317460317451,0.3553846153846143,0.8938461538461535,0.9141046626984126,0.039242685025817625,0.0024959068997292277,0.019042419800726407,-0.4666666666666677,-0.20000000000000018,0.03478157362218792,0.01733330684431955,0.0,0.0,-0.09571010724731888,-0.10026508654295962,2.0,-0.14057591623036647,-6.400000000000006,-0.04161622203462645,0.08458541722640045,0.0,0.08655964648113008,0.003602285467197472,0.0,0.0,0.0,0.0,0.0,138581.9517012083,708.2216776193746,0.09233272193748171,0.004718928886660645,0.03768012774881191,5221.10271274536,0.1163334170202397,0.03336942859842064,161.13432837078034,47.5609756097561,63.658536585365866,45.213414634146346,55.762195121951216,25.365853658536583,38.65853658536585,65.48780487804878,48.773780487804885,Neutral / Fair Value,Expansion
2006-09-30,157.278,6.5600000000000005,4.893492063492064,5.246666666666667,203.16666666666666,4.633333333333334,136682.33333333334,84.03333333333335,1702.3333333333333,1713.3333333333333,6.8999999999999995,1005.3333333333334,4.8,2909.8333333333335,3089683.0,121.75727272727272,5136.636363636364,1470.3939393939395,317585.0681818182,121.75727272727272,0.03707460606295232,0.14968303218955165,0.02934093972452872,-0.056632440103514425,139994.1692044309,999.6337289934696,3126.1666666666665,1410.9333333333334,230439.3,69.0,1282.7333333333333,92043.86,DFW Composite,0.00863843623141003,0.027561177189262764,0.08697725529223921,0.15874781737407084,0.0027815336993494187,0.006821650491524556,1.6665079365079363,-0.3531746031746028,-0.04230769230769127,0.796153846153846,0.6783358134920645,0.033401152933197675,-0.003507528404525395,0.016593364637514485,-0.33333333333333304,-0.33333333333333304,0.03136814744801519,0.016827869251700323,0.0,0.0,-0.1893650793650794,-0.2311144353029171,2.4333333333333327,-0.22427983539094642,-3.4666666666666544,0.034945928061574705,0.08598688595088544,0.0,0.0856864597725115,-0.0029943928590611957,0.0,0.0,0.0,0.0,0.0,139994.1692044309,712.3117001778478,0.0928659489305878,0.010410738971224645,0.025025750581772366,4514.24862665543,-0.09690639295874637,0.029843902513835598,161.97178929957101,41.46341463414634,58.29268292682927,46.798780487804876,51.58536585365853,22.25609756097561,32.19512195121951,67.6829268292683,45.173780487804876,Slight Wait,Neutral / Transition
2006-12-31,158.6415,6.243846153846154,4.630645161290323,5.246666666666667,202.33333333333334,4.433333333333334,137050.66666666666,92.46666666666665,1570.0,1581.0,6.8,980.6666666666666,4.533333333333333,2954.2666666666664,3100857.3333333335,121.75727272727272,5136.636363636364,1470.3939393939395,317585.0681818182,121.75727272727272,0.03707460606295232,0.14968303218955165,0.02934093972452872,-0.056632440103514425,141082.14502852055,999.6337289934696,3126.1666666666665,1410.9333333333334,230439.3,69.0,1282.7333333333333,92043.86,DFW Composite,0.008669362530042468,0.032157008178322455,0.09247074135669209,0.15424744345776187,0.0026831942320254113,0.00794446268901483,1.6132009925558313,-0.6160215053763443,-0.31615384615384645,0.01769230769230834,0.14244843997884793,0.019653955988577332,-0.019588729037240293,0.015699227019962958,-0.5333333333333332,-0.666666666666667,0.03192604149686784,0.01639116788313988,0.0,0.0,-0.2410570415726716,-0.27120467117393987,2.0,-0.22354183161784114,10.033333333333317,0.036888218534989914,0.08870122285344606,0.0,0.0850256759669812,-0.003136445716155234,0.0,0.0,0.0,0.0,0.0,141082.14502852055,694.4819613821725,0.09054143901164151,0.0033842748392481636,0.02208123347295632,3883.1447516919834,-0.30585769243115246,0.02747880398353662,163.00077868215422,39.02439024390244,56.585365853658544,46.55487804878049,53.475609756097555,36.951219512195124,43.536585365853654,75.85365853658536,48.350609756097555,Neutral / Fair Value,Expansion
2007-03-31,159.70100000000002,6.214615384615384,4.679032258064517,5.256666666666667,204.317,4.5,137605.33333333334,92.2,1461.3333333333333,1606.6666666666667,7.666666666666667,850.6666666666666,4.366666666666667,2934.633333333333,3099943.3333333335,125.3809090909091,3959.818181818182,1470.3939393939395,317585.0681818182,125.3809090909091,0.029761149231332107,0.14968303218955165,0.02934093972452872,-0.22910287949312425,141503.71054839564,999.6337289934696,3126.1666666666665,1410.9333333333334,230439.3,69.0,1282.7333333333333,92043.86,DFW Composite,0.006678580321038297,0.03085776252981387,0.0959442766950318,0.1579626655452071,0.002410432799499624,0.007627269858813068,1.5355831265508675,-0.5776344086021501,-0.029230769230769837,-0.03230769230769326,0.10193548387096829,0.024316510695187254,-0.00908464223801042,0.013796727881767668,-0.2333333333333334,-0.6999999999999993,0.03163852400426537,0.014533623458889755,0.0,0.0,-0.3108001886495835,-0.2551383093803121,1.9000000000000004,-0.23843628767532088,3.2666666666666657,0.02964947521677952,0.09215301736552672,0.0,0.08477236887593151,-0.002513456250054627,0.0,0.0,0.0,0.0,0.0,141503.71054839564,694.4070383251828,0.09053167109573843,0.002306002948910882,0.01954590140324708,3699.1595546731164,-0.2690125310708694,0.02025168506864703,162.935214357148,31.70731707317073,58.29268292682927,45.579268292682926,51.49390243902438,42.804878048780495,46.58536585365853,77.3780487804878,48.12621951219512,Neutral / Fair Value,Expansion
2007-06-30,161.80649999999997,6.358461538461539,4.84609375,5.25,206.631,4.5,137969.66666666666,86.89999999999999,1451.0,1456.6666666666667,7.8,840.6666666666666,4.266666666666667,2986.0333333333333,3094901.6666666665,125.3809090909091,3959.818181818182,1470.3939393939395,317585.0681818182,125.3809090909091,0.029761149231332107,0.14968303218955165,0.02934093972452872,-0.22910287949312425,142831.4500840356,999.6337289934696,3126.1666666666665,1410.9333333333334,230439.3,69.0,1282.7333333333333,92043.86,DFW Composite,0.013184012623590036,0.03768012774881191,0.10081809677693654,0.162298644159109,0.0029772242083744337,0.009292597926520207,1.512367788461539,-0.40390625000000036,0.1438461538461544,-0.24384615384615316,-0.22660466269841262,0.026652865187148045,0.006998909198570713,0.012507460934059855,-0.13333333333333286,-0.7333333333333334,0.030472093130262667,0.007301294963029781,0.0,0.0,-0.21778975741239892,-0.24263431542461,1.5333333333333332,-0.23180018275967096,3.0999999999999943,0.030664154535718247,0.07815576811508151,0.0,0.08398433776919552,-0.0025753087119345652,0.0,0.0,0.0,0.0,0.0,142831.4500840356,711.6304059019814,0.09277712680480563,0.0004444048673239165,0.0068106040239424015,3576.120986203037,-0.3150640424151623,0.011807768234371057,163.71707365081474,26.82926829268293,55.365853658536594,46.3109756097561,44.35975609756097,46.64634146341463,42.92682926829268,75.48780487804878,45.62378048780488,Slight Wait,Expansion
2007-09-30,161.214,6.5515384615384615,4.738412698412698,5.073333333333333,207.939,4.666666666666667,138052.0,85.73333333333335,1289.0,1314.3333333333333,8.9,721.0,4.266666666666667,2990.8333333333335,3104422.3333333335,125.3809090909091,3959.818181818182,1470.3939393939395,317585.0681818182,125.3809090909091,0.029761149231332107,0.14968303218955165,0.02934093972452872,-0.22910287949312425,144046.12887126708,999.6337289934696,3126.1666666666665,1410.9333333333334,230439.3,69.0,1282.7333333333333,92043.86,DFW Composite,-0.0036617812016203066,0.025025750581772366,0.09243190681253743,0.14126937494026914,0.004851099753252688,0.0062175435682626234,1.8131257631257638,-0.3349206349206355,0.19307692307692292,-0.008461538461538964,-0.15507936507936648,0.023489745693191066,-0.0008267650019961881,0.01002080249337256,0.033333333333333215,-0.5333333333333332,0.027836645856005537,0.00477050018831493,0.0,0.0,-0.24280399451732915,-0.23287937743190668,2.000000000000001,-0.2828249336870027,1.7000000000000028,0.028943774514774256,0.019046426003722194,0.0,0.08327613412396535,-0.002410325648546152,0.0,0.0,0.0,0.0,0.0,144046.12887126708,732.2858715640422,0.09547003416380523,0.0026040852332174236,0.006026151574925365,3014.490530723347,-0.33222762412252005,0.009215178210646066,162.6996157400511,21.951219512195124,61.21951219512195,49.11585365853658,39.298780487804876,27.4390243902439,33.90243902439024,70.24390243902438,42.134756097560974,Slight Wait,Neutral / Transition
2007-12-31,162.1445,6.224615384615385,4.266612903225807,4.496666666666667,210.4896666666667,4.8,138286.66666666666,77.5,1166.0,1188.3333333333333,9.166666666666666,662.3333333333334,4.366666666666667,3037.7666666666664,3124486.3333333335,125.3809090909091,3959.818181818182,1470.3939393939395,317585.0681818182,125.3809090909091,0.029761149231332107,0.14968303218955165,0.02934093972452872,-0.22910287949312425,145337.67797812168,999.6337289934696,3126.1666666666665,1410.9333333333334,230439.3,69.0,1282.7333333333333,92043.86,DFW Composite,0.005771831230538149,0.02208123347295632,0.08786401741714944,0.13911116106868593,0.004773308219020047,0.005493160743386544,1.9580024813895776,-0.2300537634408597,-0.32692307692307665,-0.019230769230769162,-0.36403225806451545,0.04031136738056018,0.013658502193412136,0.009018562478110281,0.36666666666666625,-0.16666666666666607,0.028264205442975143,0.0076201506422095555,0.0,0.0,-0.25732484076433126,-0.24836601307189543,2.3666666666666663,-0.32460910944935406,-14.966666666666654,0.03016351182313559,0.05075046254744797,0.0,0.0825360974167166,-0.002489578550264604,0.0,0.0,0.0,0.0,0.0,145337.67797812168,713.9767840530499,0.09308303029269523,0.002541591281053718,0.004273965506076172,3356.3017610628704,-0.13567431149702935,0.007135980294675841,163.30155995689006,18.29268292682927,61.21951219512196,49.60365853658537,40.03048780487804,29.87804878048781,39.39024390243902,62.073170731707314,42.28353658536586,Slight Wait,Neutral / Transition
2008-03-31,162.8225,5.872307692307692,3.6652459016393446,3.1766666666666663,212.76966666666667,5.0,138326.33333333334,72.89999999999999,1064.0,1025.0,9.833333333333334,585.0,4.4,3009.7000000000003,3138060.3333333335,125.4090909090909,3301.6363636363635,1470.3939393939395,317585.0681818182,125.4090909090909,0.00022476961114858973,0.14968303218955165,0.02934093972452872,-0.1662151613940035,145116.8537676904,999.6337289934696,3126.1666666666665,1410.9333333333334,230439.3,69.0,1282.7333333333333,92043.86,DFW Composite,0.004181455430187331,0.01954590140324708,0.08742257025027955,0.13824477269708546,0.004820305551444347,0.004868879520673802,2.2070617906683476,0.4885792349726783,-0.35230769230769265,-0.342307692307692,-1.0137863564251721,0.04137035423712487,0.017880608543933807,0.0052396224952522275,0.5,0.033333333333333215,0.025579572689376384,0.012296031217774894,0.0,0.0,-0.2718978102189781,-0.36203319502074693,2.166666666666667,-0.3123040752351097,-19.30000000000001,0.025533911480427385,-0.01971660697178035,0.0,0.0826616925358976,-0.0021106763400339096,0.0,0.0,0.0,0.0,0.0,145116.8537676904,686.5370441876134,0.08950563927079287,-0.001026031824945553,0.01622932948456146,3178.5733188330832,-0.14073094932668717,0.01069468930745364,164.56383604976284,24.390243902439025,62.92682926829269,51.554878048780495,37.5609756097561,39.512195121951216,52.07317073170731,58.29268292682927,46.54329268292683,Slight Wait,Neutral / Transition
2008-06-30,162.9085,6.086923076923076,3.8815625000000002,2.0866666666666664,215.5376666666667,5.333333333333333,137863.66666666666,59.6,1010.6666666666666,1061.0,10.566666666666666,509.0,4.533333333333334,3041.5,3147872.6666666665,125.4090909090909,3301.6363636363635,1470.3939393939395,317585.0681818182,125.4090909090909,0.00022476961114858973,0.14968303218955165,0.02934093972452872,-0.1662151613940035,144300.12906241443,999.6337289934696,3126.1666666666665,1410.9333333333334,230439.3,69.0,1282.7333333333333,92043.86,DFW Composite,0.0005281825300558207,0.0068106040239424015,0.07735522761165647,0.13145831741688152,0.0052208016056352075,0.0017049219972902485,2.205360576923076,1.7948958333333338,0.2146153846153842,-0.2715384615384622,-0.9645312499999994,0.04310421314646251,0.00279284576590233,-0.0007682848162277045,0.833333333333333,0.2666666666666675,0.018575367544456878,0.0171155680228936,0.0,0.0,-0.3034688720422697,-0.27162471395881016,2.7666666666666666,-0.39452815226011095,-27.29999999999999,0.010282602168603105,-0.0020713292456687737,0.0,0.0831295496813669,-0.0008547880878286146,0.0,0.0,0.0,0.0,0.0,144300.12906241443,698.5862082268541,0.09107652046233447,-0.001700606342471156,0.005874463272327768,3131.7711929637267,-0.12425468683907714,0.005810209787047655,163.85503256109325,15.853658536585366,67.3170731707317,51.798780487804876,37.6829268292683,37.92682926829268,49.26829268292683,53.170731707317074,45.02865853658536,Slight Wait,Neutral / Transition
2008-09-30,162.18550000000002,6.322307692307692,3.8621875,1.9400000000000002,218.861,6.0,137156.0,64.83333333333333,862.3333333333334,858.6666666666666,10.9,448.3333333333333,5.1000000000000005,3024.2666666666664,3155272.6666666665,125.4090909090909,3301.6363636363635,1470.3939393939395,317585.0681818182,125.4090909090909,0.00022476961114858973,0.14968303218955165,0.02934093972452872,-0.1662151613940035,143909.77986100607,999.6337289934696,3126.1666666666665,1410.9333333333334,230439.3,69.0,1282.7333333333333,92043.86,DFW Composite,-0.004438074133639391,0.006026151574925365,0.05962387176228856,0.12089389258637251,0.006074608749152996,0.0015108487642854773,2.4601201923076923,1.9221875,0.23538461538461597,-0.22923076923076913,-0.8762251984126976,0.052525019356638225,0.011154665119513352,-0.006490307999884148,1.333333333333333,0.8333333333333339,0.0111786012816939,0.01637996634263783,0.0,0.0,-0.33100594776312386,-0.34669033730661936,2.0,-0.37817845584835874,-20.90000000000002,-0.0009465649047942781,0.06389317156411845,0.0,0.08335503507480506,7.890095083970539e-05,0.0,0.0,0.0,0.0,0.0,143909.77986100607,714.284851172368,0.09312319381291068,-0.0023468403508945523,-0.007001242404530705,2772.403964803583,-0.08030762195218233,8.462525021128408e-05,162.19922498851818,13.414634146341465,69.26829268292683,52.04268292682927,28.353658536585364,30.54878048780488,45.12195121951219,49.268292682926834,42.26890243902438,Slight Wait,Economic Softening
2008-12-31,162.83749999999998,5.841428571428572,3.234677419354839,0.5066666666666667,213.84866666666667,6.866666666666667,135559.66666666666,57.666666666666664,663.0,638.6666666666666,11.4,386.3333333333333,5.8,3023.433333333333,3154984.0,125.4090909090909,3301.6363636363635,1470.3939393939395,317585.0681818182,125.4090909090909,0.00022476961114858973,0.14968303218955165,0.02934093972452872,-0.1662151613940035,142972.63715284836,999.6337289934696,3126.1666666666665,1410.9333333333334,230439.3,69.0,1282.7333333333333,92043.86,DFW Composite,0.00402008810898602,0.004273965506076172,0.05945712073598375,0.12136612642763911,0.005763664628156388,0.001072912983897445,2.6067511520737328,2.728010752688172,-0.48087912087912077,-0.38318681318681325,-1.0319354838709685,0.0159580280267122,-0.02714618511975031,-0.01971990551029268,2.0666666666666673,1.4333333333333327,-0.004718378633425946,0.009760857758059238,0.0,0.0,-0.43138936535162953,-0.46255259467040677,2.2333333333333343,-0.41670860593860093,-19.833333333333336,-0.016272730225051046,0.050782457317313456,0.0,0.08390140230187854,0.0013653048851619415,0.0,0.0,0.0,0.0,0.0,142972.63715284836,674.1375918916755,0.08788909007836161,-0.005193940214333614,-0.00965072541644274,1777.1317923833533,-0.4705089354597922,-0.00758564572853545,161.60227241367957,8.536585365853659,71.70731707317073,52.53048780487805,17.591463414634145,37.3170731707317,63.170731707317074,50.36585365853659,44.30548780487805,Slight Wait,Economic Softening
2009-03-31,165.465,5.06,2.7362295081967214,0.18333333333333335,212.37766666666667,8.266666666666667,133297.0,58.26666666666667,525.6666666666666,538.6666666666666,11.233333333333334,349.0,6.566666666666666,2933.633333333333,3152827.6666666665,125.07363636363635,1851.2727272727273,1470.3939393939395,317585.0681818182,125.07363636363635,-0.0026748822036970488,0.14968303218955165,0.02934093972452872,-0.4392863043119114,137703.1147765326,999.6337289934696,3126.1666666666665,1410.9333333333334,230439.3,69.0,1282.7333333333333,92043.86,DFW Composite,0.01613571812389658,0.01622932948456146,0.06806394247372038,0.13549958825144115,0.007319453803781877,0.0040614786573247574,2.323770491803278,2.5528961748633883,-0.781428571428572,-0.8123076923076926,-0.9290163934426232,-0.0018423678813865862,-0.05436738723802481,-0.036358466332031325,3.2666666666666675,2.166666666666666,-0.025273836816515627,0.00470587935371114,0.0,0.0,-0.5059523809523809,-0.47447154471544717,1.4000000000000004,-0.40341880341880343,-14.633333333333319,-0.051088063162022745,0.001994501175151875,0.0,0.08711207998009592,0.004450387444198317,0.0,0.0,0.0,0.0,0.0,137703.1147765326,595.4222556667838,0.07762676476194508,-0.011878874508847795,-0.029930801075756297,1732.4234327541133,-0.45496823292088795,-0.02008551713373578,162.1415499074664,1.2195121951219512,70.2439024390244,50.82317073170732,10.54878048780488,51.09756097560975,76.34146341463415,45.24390243902439,44.72134146341463,Slight Wait,Economic Softening
2009-06-30,163.8655,5.012307692307692,3.320793650793651,0.18000000000000002,213.50699999999998,9.299999999999999,131432.0,68.2,534.3333333333334,559.3333333333334,9.5,368.6666666666667,7.733333333333333,2924.7333333333336,3185598.0,125.07363636363635,1851.2727272727273,1470.3939393939395,317585.0681818182,125.07363636363635,-0.0026748822036970488,0.14968303218955165,0.02934093972452872,-0.4392863043119114,133724.0056652896,999.6337289934696,3126.1666666666665,1410.9333333333334,230439.3,69.0,1282.7333333333333,92043.86,DFW Composite,-0.009666696884537584,0.005874463272327768,0.050884686175295624,0.1148260906539671,0.007868956389321438,0.0015127588036764061,1.6915140415140408,3.140793650793651,-0.0476923076923077,-1.0746153846153845,-0.5607688492063492,-0.009421400435809635,-0.025379428462521836,-0.046652369127954896,3.966666666666666,3.1999999999999993,-0.03839114472025862,0.011984389881081636,0.0,0.0,-0.4713060686015831,-0.4728243795161796,-1.0666666666666664,-0.2757039947609692,8.600000000000001,-0.07329254288158216,-0.035054680470893995,0.0,0.0897041984963161,0.006574648814949194,0.0,0.0,0.0,0.0,0.0,133724.0056652896,575.0924623003751,0.07497631615628138,-0.016100204306053092,-0.019744851722906853,1782.6544503491202,-0.4307839428518022,-0.01755977327142641,160.98805897299107,4.878048780487805,73.65853658536585,49.60365853658537,11.158536585365852,61.707317073170735,83.04878048780486,38.41463414634146,47.640853658536585,Slight Wait,Economic Softening
2009-09-30,161.05,5.162307692307692,3.5178125,0.15666666666666665,215.34399999999997,9.633333333333333,130460.0,68.39999999999999,588.3333333333334,606.6666666666666,7.733333333333333,405.0,8.466666666666667,2890.433333333333,3208757.6666666665,125.07363636363635,1851.2727272727273,1470.3939393939395,317585.0681818182,125.07363636363635,-0.0026748822036970488,0.14968303218955165,0.02934093972452872,-0.4392863043119114,132950.94401553785,999.6337289934696,3126.1666666666665,1410.9333333333334,230439.3,69.0,1282.7333333333333,92043.86,DFW Composite,-0.017181774076910572,-0.007001242404530705,0.02398301097419875,0.0913205961774981,0.010253238422540984,-0.001673166182141389,1.6444951923076925,3.361145833333333,0.15000000000000036,-1.1600000000000001,-0.3443750000000003,-0.016069560131773297,-0.014227192250386711,-0.04882032138586723,3.633333333333333,3.3666666666666663,-0.04425315227934046,0.01695099145155754,0.0,0.0,-0.31774255894858905,-0.2934782608695652,-3.166666666666667,-0.09665427509293678,3.566666666666663,-0.07615073733037958,-0.05031084672253705,0.0,0.090225795963658,0.006870760888852939,0.0,0.0,0.0,0.0,0.0,132950.94401553785,581.5644064039803,0.07582008052300028,-0.017303113289910396,0.0030735796336540666,1589.09161143293,-0.4268181579571819,-0.0024422058849756325,160.6566827422247,12.195121951219512,76.09756097560977,45.213414634146346,13.109756097560973,63.65853658536585,79.14634146341463,23.90243902439024,47.58963414634147,Slight Wait,Economic Softening
2009-12-31,161.266,4.922142857142857,3.4640322580645164,0.12,217.03,9.933333333333334,129975.33333333333,70.16666666666667,567.6666666666666,623.3333333333334,7.666666666666667,374.3333333333333,8.5,2906.1,3206659.3333333335,125.07363636363635,1851.2727272727273,1470.3939393939395,317585.0681818182,125.07363636363635,-0.0026748822036970488,0.14968303218955165,0.02934093972452872,-0.4392863043119114,132190.51563644377,999.6337289934696,3126.1666666666665,1410.9333333333334,230439.3,69.0,1282.7333333333333,92043.86,DFW Composite,0.0013411983855944332,-0.00965072541644274,0.016543590422430254,0.08196996279734448,0.010008668258017328,-0.0023428886129892856,1.4581105990783407,3.3440322580645163,-0.2401648351648351,-0.9192857142857145,0.22935483870967754,0.014876563800569231,0.024297964236378866,-0.04119465229333208,3.0666666666666664,2.7,-0.038807977685412776,0.016378952582115636,0.0,0.0,-0.14379084967320266,-0.024008350730688854,-3.7333333333333334,-0.03106125970664364,12.500000000000007,-0.07541388150291795,-0.06302448400029137,0.0,0.09074482151890897,0.006843419217030439,0.0,0.0,0.0,0.0,0.0,132190.51563644377,562.6804837245588,0.07335813387981237,-0.014530956198549244,-0.004430568129673906,1584.0478282702768,-0.1086492093274225,-0.005101056336015911,160.44337304891604,9.75609756097561,76.34146341463416,44.84756097560976,10.914634146341463,69.6341463414634,87.80487804878048,26.463414634146346,49.00670731707317,Neutral / Fair Value,Economic Softening
2010-03-31,160.5125,4.995833333333334,3.7178688524590164,0.13333333333333333,217.37400000000002,9.833333333333334,129791.33333333333,73.86666666666666,618.0,657.6666666666666,7.833333333333333,354.0,8.366666666666667,2867.866666666667,3265510.6666666665,123.01272727272728,1777.7272727272727,1470.3939393939395,317585.0681818182,123.01272727272728,-0.016477565942971673,0.14968303218955165,0.02934093972452872,-0.03972696916126495,132136.29965677482,999.6337289934696,3126.1666666666665,1410.9333333333334,230439.3,69.0,1282.7333333333333,92043.86,DFW Composite,-0.004672404598613511,-0.029930801075756297,0.005081370811704122,0.0719950578531714,0.009888794785554288,-0.007544919293616809,1.2779644808743171,3.584535519125683,0.07369047619047642,-0.06416666666666604,0.981639344262295,0.02352570028549783,0.03959526041727113,-0.02629966665916461,1.5666666666666664,1.8000000000000007,-0.022418161778908874,0.03574029788920696,0.0,0.0,0.17564996829422963,0.22091584158415833,-3.4000000000000012,0.014326647564469885,15.599999999999987,-0.04042621061107965,-0.06619904775159291,0.0,0.09078205443228184,0.00366997445218592,0.0,0.0,0.0,0.0,0.0,132136.29965677482,567.1998262847351,0.07394733245016909,-0.0036794323117759903,-0.01557822599486014,1745.5893424971566,0.0075997065694919375,-0.009009523707537746,159.06635882589384,7.317073170731707,76.58536585365854,49.96951219512195,32.92682926829268,52.68292682926829,79.7560975609756,29.024390243902438,49.35060975609756,Neutral / Fair Value,Correction
2010-06-30,160.63,4.922307692307692,3.4925,0.19333333333333336,217.29733333333334,9.633333333333333,130424.0,73.93333333333334,602.0,599.6666666666666,7.933333333333334,335.6666666666667,8.200000000000001,2918.6666666666665,3278211.6666666665,123.01272727272728,1777.7272727272727,1470.3939393939395,317585.0681818182,123.01272727272728,-0.016477565942971673,0.14968303218955165,0.02934093972452872,-0.03972696916126495,132490.266103002,999.6337289934696,3126.1666666666665,1410.9333333333334,230439.3,69.0,1282.7333333333333,92043.86,DFW Composite,0.0007320302157154401,-0.019744851722906853,-0.007271030521023403,0.06228692923487955,0.009895739521230308,-0.004945237518553552,1.429807692307692,3.299166666666667,-0.07352564102564152,-0.08999999999999986,0.17170634920634908,0.01775273566362401,0.0028761718630547772,-0.007669365146996121,0.3333333333333339,0.4666666666666677,-0.002074263180688929,0.029072615774704325,0.0,0.0,0.1266375545851528,0.07210965435041694,-1.5666666666666664,-0.08951175406871614,5.733333333333334,-0.009226014103822289,-0.07240130920010479,0.0,0.09053951736043675,0.0008353188641206516,0.0,0.0,0.0,0.0,0.0,132490.266103002,563.9670301348285,0.07352586431748888,-0.0014504518387924992,-0.026878540745813306,1416.0376151789499,-0.20565782398174315,-0.01925098752216265,157.537713874315,3.6585365853658534,74.8780487804878,50.457317073170735,30.914634146341463,53.78048780487805,76.70731707317071,29.634146341463413,47.85548780487805,Slight Wait,Neutral / Transition
2010-09-30,161.54500000000002,4.4471428571428575,2.78453125,0.18666666666666668,217.93433333333334,9.466666666666667,130390.33333333333,68.3,579.6666666666666,574.0,8.433333333333334,294.0,8.0,2913.2333333333336,3287520.0,123.01272727272728,1777.7272727272727,1470.3939393939395,317585.0681818182,123.01272727272728,-0.016477565942971673,0.14968303218955165,0.02934093972452872,-0.03972696916126495,132690.19669916693,999.6337289934696,3126.1666666666665,1410.9333333333334,230439.3,69.0,1282.7333333333333,92043.86,DFW Composite,0.005696320737097915,0.0030735796336540666,0.002053171560782774,0.05543922461526396,0.010143111965311742,0.0007742861849485694,1.6626116071428574,2.5978645833333336,-0.47516483516483454,-0.7151648351648348,-0.7332812499999997,0.012028815910047896,-0.011496884375449934,-0.000534007869589681,-0.16666666666666607,-0.4666666666666668,0.007888090597719222,0.024546052246804173,0.0,0.0,-0.014730878186968943,-0.053846153846153766,0.7000000000000002,-0.274074074074074,-0.09999999999999432,-0.0019612295219239018,-0.07883538600505435,0.0,0.09040309718673398,0.00017730122307597906,0.0,0.0,0.0,0.0,0.0,132690.19669916693,534.5286638564062,0.0696879071159866,-0.006132173407013677,-0.020693924293540555,1617.9403214315535,0.018154214515429867,-0.019789488468743836,158.3481070853168,2.4390243902439024,72.4390243902439,51.676829268292686,29.390243902439018,63.84146341463414,87.4390243902439,42.13414634146342,50.65792682926829,Neutral / Fair Value,Neutral / Transition
2010-12-31,160.5515,4.436153846153847,2.8783870967741936,0.18666666666666668,219.69899999999998,9.5,130733.0,71.26666666666667,542.3333333333334,583.3333333333334,7.8,301.3333333333333,8.1,2957.0,3297842.3333333335,123.01272727272728,1777.7272727272727,1470.3939393939395,317585.0681818182,123.01272727272728,-0.016477565942971673,0.14968303218955165,0.02934093972452872,-0.03972696916126495,132594.42887527333,999.6337289934696,3126.1666666666665,1410.9333333333334,230439.3,69.0,1282.7333333333333,92043.86,DFW Composite,-0.006149989167105185,-0.004430568129673906,-0.009824570059422277,0.044583894495084486,0.010140229729215492,-0.0010985107032263353,1.557766749379653,2.691720430107527,-0.01098901098901095,-0.4859890109890106,-0.5856451612903228,0.012297839008431843,-0.005454896655192165,0.00582931120263841,-0.43333333333333357,-0.40000000000000036,0.01751488248855848,0.028435512014684416,0.0,0.0,-0.04462712859659412,-0.06417112299465244,0.13333333333333286,-0.19501335707925205,1.0999999999999943,0.003055538719134887,-0.08768028552628071,0.0,0.09046839184476942,-0.0002764296741395583,0.0,0.0,0.0,0.0,0.0,132594.42887527333,533.4526239686593,0.0695476209670467,-0.0038105129127656706,-0.016549206952286455,1631.9408348356635,0.030234571021560797,-0.012303513716188689,158.57615241759535,6.097560975609756,72.92682926829269,49.60365853658537,34.81707317073171,63.78048780487805,86.09756097560975,41.707317073170735,51.44573170731708,Neutral / Fair Value,Neutral / Transition
2011-03-31,158.012,4.846923076923077,3.4574193548387098,0.15666666666666668,222.04366666666667,9.033333333333333,131059.0,73.06666666666666,582.3333333333334,567.0,7.533333333333334,292.3333333333333,8.033333333333333,2931.066666666667,3311428.3333333335,120.88818181818182,2256.818181818182,1470.3939393939395,317585.0681818182,120.88818181818182,-0.017270940183573003,0.14968303218955165,0.02934093972452872,0.26949629250831,131857.6387352685,999.6337289934696,3126.1666666666665,1410.9333333333334,230439.3,69.0,1282.7333333333333,92043.86,DFW Composite,-0.01581735455601474,-0.01557822599486014,-0.029544442567826845,0.01995539647754807,0.00821156831482355,-0.0038847481925766425,1.3895037220843673,3.300752688172043,0.41076923076923055,-0.14891025641025646,-0.26044949762030667,0.02148217664792762,0.009453360737879724,0.00976695927308957,-0.8000000000000007,-0.3333333333333339,0.022037286717188298,0.014061404586847681,0.0,0.0,-0.05771305285868389,-0.13786112519006588,-0.29999999999999893,-0.17419962335216577,-0.7999999999999972,-0.002108890003959085,-0.09136922892256094,0.0,0.09097390839832416,0.0001918539660423213,0.0,0.0,0.0,0.0,0.0,131857.6387352685,556.4448679692401,0.07254518026113727,-0.0014021521890318217,-0.0024839885578311627,1951.0838820525098,0.11772215523576834,-0.004803328492443975,157.25301645825195,10.975609756097562,75.1219512195122,56.3109756097561,19.817073170731703,56.64634146341464,78.04878048780488,49.51219512195122,50.637195121951216,Neutral / Fair Value,Neutral / Transition
2011-06-30,156.3125,4.650769230769231,3.2014285714285715,0.09333333333333334,224.56833333333336,9.066666666666666,131743.66666666666,71.86666666666666,574.3333333333334,611.6666666666666,6.633333333333333,305.3333333333333,8.066666666666666,2989.4666666666667,3334247.3333333335,120.88818181818182,2256.818181818182,1470.3939393939395,317585.0681818182,120.88818181818182,-0.017270940183573003,0.14968303218955165,0.02934093972452872,0.26949629250831,131546.5613220127,999.6337289934696,3126.1666666666665,1410.9333333333334,230439.3,69.0,1282.7333333333333,92043.86,DFW Composite,-0.010755512239576714,-0.026878540745813306,-0.04048898614866625,0.0024465949682874744,0.008295024385391044,-0.006756633806399681,1.4493406593406593,3.1080952380952382,-0.19615384615384635,-0.2715384615384613,-0.29107142857142865,0.033461064102642935,0.02116322509421109,0.01011828088899791,-0.5666666666666664,-0.13333333333333464,0.024257651895842836,0.01709336442074383,0.0,0.0,-0.04595791805094129,0.020011117287381808,-1.3000000000000007,-0.09036742800397235,-2.066666666666677,-0.007122823500525177,-0.08838223377392407,0.0,0.09118904080326057,0.0006495234428238184,0.0,0.0,0.0,0.0,0.0,131546.5613220127,542.6905113319762,0.07075198862785322,-0.002773875689635663,0.013431427429028364,1933.3084606117966,0.36529456554547624,0.00536927231326623,157.15178437846745,14.634146341463413,77.31707317073172,55.09146341463415,26.64634146341463,60.42682926829268,82.1951219512195,45.12195121951219,53.11280487804878,Neutral / Fair Value,Correction
2011-09-30,158.202,4.291538461538462,2.41421875,0.08333333333333333,226.03266666666664,9.0,132153.66666666666,59.666666666666664,619.3333333333334,626.0,6.5,299.6666666666667,7.966666666666666,2998.6666666666665,3354888.0,120.88818181818182,2256.818181818182,1470.3939393939395,317585.0681818182,120.88818181818182,-0.017270940183573003,0.14968303218955165,0.02934093972452872,0.26949629250831,131293.78028715515,999.6337289934696,3126.1666666666665,1410.9333333333334,230439.3,69.0,1282.7333333333333,92043.86,DFW Composite,0.01208796481407437,-0.020693924293540555,-0.024561381874458665,0.005874947545111198,0.009007762970824578,-0.005158722787155567,1.8773197115384619,2.3308854166666664,-0.359230769230769,-0.15560439560439576,-0.37031250000000027,0.037159511351278374,0.015677334703350754,0.01352349739627945,-0.4666666666666668,-0.0333333333333341,0.029325949403297358,0.020492042633961205,0.0,0.0,0.06843013225991967,0.09059233449477344,-1.9333333333333336,0.01927437641723362,-8.633333333333333,-0.0105238853114199,-0.0876660334414795,0.0,0.09136460784117738,0.000961510654443401,0.0,0.0,0.0,0.0,0.0,131293.78028715515,519.2666003449707,0.06769815177394395,-0.001989755342042654,0.00998723151414005,2228.1002031246267,0.3771213768584516,0.008137189112120033,159.4893195919156,20.73170731707317,77.31707317073172,54.84756097560975,41.64634146341463,50.67073170731707,83.29268292682926,38.41463414634146,54.7640243902439,Neutral / Fair Value,Correction
2011-12-31,157.8945,4.002307692307692,2.0467213114754097,0.07333333333333335,227.04733333333334,8.633333333333333,132710.33333333334,64.8,671.6666666666666,691.3333333333334,5.666666666666667,328.3333333333333,7.333333333333333,3030.433333333333,3359813.6666666665,120.88818181818182,2256.818181818182,1470.3939393939395,317585.0681818182,120.88818181818182,-0.017270940183573003,0.14968303218955165,0.02934093972452872,0.26949629250831,130965.9783005079,999.6337289934696,3126.1666666666665,1410.9333333333334,230439.3,69.0,1282.7333333333333,92043.86,DFW Composite,-0.001943717525694999,-0.016549206952286455,-0.03035541567513611,-0.004708730061175781,0.008897884509858203,-0.004107154876803021,1.9555863808322824,1.9733879781420764,-0.2892307692307696,-0.43384615384615444,-0.8316657852987839,0.03344727710792195,-1.3786994720987877e-05,0.015124974821455472,-0.8666666666666671,-0.7666666666666666,0.02483372787735294,0.0187914785091301,0.0,0.0,0.238475722188076,0.18514285714285705,-2.133333333333333,0.08960176991150437,-6.466666666666669,-0.012281440393677845,-0.08397871852573058,0.0,0.0915932893686109,0.0011248975238414838,0.0,0.0,0.0,0.0,0.0,130965.9783005079,500.34069099274467,0.0652307312178448,-0.004316889749201899,0.02114703172054755,1942.8695426449733,0.19052694875462217,0.013381043540889521,160.00729317936697,29.268292682926827,77.8048780487805,51.920731707317074,33.048780487804876,59.329268292682926,89.8780487804878,52.926829268292686,57.62987804878048,Neutral / Fair Value,Neutral / Transition
2012-03-31,157.6195,3.9223076923076925,2.04,0.10333333333333333,228.32600000000002,8.266666666666667,133501.0,75.5,707.3333333333334,752.0,5.0,351.6666666666667,6.8,3011.366666666667,3363627.3333333335,120.93818181818182,3185.2727272727275,1470.3939393939395,317585.0681818182,120.93818181818183,0.00041360536032564177,0.14968303218955165,0.02934093972452872,0.411399798590131,131031.9287820439,999.6337289934696,3126.1666666666665,1410.9333333333334,230439.3,69.0,1282.7333333333333,92043.86,DFW Composite,-0.0017416692791706323,-0.0024839885578311627,-0.04741486114888349,-0.01303373178627576,0.008860758313145223,-0.0005882335575919939,1.8823076923076925,1.9366666666666668,-0.07999999999999963,-0.9246153846153846,-1.4174193548387097,0.028293233613208235,-0.008866277738070139,0.018632829489008795,-0.7666666666666657,-1.2333333333333334,0.02739616976754755,0.015763288450049595,0.0,0.0,0.21465369204350315,0.32627865961199287,-2.533333333333334,0.20296465222348936,2.433333333333337,-0.006262132108116769,-0.04844615174692912,0.0,0.09154718898990569,0.0005732805915815292,0.0,0.0,0.0,0.0,0.0,131031.9287820439,495.7693829290776,0.06463475776818715,-0.007910422492950112,0.028705204622524683,2203.99443180454,0.12962566708611845,0.028388047095848978,162.09400978922417,40.243902439024396,76.34146341463415,48.99390243902439,31.951219512195124,70.45731707317073,94.02439024390243,57.19512195121951,60.68658536585366,Slight Buy,Neutral / Transition
2012-06-30,158.412,3.7946153846153843,1.82578125,0.15333333333333335,228.808,8.2,133923.33333333334,76.3,739.3333333333334,774.0,4.8,361.3333333333333,6.666666666666667,3065.7999999999997,3377946.0,120.93818181818182,3185.2727272727275,1470.3939393939395,317585.0681818182,120.93818181818183,0.00041360536032564177,0.14968303218955165,0.02934093972452872,0.411399798590131,132827.59809756227,999.6337289934696,3126.1666666666665,1410.9333333333334,230439.3,69.0,1282.7333333333333,92043.86,DFW Composite,0.0050279311887171385,0.013431427429028364,-0.03328034272009661,-0.020978761669030344,0.00919039972701404,0.0033576272994814693,1.9688341346153844,1.6724479166666666,-0.12769230769230822,-0.8561538461538465,-1.3756473214285716,0.0188791830252113,-0.014568094082710648,0.01654475483957496,-0.8666666666666671,-1.3999999999999995,0.02553409749788127,0.013106006333063469,0.0,0.0,0.2872896111433545,0.26539509536784744,-1.833333333333333,0.1834061135371179,4.433333333333337,0.009738276414642977,-0.0067034154658141,0.0,0.09030958113923605,-0.000879459664024515,0.0,0.0,0.0,0.0,0.0,132827.59809756227,494.8102998600497,0.06450971958716852,-0.0062422690406847,0.04608552382395281,2837.315102779503,0.46759565821257154,0.03822873651508659,164.4678906088279,53.65853658536586,72.4390243902439,48.26219512195122,26.34146341463414,71.28048780487805,94.14634146341463,55.487804878048784,61.515243902439025,Slight Buy,Neutral / Transition
2012-09-30,159.78199999999998,3.553846153846154,1.6412698412698414,0.14333333333333334,229.841,8.033333333333333,134337.66666666666,74.96666666666665,780.3333333333334,873.0,4.566666666666666,376.3333333333333,6.5,3069.433333333333,3384621.3333333335,120.93818181818182,3185.2727272727275,1470.3939393939395,317585.0681818182,120.93818181818183,0.00041360536032564177,0.14968303218955165,0.02934093972452872,0.411399798590131,135922.22192456128,999.6337289934696,3126.1666666666665,1410.9333333333334,230439.3,69.0,1282.7333333333333,92043.86,DFW Composite,0.008648334722116902,0.00998723151414005,-0.007873331263582917,-0.008882603247856946,0.009580742365693827,0.002497719776492102,1.9125763125763127,1.4979365079365081,-0.24076923076923018,-0.7376923076923076,-0.7729489087301584,0.016848597105433294,-0.011444636507774941,0.01652621569334678,-0.9666666666666668,-1.466666666666666,0.02359937750111163,0.00886269029944775,0.0,0.0,0.25995694294940797,0.3945686900958467,-1.9333333333333336,0.25583982202447153,15.29999999999999,0.035252558249775134,0.022348678537221778,0.0,0.08825344802396891,-0.00311115981720847,0.0,0.0,0.0,0.0,0.0,135922.22192456128,491.555452530586,0.06408537658423964,-0.0036127751897043064,0.05779124056527052,2835.8829356504134,0.2727806997519451,0.04488334880340014,166.95355123850487,60.97560975609756,68.78048780487805,47.53048780487805,20.914634146341463,74.14634146341464,90.97560975609755,54.87804878048781,61.06036585365854,Slight Buy,Neutral / Transition
2012-12-31,161.2335,3.3592307692307695,1.7070491803278687,0.16,231.36933333333332,7.8,134856.0,79.39999999999999,908.0,915.0,4.666666666666667,383.0,6.3,3118.8333333333335,3390396.0,120.93818181818182,3185.2727272727275,1470.3939393939395,317585.0681818182,120.93818181818183,0.00041360536032564177,0.14968303218955165,0.02934093972452872,0.411399798590131,138036.80488304637,999.6337289934696,3126.1666666666665,1410.9333333333334,230439.3,69.0,1282.7333333333333,92043.86,DFW Composite,0.009084252293750206,0.02114703172054755,-0.00020153039078296686,-0.005618445275664574,0.009991165677788648,0.005254712231353403,1.6521815889029008,1.5470491803278688,-0.19461538461538463,-0.6430769230769227,-0.339672131147541,0.01903567831670916,0.00015649529149786012,0.016168045191155667,-0.833333333333333,-1.0333333333333332,0.02917074565793687,0.00910238970593702,0.0,0.0,0.3518610421836228,0.32352941176470584,-1.0,0.1664974619289341,14.599999999999994,0.05398979700143269,0.04422623830805916,0.0,0.08690149527935742,-0.004691794089253479,0.0,0.0,0.0,0.0,0.0,138036.80488304637,487.2409727865367,0.06352288651778011,-0.0017078447000646868,0.060675976146396415,2857.40486527147,0.4707137059658013,0.06293247727980396,171.38032357549326,68.29268292682927,61.463414634146346,47.77439024390244,31.951219512195117,80.85365853658537,88.90243902439023,49.63414634146341,62.30670731707317,Slight Buy,Neutral / Transition
2013-03-31,162.144,3.496923076923077,1.951,0.14333333333333334,232.29933333333335,7.733333333333333,135497.33333333334,76.66666666666667,953.3333333333334,952.0,4.1000000000000005,445.6666666666667,6.400000000000001,3089.133333333333,3401996.0,125.31818181818181,3446.181818181818,1470.3939393939395,317585.0681818182,125.31818181818181,0.03621685008118325,0.14968303218955165,0.02934093972452872,0.08191106798333236,139675.1123761339,999.6337289934696,3126.1666666666665,1410.9333333333334,230439.3,69.0,1282.7333333333333,92043.86,DFW Composite,0.005647089469620337,0.028705204622524683,0.010164317420761737,-0.004167114495846613,0.007542666071520018,0.007101901918551146,1.545923076923077,1.8076666666666668,0.13769230769230756,-0.42538461538461547,-0.08899999999999997,0.01740201875096714,0.000553421645533847,0.014953695727622618,-0.5333333333333341,-0.3999999999999986,0.025824376528929216,0.011406931524915231,0.0,0.0,0.347785108388313,0.26595744680851063,-0.8999999999999995,0.26729857819905223,1.1666666666666714,0.06596242362017679,0.05705330585873236,0.0,0.08588219149320196,-0.005664997496703725,0.0,0.0,0.0,0.0,0.0,139675.1123761339,501.5710362827372,0.06539113456772506,0.0007563767995379111,0.07563955496348918,2670.294018454357,0.21157021992475267,0.07074938022165736,173.61558750666043,70.73170731707317,57.07317073170732,40.94512195121951,27.926829268292682,80.85365853658536,80.97560975609755,58.048780487804876,59.392073170731706,Neutral / Fair Value,Neutral / Transition
2013-06-30,165.7125,3.6723076923076925,1.98625,0.11666666666666665,232.045,7.533333333333334,136082.66666666666,81.66666666666667,868.0,985.6666666666666,4.366666666666666,446.3333333333333,6.3,3149.0333333333333,3423975.6666666665,125.31818181818181,3446.181818181818,1470.3939393939395,317585.0681818182,125.31818181818181,0.03621685008118325,0.14968303218955165,0.02934093972452872,0.08191106798333236,141282.68882915867,999.6337289934696,3126.1666666666665,1410.9333333333334,230439.3,69.0,1282.7333333333333,92043.86,DFW Composite,0.0220082149200711,0.04608552382395281,0.03164103841125576,0.01721211600376904,0.007739770950253297,0.011346972851389636,1.6860576923076924,1.8695833333333334,0.17538461538461547,-0.12230769230769178,0.16046875000000016,0.01414723261424422,-0.004888445702464939,0.016123652836199653,-0.6666666666666652,-0.36666666666666714,0.027148976884771914,0.013626525310548532,0.0,0.0,0.17403065825067632,0.27347114556416874,-0.43333333333333357,0.23523985239852396,5.366666666666674,0.06365462338170191,0.0663627826011095,0.0,0.08490498621828267,-0.005404594920953382,0.0,0.0,0.0,0.0,0.0,141282.68882915867,518.4714191850474,0.0675944819156929,0.003084762328524379,0.08327374217394579,2914.0685088496466,0.027051421252068275,0.07448462737747356,178.0555338142896,71.95121951219512,53.17073170731708,41.67682926829268,32.256097560975604,65.30487804878048,77.5609756097561,55.548780487804876,57.23109756097561,Neutral / Fair Value,Expansion
2013-09-30,169.01600000000002,4.4399999999999995,2.7065625,0.08333333333333333,233.29999999999998,7.233333333333333,136619.33333333334,81.56666666666666,882.3333333333334,988.3333333333334,5.466666666666666,386.3333333333333,6.1000000000000005,3168.433333333333,3441391.0,125.31818181818181,3446.181818181818,1470.3939393939395,317585.0681818182,125.31818181818181,0.03621685008118325,0.14968303218955165,0.02934093972452872,0.08191106798333236,143267.6184346087,999.6337289934696,3126.1666666666665,1410.9333333333334,230439.3,69.0,1282.7333333333333,92043.86,DFW Composite,0.019935128611299868,0.05779124056527052,0.04624717570955461,0.04211535556507817,0.00884414403938163,0.014168671323685378,1.7334374999999995,2.6232291666666665,0.767692307692307,0.8861538461538454,1.0652926587301585,0.015049534243237517,-0.002352484507729624,0.016984563773377204,-0.7999999999999998,-0.39999999999999947,0.032253510419947284,0.016772826581092692,0.0,0.0,0.13071337035454933,0.13211149293623525,0.8999999999999995,0.02657218777679371,6.6000000000000085,0.054041174474945164,0.07971517111714532,0.0,0.08372865326435758,-0.004524794759611331,0.0,0.0,0.0,0.0,0.0,143267.6184346087,576.6538759386433,0.07517988175706364,0.011094505172823996,0.08245964879064682,3265.2668289900266,0.15141100781761763,0.07948789212574435,182.4507255755248,74.39024390243902,52.926829268292686,47.53048780487805,46.52439024390244,35.609756097560975,57.92682926829268,48.65853658536586,53.862804878048784,Neutral / Fair Value,Expansion
2013-12-31,171.0165,4.2930769230769235,2.7441935483870967,0.08666666666666667,234.1626666666667,6.933333333333334,137243.33333333334,76.93333333333334,1009.0,1026.0,5.033333333333334,441.0,5.8,3216.4,3450276.6666666665,125.31818181818181,3446.181818181818,1470.3939393939395,317585.0681818182,125.31818181818181,0.03621685008118325,0.14968303218955165,0.02934093972452872,0.08191106798333236,144747.63597278684,999.6337289934696,3126.1666666666665,1410.9333333333334,230439.3,69.0,1282.7333333333333,92043.86,DFW Composite,0.011836157523547941,0.060675976146396415,0.06518157725091323,0.05022798802487172,0.007841759707753283,0.014856647631134812,1.5488833746898267,2.65752688172043,-0.14692307692307605,0.933846153846154,1.037144368059228,0.012073049150852722,-0.002074183463391499,0.01770283363983327,-0.8666666666666663,-0.5,0.03128306524875746,0.01766185031679668,0.0,0.0,0.11123348017621137,0.12131147540983611,0.36666666666666714,0.15143603133159278,-2.4666666666666544,0.048616244743032944,0.09165699645605452,0.0,0.08287254342569615,-0.0040289518536612695,0.0,0.0,0.0,0.0,0.0,144747.63597278684,572.5811291927158,0.07464890705705508,0.011126020539274972,0.08138688372174618,3590.4950510089166,0.256558037906119,0.07869614610076119,184.4748394696408,73.17073170731707,54.87804878048781,44.11585365853659,48.38414634146341,43.536585365853654,60.97560975609756,57.92682926829268,55.478658536585364,Neutral / Fair Value,Expansion
2014-03-31,174.4085,4.364615384615385,2.7654098360655737,0.07333333333333335,235.621,6.666666666666667,137752.66666666666,80.93333333333334,934.0,1027.3333333333333,5.333333333333333,422.6666666666667,5.466666666666666,3192.933333333333,3468648.0,134.72636363636363,3752.6363636363635,1470.3939393939395,317585.0681818182,134.72636363636363,0.07507435618425817,0.14968303218955165,0.02934093972452872,0.08892582040730201,145710.0492053242,999.6337289934696,3126.1666666666665,1410.9333333333334,230439.3,69.0,1282.7333333333333,92043.86,DFW Composite,0.01983434346978208,0.07563955496348918,0.10376743538465427,0.05405070558728431,0.0068525974078508314,0.018403461131175247,1.599205548549811,2.6920765027322404,0.0715384615384611,0.8676923076923075,0.8144098360655736,0.014299079635757383,-0.0007504546074801333,0.016644854019267186,-1.0666666666666664,-0.9333333333333353,0.03360165742279375,0.019592027739009588,0.0,0.0,-0.02027972027972036,0.07913165266106437,1.2333333333333325,-0.051608077786088224,4.266666666666666,0.0432069588241224,0.10505580566225126,0.0,0.08232517121052019,-0.003557020282681775,0.0,0.0,0.0,0.0,0.0,145710.0492053242,581.2932657268142,0.07578473120012318,0.010393596632398111,0.08224943165040699,3354.036763948457,0.2560552286634976,0.08025263359389,188.40524144615998,75.60975609756098,55.1219512195122,46.55487804878049,55.15243902439023,43.292682926829265,57.31707317073171,66.95121951219512,57.14939024390244,Neutral / Fair Value,Expansion
2014-06-30,179.512,4.227692307692307,2.620952380952381,0.09333333333333334,236.87233333333333,6.2,138553.33333333334,82.83333333333333,987.0,1039.3333333333333,5.533333333333334,424.0,5.233333333333333,3260.5,3489954.0,134.72636363636363,3752.6363636363635,1470.3939393939395,317585.0681818182,134.72636363636363,0.07507435618425817,0.14968303218955165,0.02934093972452872,0.08892582040730201,146662.1285872905,999.6337289934696,3126.1666666666665,1410.9333333333334,230439.3,69.0,1282.7333333333333,92043.86,DFW Composite,0.029261761898072614,0.08327374217394579,0.14841743302678934,0.09548379616209646,0.008178148470123424,0.020216847875675625,1.6067399267399263,2.527619047619048,-0.13692307692307715,0.5553846153846149,0.6347023809523811,0.020803436115121476,0.008730386964268755,0.01815563089102712,-1.333333333333334,-1.0666666666666664,0.035397105990198074,0.01926950999554422,0.0,0.0,0.1370967741935485,0.054447074737909995,1.1666666666666679,-0.050037341299477234,1.1666666666666572,0.038075717575256185,0.11490659363019295,0.0,0.08179074491464292,-0.003114241303639756,0.0,0.0,0.0,0.0,0.0,146662.1285872905,575.6603719570339,0.07505035603118347,0.007455874115490577,0.086075025625028,3935.1679728332333,0.3504033830648252,0.08414824530685146,194.6176198115235,79.26829268292683,53.41463414634147,48.62804878048781,56.34146341463414,47.80487804878049,61.70731707317073,60.24390243902439,58.733536585365854,Neutral / Fair Value,Overheated / Rate Pressure
2014-09-30,182.953,4.135384615384615,2.49953125,0.09000000000000001,237.47833333333332,6.066666666666666,139301.33333333334,82.96666666666665,1030.6666666666667,1066.6666666666667,5.666666666666667,442.6666666666667,5.0,3275.866666666667,3504655.6666666665,134.72636363636363,3752.6363636363635,1470.3939393939395,317585.0681818182,134.72636363636363,0.07507435618425817,0.14968303218955165,0.02934093972452872,0.08892582040730201,148861.0022562818,999.6337289934696,3126.1666666666665,1410.9333333333334,230439.3,69.0,1282.7333333333333,92043.86,DFW Composite,0.019168634965907483,0.08245964879064682,0.15645187797878668,0.1360012418503569,0.007698999928040455,0.02002522446432753,1.6358533653846155,2.40953125,-0.09230769230769198,-0.30461538461538407,-0.20703125,0.017909701385912413,0.0036106217501550297,0.019631189338746635,-1.166666666666667,-1.1000000000000005,0.03390739903001494,0.01838345792926943,0.0,0.0,0.16811484699660006,0.07925801011804379,0.20000000000000107,0.1458153580672994,1.3999999999999915,0.0390415076539159,0.13380086955151294,0.0,0.08058258755553578,-0.0031460657088217964,0.0,0.0,0.0,0.0,0.0,148861.0022562818,577.8822944133726,0.07534003390297268,0.00016015214590904547,0.09761796745612261,2792.6581982683697,-0.14473813488248333,0.09319112997882384,200.00259680301573,81.70731707317073,51.951219512195124,49.72560975609756,56.798780487804876,63.53658536585367,68.04878048780488,65.48780487804878,62.03475609756098,Slight Buy,Expansion
2014-12-31,184.935,3.9635714285714285,2.2759677419354842,0.09999999999999999,236.88833333333332,5.7,140083.66666666666,89.76666666666667,1049.3333333333333,1075.0,5.366666666666667,471.6666666666667,4.633333333333333,3339.5333333333333,3510545.6666666665,134.72636363636363,3752.6363636363635,1470.3939393939395,317585.0681818182,134.72636363636363,0.07507435618425817,0.14968303218955165,0.02934093972452872,0.08892582040730201,150582.50325873052,999.6337289934696,3126.1666666666665,1410.9333333333334,230439.3,69.0,1282.7333333333333,92043.86,DFW Composite,0.010833383437276245,0.08138688372174618,0.1712567568851353,0.14676993290588225,0.007460071961500486,0.019774530942759605,1.6876036866359443,2.175967741935484,-0.1718131868131869,-0.32950549450549493,-0.4682258064516125,0.011640056484950367,-0.009163379630171109,0.02069560148641081,-1.2333333333333334,-1.166666666666667,0.0382829664635409,0.01746787455691967,0.0,0.0,0.03997357119259992,0.04775828460038989,0.33333333333333304,0.06953892668178385,12.833333333333329,0.04031062232367422,0.1497833652126932,0.0,0.07966134503230309,-0.0032111983933930666,0.0,0.0,0.0,0.0,0.0,150582.50325873052,572.5960306720065,0.07465084980208432,1.942745029237525e-06,0.10021629221077677,3565.3204513339665,-0.007011456447454489,0.09546884479903046,202.5905308129087,85.36585365853658,51.21951219512195,47.16463414634146,59.756097560975604,63.475609756097555,71.82926829268293,67.86585365853658,63.18231707317073,Slight Buy,Expansion
2015-03-31,188.7535,3.716666666666667,1.9688524590163934,0.11,235.35500000000002,5.533333333333334,140772.66666666666,95.5,977.0,1082.6666666666667,4.8,511.6666666666667,4.3,3319.2333333333336,3513138.6666666665,144.74545454545455,5181.181818181818,1470.3939393939395,317585.0681818182,144.74545454545455,0.07436622379368285,0.14968303218955165,0.02934093972452872,0.38067782649773485,153053.86926927583,999.6337289934696,3126.1666666666665,1410.9333333333334,230439.3,69.0,1282.7333333333333,92043.86,DFW Composite,0.020647795171276462,0.08224943165040699,0.19752632129907788,0.17594268359162069,0.0058112056447681805,0.0199778938681332,1.7478142076502734,1.8588524590163933,-0.24690476190476174,-0.6479487179487178,-0.7965573770491803,-0.0011289316317305564,-0.01903863301764297,0.021923350546148024,-1.1333333333333329,-1.166666666666666,0.039556103060926384,0.012826515307020614,0.0,0.0,0.04603854389721618,0.0538611291369242,-0.5333333333333332,0.2105678233438486,14.566666666666663,0.050400230485155184,0.16806545314510957,0.0,0.07837505059618669,-0.003950120614333502,0.0,0.0,0.0,0.0,0.0,153053.86926927583,564.7395971614994,0.0736265859117381,-0.00215814528838508,0.09871075238339944,4086.3235882418635,0.2183299933276044,0.09814483070336635,207.27868030216786,90.2439024390244,46.09756097560976,47.53048780487805,55.85365853658536,72.3780487804878,78.04878048780488,72.1951219512195,64.77865853658535,Slight Buy,Expansion
2015-06-30,194.9635,3.819230769230769,2.164375,0.12333333333333334,236.96,5.433333333333334,141481.0,94.23333333333333,1158.0,1272.3333333333333,5.1000000000000005,494.6666666666667,4.066666666666666,3376.633333333333,3528915.0,144.74545454545455,5181.181818181818,1470.3939393939395,317585.0681818182,144.74545454545455,0.07436622379368285,0.14968303218955165,0.02934093972452872,0.38067782649773485,156117.2454983598,1025.8762228788903,3126.1666666666665,1410.9333333333334,230439.3,69.0,1282.7333333333333,92043.86,DFW Composite,0.0329000521844629,0.086075025625028,0.23073693912077364,0.21374276287119476,0.007574111919457465,0.020887466439730773,1.6548557692307688,2.0410416666666666,0.1025641025641022,-0.40846153846153843,-0.456577380952381,0.0003701009123058263,-0.011269955572644541,0.02113025068565655,-0.7666666666666666,-1.166666666666667,0.03561825895823745,0.011163757459267343,0.0,0.0,0.17325227963525847,0.22418216805644642,-0.43333333333333357,0.16666666666666674,11.400000000000006,0.06446870096694268,0.17533741281455106,0.026252109271907242,0.07885429079438902,-0.002936454120253895,0.0,0.0,0.0,0.0,0.0,156117.2454983598,583.319930596855,0.07604895282707896,0.0009985967958954928,0.10008540060062532,3976.8559943979435,0.010593708287043091,0.09615088792771574,213.70941363849522,87.8048780487805,41.21951219512195,48.75,54.02439024390243,71.03658536585365,64.39024390243902,66.89024390243902,60.72621951219513,Slight Buy,Expansion
2015-09-30,200.8125,3.9546153846153844,2.223125,0.1366666666666667,237.855,5.1000000000000005,142130.33333333334,90.73333333333333,1166.6666666666667,1149.6666666666667,5.366666666666667,493.3333333333333,4.0,3393.866666666667,3545784.0,144.74545454545455,5181.181818181818,1470.3939393939395,317585.0681818182,144.74545454545455,0.07436622379368285,0.14968303218955165,0.02934093972452872,0.38067782649773485,159027.25901687893,1037.7619076002652,3126.1666666666665,1410.9333333333334,230439.3,69.0,1282.7333333333333,92043.86,DFW Composite,0.030000487270694265,0.09761796745612261,0.2567905020590555,0.2430746850722707,0.00826175773980392,0.02359542951592747,1.7314903846153844,2.0864583333333333,0.13538461538461544,-0.18076923076923102,-0.27640624999999996,0.0015861096099996086,0.002715041241730165,0.020308491902446546,-0.9666666666666659,-1.0,0.03602100207578651,0.011735342140602123,0.0,0.0,0.1319534282018111,0.07781250000000006,-0.2999999999999998,0.11445783132530107,7.76666666666668,0.06829362026660779,0.16998719389049777,0.03814214897009016,0.0783082282131356,-0.0022743593424001812,0.0,0.0,0.0,0.0,0.0,159027.25901687893,604.0523532490037,0.07875189327118663,0.0034118593682139486,0.09351509492685972,4637.4611341225,0.6605903067543419,0.09392575739290768,219.67396615646328,82.92682926829268,38.78048780487806,50.823170731707314,56.25,58.475609756097555,58.53658536585365,58.53658536585366,57.306707317073176,Neutral / Fair Value,Expansion
2015-12-31,203.4685,3.8978571428571427,2.190483870967742,0.16,237.837,5.033333333333333,142821.33333333334,91.3,1125.3333333333333,1205.0,5.3999999999999995,510.6666666666667,3.966666666666667,3442.7333333333336,3568288.6666666665,144.74545454545455,5181.181818181818,1470.3939393939395,317585.0681818182,144.74545454545455,0.07436622379368285,0.14968303218955165,0.02934093972452872,0.38067782649773485,161634.31448715317,1037.9990274351694,3126.1666666666665,1410.9333333333334,230439.3,69.0,1282.7333333333333,92043.86,DFW Composite,0.01322626828509188,0.10021629221077677,0.2619492847330116,0.2673098663045814,0.008033474101450661,0.024193650727881377,1.7073732718894008,2.0304838709677417,-0.056758241758241734,-0.06571428571428584,-0.08548387096774235,0.0040046998234049,0.003634598911099074,0.019543082586359173,-0.666666666666667,-0.6666666666666661,0.030902521310362863,0.01644844006681967,0.0,0.0,0.07242693773824649,0.12093023255813962,0.03333333333333233,0.08268551236749122,1.5333333333333314,0.07339372761942631,0.17095085346332173,0.03837935568693718,0.07706277202797829,-0.0025985730043247973,0.0,0.0,0.0,0.0,0.0,161634.31448715317,609.743401935229,0.07949385024946529,0.004843000447380966,0.09691180698732249,4682.350655874367,0.3133042933412795,0.09501637807082616,222.8013399215039,84.14634146341463,37.31707317073171,51.55487804878049,57.04268292682926,58.109756097560975,54.14634146341463,58.41463414634146,56.7140243902439,Neutral / Fair Value,Expansion
2016-03-31,207.3855,3.7384615384615385,1.9142622950819672,0.36000000000000004,237.68933333333334,4.8999999999999995,143426.0,91.56666666666666,1142.6666666666667,1153.6666666666667,5.533333333333334,518.0,3.8333333333333335,3424.8333333333335,3603761.6666666665,157.92636363636365,5056.818181818182,1470.3939393939395,317585.0681818182,157.92636363636365,0.0910626805677679,0.14968303218955165,0.02934093972452872,-0.024002947730422997,164379.8589863922,1050.7770646484503,3126.1666666666665,1410.9333333333334,230439.3,69.0,1282.7333333333333,92043.86,DFW Composite,0.01925113715390836,0.09871075238339944,0.2790205002960331,0.3124667746753411,0.008058376731779485,0.023844486223539352,1.8241992433795713,1.5542622950819671,-0.15939560439560418,0.021794871794871717,-0.05459016393442617,0.009918350293528055,0.008332240683528447,0.018848355978196674,-0.6333333333333346,-0.46666666666666634,0.03181457565502077,0.025795452044022227,0.0,0.0,0.16956670078471525,0.06557881773399021,0.7333333333333343,0.01237785016286641,-3.933333333333337,0.0740000221568391,0.1768729316911548,0.051162074839628424,0.0767084535388562,-0.0016665970573304795,0.0,0.0,0.0,0.0,0.0,164379.8589863922,608.1543227042242,0.07928667781262858,0.005660091900890479,0.10069652892801084,3803.47885884156,-0.06921740858070347,0.09579111354035538,227.25118797712335,86.58536585365853,37.5609756097561,44.237804878048784,74.96951219512195,55.97560975609757,53.53658536585366,54.268292682926834,57.47621951219513,Neutral / Fair Value,Expansion
2016-06-30,214.47650000000002,3.589230769230769,1.75015625,0.37333333333333335,239.59033333333332,4.933333333333334,143967.0,92.39999999999999,1171.3333333333333,1191.0,5.133333333333333,568.0,3.8666666666666667,3478.9,3632791.0,157.92636363636365,5056.818181818182,1470.3939393939395,317585.0681818182,157.92636363636365,0.0910626805677679,0.14968303218955165,0.02934093972452872,-0.024002947730422997,166683.6065036585,1016.0184641396644,3126.1666666666665,1410.9333333333334,230439.3,69.0,1282.7333333333333,92043.86,DFW Composite,0.03419236156819072,0.10008540060062532,0.29426868824017505,0.37210075969612166,0.00885050010392653,0.024167563569471306,1.839074519230769,1.3768229166666668,-0.1492307692307695,-0.22999999999999998,-0.4142187500000001,0.011100326356065615,0.007095626532660715,0.01757126398597686,-0.5,-0.19999999999999973,0.030286577360092437,0.029435676404787392,0.0,0.0,0.011514104778353351,-0.06392454807440395,0.03333333333333233,0.1482479784366577,-1.8333333333333428,0.0676822151938985,0.1797878981848584,-0.00960911123523489,0.07314589494083432,-0.005708395853554704,0.0,0.0,0.0,0.0,0.0,166683.6065036585,605.4487594136757,0.07893394641385214,0.002884993586773174,0.10469911622019201,4368.682744055976,0.09852676340556088,0.09699366350548494,235.27936147083415,89.02439024390245,37.5609756097561,40.94512195121951,72.2560975609756,65.73170731707317,59.14634146341462,44.146341463414636,58.262804878048776,Neutral / Fair Value,Expansion
2016-09-30,219.5915,3.446153846153846,1.564375,0.39666666666666667,240.60733333333334,4.8999999999999995,144716.0,90.33333333333333,1159.3333333333333,1234.0,4.8999999999999995,587.0,3.9333333333333336,3495.0,3658176.3333333335,157.92636363636365,5056.818181818182,1470.3939393939395,317585.0681818182,157.92636363636365,0.0910626805677679,0.14968303218955165,0.02934093972452872,-0.024002947730422997,168711.17350708158,999.2400135397743,3126.1666666666665,1410.9333333333334,230439.3,69.0,1282.7333333333333,92043.86,DFW Composite,0.02384876664809421,0.09351509492685972,0.29923498367018486,0.38804503103626997,0.008750878660764773,0.022629633413821293,1.8817788461538458,1.1677083333333333,-0.1430769230769231,-0.5084615384615385,-0.65875,0.011571475618899596,0.0016531253253715406,0.018192222631340682,-0.20000000000000107,-0.06666666666666643,0.029798852832560563,0.03169745628423315,0.0,0.0,-0.00628571428571445,0.0733545955349375,-0.4666666666666677,0.18986486486486487,-0.4000000000000057,0.060894682773692255,0.17759459779172637,-0.03712016578982891,0.07107342040966824,-0.007234807803467358,0.0,0.0,0.0,0.0,0.0,168711.17350708158,602.0213165595591,0.07848710167864222,-0.00026479159254441664,0.0996190654009832,4596.515165720193,-0.008829393329256363,0.09885587287236977,241.299409407853,91.46341463414635,39.51219512195122,39.96951219512195,71.49390243902438,72.92682926829268,64.51219512195121,42.5609756097561,60.30792682926829,Slight Buy,Expansion
2016-12-31,223.187,3.8423076923076924,2.138688524590164,0.45,242.13466666666667,4.766666666666667,145218.66666666666,93.06666666666666,1235.0,1244.0,5.266666666666667,569.0,4.0,3548.9666666666667,3683475.6666666665,157.92636363636365,5056.818181818182,1376.090909090909,317585.0681818182,157.92636363636365,0.0910626805677679,0.14968303218955165,0.02934093972452872,-0.024002947730422997,170940.86931807108,955.5676877673134,3033.3333333333335,1104.3333333333333,225006.0,77.23333333333333,1083.7333333333333,92043.86,DFW Composite,0.01637358458774596,0.09691180698732249,0.3050612075443013,0.41351978694634717,0.00780882597247345,0.023416462489484813,1.7036191677175285,1.688688524590164,0.3961538461538465,-0.05554945054945026,-0.05179534637757799,0.018069798503457024,0.006969472147391409,0.016785540908921037,-0.2666666666666666,0.033333333333333215,0.0308572645765961,0.03228074036611006,-0.06413453413844994,0.0,0.09745260663507116,0.032365145228215875,-0.13333333333333286,0.11422976501305482,1.7666666666666657,0.057577840822021775,0.18095793530064053,-0.07941369643817364,0.06708057762284671,-0.00998219440513158,-0.029695580316681625,-0.2173029673029674,-0.02357800948015376,8.233333333333334,-199.0,170940.86931807108,640.5072904794145,0.08350461927338743,0.004010769023922139,0.09441858172743034,4932.636776139973,0.05345309197456283,0.09170472895312438,243.65430334086096,80.48780487804879,46.34146341463415,31.737804878048777,71.43292682926828,58.59756097560976,53.536585365853654,57.6829268292683,55.92743902439024,Neutral / Fair Value,Expansion
2017-03-31,228.26850000000002,4.173076923076923,2.4466129032258066,0.7000000000000001,243.83866666666665,4.566666666666666,145814.66666666666,97.23333333333333,1217.0,1269.6666666666667,5.233333333333333,597.3333333333334,4.0,3526.1,3710448.3333333335,173.44272727272727,5665.181818181818,1201.848484848485,317585.0681818182,173.44272727272727,0.09825062313276023,0.14968303218955165,0.02934093972452872,0.12030561797752792,173198.5116913006,956.766222857023,2869.6,1385.0,227748.26666666666,86.93333333333334,1192.8,92043.86,DFW Composite,0.022767903148480872,0.10069652892801084,0.3088152240286455,0.448224997541548,0.00772186017342167,0.02429565398812794,1.7264640198511167,1.7466129032258064,0.3307692307692309,0.43461538461538485,0.5323506081438394,0.02587130540144833,0.014299829782548734,0.016654349048754513,-0.33333333333333304,0.16666666666666652,0.029568348824760227,0.029604251483519306,-0.18263503905364464,0.0,0.0650525087514584,0.10054897428488885,-0.3000000000000007,0.15315315315315314,5.666666666666671,0.05364801234948402,0.1886517960558891,-0.0894679232677007,0.06628922247754483,-0.010419231061311374,-0.08207069360771979,-0.018380268380268405,-0.011677840252653615,17.933333333333337,-89.9333333333334,173198.5116913006,675.4008608763507,0.08805378577686995,0.008767107964241377,0.0890398806668462,5892.14624794228,0.5491465751795643,0.0815590882118682,246.88587072749084,76.82926829268293,44.63414634146342,37.22560975609756,68.5670731707317,45.609756097560975,44.39024390243902,55.853658536585364,52.69939024390244,Neutral / Fair Value,Expansion
2017-06-30,236.93200000000002,3.98,2.260952380952381,0.9500000000000001,244.12,4.366666666666667,146379.33333333334,96.36666666666667,1184.0,1270.6666666666667,5.266666666666667,617.3333333333334,3.8000000000000003,3572.866666666667,3730843.6666666665,173.44272727272727,5665.181818181818,1413.090909090909,317585.0681818182,173.44272727272727,0.09825062313276023,0.14968303218955165,0.02934093972452872,0.12030561797752792,175021.2729902153,980.2928288140108,3083.8333333333335,1625.4666666666667,233393.53333333333,63.9,1431.2666666666667,92043.86,DFW Composite,0.03795311223405773,0.10469911622019201,0.3198671955078214,0.4956695199858596,0.008692923805414211,0.025235841654594693,1.7190476190476192,1.3109523809523806,-0.19307692307692337,0.390769230769231,0.5107961309523807,0.018905882402044716,0.0008360838985876917,0.016756154766949027,-0.5666666666666664,-0.06666666666666643,0.02701045349583686,0.02699100131735266,-0.038971209529501616,0.0,0.01081388730791133,0.06689056815001404,0.13333333333333375,0.08685446009389675,3.9666666666666828,0.05002091484247928,0.19336378570317825,-0.03516238787639059,0.0672119094141532,-0.005933985526681118,-0.013541611131844045,0.15205065205065194,0.012820006541129692,-5.100000000000001,148.5333333333333,175021.2729902153,666.8492387316718,0.08693888831672272,0.008004941902870585,0.07200589198588614,4730.8467934548435,0.08290005720640314,0.06598438584979636,252.565812508164,69.51219512195121,30.24390243902439,26.43292682926829,67.01219512195121,48.71951219512194,48.53658536585366,33.170731707317074,45.98841463414633,Slight Wait,Expansion
2017-09-30,241.46699999999998,3.883846153846154,2.2414285714285715,1.1533333333333333,245.287,4.333333333333333,146899.66666666666,95.10000000000001,1182.0,1282.6666666666667,5.733333333333333,588.3333333333334,3.5666666666666664,3577.7666666666664,3751509.3333333335,173.44272727272727,5665.181818181818,1709.1818181818182,317585.0681818182,173.44272727272727,0.09825062313276023,0.14968303218955165,0.02934093972452872,0.12030561797752792,176386.5687736018,984.0371806694892,3363.9,1464.4,233370.8,67.4,1802.0666666666666,92043.86,DFW Composite,0.01914051288977414,0.0996190654009832,0.31983077621028344,0.5112277978746043,0.008594647851432833,0.024058778215014676,1.6424175824175826,1.0880952380952382,-0.09615384615384581,0.43769230769230827,0.6770535714285715,0.019449393340740473,-0.006421912060707857,0.015089324377861812,-0.5666666666666664,-0.36666666666666714,0.023681449690033274,0.02551353228917619,0.16239721369247562,0.0,0.019551466359976954,0.03943814154511083,0.8333333333333339,0.0022714366837024436,4.76666666666668,0.04549429126102322,0.1849078408724636,-0.015214395604945308,0.06694640215599644,-0.004127018253671802,0.07604627605693892,0.037894537894537894,0.012721354387033701,-1.5999999999999943,519.3333333333333,176386.5687736018,664.262252430504,0.08660161611177593,0.008114514433133713,0.06632376266736228,4915.47727544891,0.06939215867435111,0.06100274252888331,256.19714923022184,67.07317073170732,32.92682926829269,63.75,65.0,54.57317073170732,49.02439024390244,36.036585365853654,53.396951219512204,Neutral / Fair Value,Expansion
2017-12-31,244.26,3.9223076923076925,2.371451612903226,1.2033333333333334,247.23833333333334,4.166666666666667,147348.0,98.36666666666667,1235.6666666666667,1322.0,5.3,655.6666666666666,3.533333333333333,3640.2000000000003,3775384.0,173.44272727272727,5665.181818181818,1590.3030303030303,319973.856060606,173.44272727272727,0.09825062313276023,0.14643709529387638,0.02934093972452872,0.12030561797752792,178857.70498545247,979.5631167088497,3180.9,1189.8,234732.06666666668,76.6,1411.7333333333333,92043.86,DFW Composite,0.01156679794754556,0.09441858172743034,0.3207883851082811,0.5149457153755268,0.008888726791529227,0.022857081554964576,1.5508560794044666,1.1681182795698926,0.038461538461538325,0.08000000000000007,0.23276308831306203,0.021077802435008675,0.0021719200329639587,0.014662945075931466,-0.5999999999999996,-0.4666666666666668,0.025707013309038462,0.02495152449765059,0.15566712910968716,0.007521726044815935,0.0005398110661269939,0.06270096463022501,0.033333333333333215,0.15231400117164617,5.300000000000011,0.04631329944069984,0.18777215888182952,0.02511117657986306,0.06572128050878367,-0.0013592971140630322,0.04864835164835157,0.07739209175973438,0.04322581027468897,-0.63333333333334,328.0,178857.70498545247,676.7218864666522,0.08822601135588867,0.004721392082501247,0.056288381233112306,4808.959387369527,-0.025073281164487038,0.05795051192286112,258.4149920422781,65.85365853658537,24.390243902439025,60.15243902439024,69.11585365853658,58.323170731707314,45.97560975609756,36.40243902439024,51.225609756097555,Neutral / Fair Value,Expansion
2018-03-31,248.5935,4.282307692307692,2.7585245901639346,1.4466666666666665,249.3216666666667,4.033333333333333,147998.0,98.93333333333334,1298.0,1341.0,5.633333333333333,629.0,3.6333333333333333,3606.6,3799642.3333333335,187.04272727272726,5782.636363636364,1329.8181818181818,331363.4166666667,187.04272727272726,0.07841205113555949,0.09352324581906259,0.02934093972452872,0.02073270536129801,181872.7686604859,993.5787005544194,2871.6666666666665,1438.5333333333333,238942.7,83.63333333333334,1229.5333333333333,92043.86,DFW Composite,0.01774134119380988,0.0890398806668462,0.3170272339320861,0.5331649644760212,0.008998363564205426,0.021600441066296827,1.5237831021437578,1.311857923497268,0.3599999999999999,0.10923076923076902,0.311911686938128,0.02248617938637043,0.003036786045629958,0.01497334515960902,-0.5333333333333332,-0.3666666666666667,0.022829755253679807,0.02403860449927664,0.10647739593051098,0.04338474904922274,0.06655710764174194,0.05618272512470468,0.39999999999999947,0.053013392857142794,1.7000000000000028,0.05008274542592961,0.18829252425175502,0.038475937818404304,0.06555651236007955,-0.000732710117465285,0.0007201932905862574,0.03865222623345366,0.04915266094963333,-3.299999999999997,36.73333333333335,181872.7686604859,718.5183686968512,0.09367512862196582,0.00562134284509587,0.04746503830550686,4869.5494201512565,-0.17355251970335017,0.04760815746092154,260.4285784917616,62.19512195121951,19.268292682926827,56.798780487804876,61.036585365853654,54.69512195121952,32.073170731707314,35.42682926829268,45.323780487804875,Slight Wait,Expansion
2018-06-30,253.9925,4.544615384615384,2.920625,1.7366666666666666,250.679,3.9333333333333336,148707.33333333334,98.33333333333333,1275.0,1353.6666666666667,5.633333333333333,646.6666666666666,3.6333333333333333,3656.1,3816153.0,187.04272727272726,5782.636363636364,1666.4242424242425,336762.4166666666,187.04272727272726,0.07841205113555949,0.1385318726205275,0.02934093972452872,0.02073270536129801,184994.28792373394,1013.0306507785995,3231.5,1746.8,250845.3,58.2,1467.6,92043.86,DFW Composite,0.021718186517346583,0.07200589198588614,0.30276949275120724,0.5327298785547259,0.007768261041727019,0.01754170963711904,1.6239903846153845,1.1839583333333332,0.2623076923076919,0.5646153846153843,0.659672619047619,0.02686793380304775,0.005790131368039075,0.015903884428129622,-0.43333333333333357,-0.16666666666666696,0.02329595282966057,0.02286596302480648,0.17927603362497857,0.060384918581465996,0.07685810810810811,0.06532004197271779,0.36666666666666625,0.04751619870410351,1.9666666666666544,0.056981730067042546,0.1849702275568108,0.03339596190272642,0.06571212520007536,-0.0014997842140778428,0.04788412689834076,0.07464523008776958,0.07477399402382745,-5.699999999999996,36.33333333333326,184994.28792373394,753.7994822329237,0.09827482014329998,0.011335931826577259,0.04437138891896408,6068.976710707258,0.282852093012973,0.04487489264848314,265.3903861710199,59.756097560975604,18.536585365853657,57.77439024390243,58.536585365853654,41.951219512195124,22.195121951219512,42.804878048780495,42.201829268292684,Slight Wait,Expansion
2018-09-30,257.48199999999997,4.566923076923077,2.9238095238095236,1.9233333333333331,251.68633333333332,3.766666666666667,149218.33333333334,98.06666666666666,1248.6666666666667,1307.0,6.366666666666667,605.3333333333334,3.5,3671.2666666666664,3824395.0,187.04272727272726,5782.636363636364,2038.212121212121,324414.3484848485,187.04272727272726,0.07841205113555949,0.15921598197829614,0.02934093972452872,0.02073270536129801,186734.80593969862,1018.8574435626958,3619.8333333333335,1487.2,244238.83333333334,63.2,1871.8,92043.86,DFW Composite,0.013738594643542434,0.06632376266736228,0.2822010582010581,0.5234179012637854,0.008125075152872455,0.016191230075561114,1.6431135531135532,1.0004761904761905,0.022307692307692584,0.6830769230769227,0.6823809523809521,0.02608916629635205,0.0036029869099816203,0.015784015847551514,-0.566666666666666,-0.06666666666666643,0.02613362153298615,0.01942835807952137,0.19250749073630824,0.021503782725454057,0.05640157924421896,0.01897089397089391,0.6333333333333337,0.028895184135977248,2.9666666666666544,0.05866794301883127,0.17423143110250572,0.03538510899508562,0.06547407839275837,-0.0014723237632380676,0.07608232507902546,0.015569516525539395,0.04656980793369758,-4.200000000000003,69.73333333333335,186734.80593969862,762.8781238937569,0.09945842652323666,0.012856810411460737,0.04029990445934084,4936.384950458523,0.004253437425911777,0.04329801831215642,268.63046035105066,54.87804878048781,20.731707317073173,62.65243902439025,65.24390243902438,39.8170731707317,19.75609756097561,36.95121951219512,42.490853658536594,Slight Wait,Expansion
2018-12-31,258.009,4.7846153846153845,3.0411475409836064,2.22,252.711,3.8333333333333335,149651.0,98.13333333333333,1165.6666666666667,1309.6666666666667,7.066666666666666,575.0,3.533333333333333,3730.366666666667,3846952.0,187.04272727272726,5782.636363636364,1988.757575757576,316987.1818181818,187.04272727272726,0.07841205113555949,0.1820801162275757,-0.002914934989313813,0.02073270536129801,188155.1273191475,1021.3014957105914,3624.133333333333,1203.2666666666667,235214.66666666666,75.03333333333333,1586.8,92043.86,DFW Composite,0.002046745015185758,0.056288381233112306,0.26805377736602964,0.5086789871152784,0.010345536902728054,0.013811216842471163,1.743467843631778,0.8211475409836062,0.21769230769230763,0.862307692307692,0.6696959280803805,0.022135186695698472,-0.004732747107349278,0.015629665825121375,-0.3333333333333335,0.0,0.024769701298463342,0.018956482307495026,0.2505525914634148,-0.009334119603379376,-0.05664958187213376,-0.009329299041855754,1.7666666666666666,-0.12302999491611588,-0.2333333333333485,0.05198222986508316,0.16407909988755653,0.04260917779547979,0.06513571074647995,-0.0005855697623037281,0.13934211491506598,0.01131842886759693,0.0020559611085659846,-1.5666666666666629,175.0666666666666,188155.1273191475,788.3486560795997,0.1027790867631496,0.014553075407260932,0.046384040866791265,4790.518736310503,-0.0038346447897764646,0.044800683039635414,269.5679794303733,58.536585365853654,42.68292682926829,66.4329268292683,59.23780487804878,33.23170731707317,16.585365853658526,21.951219512195124,45.43353658536585,Slight Wait,Expansion
2019-03-31,260.39300000000003,4.373846153846154,2.652950819672131,2.4033333333333333,253.38566666666665,3.8666666666666667,150140.66666666666,94.46666666666665,1179.3333333333333,1278.3333333333333,6.3,653.6666666666666,3.466666666666667,3698.933333333333,3864310.3333333335,195.74181818181816,5700.727272727273,1779.7272727272727,320160.0670995671,195.74181818181816,0.04650857606672276,0.25476092623317453,-0.027755690061104423,-0.014164662233331793,190764.270790722,1037.2085450681916,3436.5666666666666,1484.0666666666666,236492.53333333333,77.73333333333333,1405.2666666666667,92043.86,DFW Composite,0.00923998775236523,0.04746503830550686,0.25559887263092174,0.4930063615018765,0.010619261294558015,0.011685878482110001,1.7208953341740227,0.24961748633879788,-0.41076923076923055,0.09153846153846157,-0.10557377049180339,0.016300227951842494,-0.009788938344509557,0.01447767312170889,-0.16666666666666652,-0.16666666666666652,0.025601212591729983,0.017019496659641753,0.3383237626469784,-0.033809856500754076,-0.09142270159219312,-0.046731295053442756,0.666666666666667,0.039215686274509665,-4.466666666666683,0.04888858401245577,0.16050878718976125,0.043911815429846346,0.06524545969340736,-0.0003110526666721819,0.19671503192106798,0.03165260913893775,-0.010254201809332009,-5.900000000000006,175.73333333333335,190764.270790722,761.8624462972402,0.09932600996488938,0.005650881342923561,0.04431762758599489,4670.661820267386,-0.04084312176006055,0.044128045660511116,271.8836341936775,57.3170731707317,58.78048780487806,63.44512195121952,60.0,45.12195121951219,25.731707317073166,24.024390243902445,50.76402439024391,Neutral / Fair Value,Expansion
2019-06-30,265.2625,4.010769230769231,2.338888888888889,2.3966666666666665,255.24733333333333,3.6333333333333333,150682.33333333334,98.46666666666665,1269.3333333333333,1322.6666666666667,5.866666666666667,683.0,3.266666666666667,3750.5,3876480.3333333335,195.74181818181816,5700.727272727273,2037.4242424242425,335174.5551948052,195.74181818181816,0.04650857606672276,0.1925464671120143,0.008766442079489734,-0.014164662233331793,193757.86169145736,1054.411497466776,3606.2,1776.3333333333333,251962.7,60.9,1425.8,92043.86,DFW Composite,0.01870057950866566,0.04437138891896408,0.23679051084850777,0.4776867284638353,0.006471557255454747,0.01093147672993977,1.671880341880342,-0.057777777777777484,-0.36307692307692285,-0.5338461538461532,-0.5817361111111108,0.018223837390979325,-0.003911349304719147,0.013281120411008596,-0.30000000000000027,-0.36666666666666625,0.02581986269522174,0.0158084157876619,0.2226323828920571,-0.004715079216910167,-0.004444444444444473,-0.022900763358778664,0.23333333333333428,0.0561855670103093,0.13333333333332575,0.047372131680824214,0.16242902199986076,0.040848563324684894,0.06530283653599574,-0.0004092886640796184,0.1159523441126411,0.016907106327761268,0.004454538315049161,2.6999999999999957,-41.799999999999955,193757.86169145736,740.9864292892265,0.09660434874711597,-0.001670471396184009,0.030471702558786173,5162.69020138216,-0.14933102440913504,0.03730130712825686,275.15713798210925,52.4390243902439,46.585365853658544,70.82317073170731,58.353658536585364,66.58536585365853,36.951219512195124,68.29268292682927,55.175,Neutral / Fair Value,Expansion
2019-09-30,267.8585,3.6584615384615384,1.79796875,2.19,256.08933333333334,3.6,151157.0,93.8,1308.6666666666667,1443.3333333333333,5.666666666666667,690.6666666666666,3.2000000000000006,3774.366666666667,3912934.0,195.74181818181816,5700.727272727273,2234.6666666666665,326776.7658402204,195.74181818181816,0.04650857606672276,0.1220368899403639,0.010995819462189405,-0.014164662233331793,195362.20032188934,1066.022164835853,3739.8333333333335,1561.8,250733.23333333334,61.86666666666667,1567.7333333333333,92043.86,DFW Composite,0.009786532208661214,0.04029990445934084,0.21980358984751236,0.46408367176269305,0.006301755628919418,0.009943461121219466,1.8604927884615385,-0.39203125000000005,-0.35230769230769265,-0.9084615384615384,-1.1258407738095237,0.01749399715783806,0.0011937692059955651,0.012992147971093715,-0.16666666666666696,-0.2999999999999994,0.028082950480306623,0.023151112790389172,0.09638572129465817,0.007282098854151764,0.048051254671649835,0.10431012496812042,-0.7000000000000002,0.14096916299559448,-4.266666666666666,0.04620131923866788,0.1579683565753225,0.04629177670649742,0.06547973946317663,5.661070418258585e-06,0.03315069754592748,0.050161377084454006,0.026590366123869114,-1.3333333333333357,-304.0666666666666,195362.20032188934,715.7082084314347,0.09330876064060348,-0.006149665882633187,0.03634381585799962,5415.2246091921,0.09700209030276263,0.04407909193481741,279.66545944702233,56.09756097560976,32.926829268292686,56.85975609756098,72.4390243902439,76.89024390243902,49.390243902439025,70.36585365853658,55.423780487804876,Neutral / Fair Value,Expansion
2019-12-31,269.9765,3.7,1.7919354838709676,1.6433333333333333,257.888,3.6,151640.33333333334,97.2,1408.6666666666667,1500.3333333333333,5.3999999999999995,711.6666666666666,3.1666666666666665,3845.7333333333336,3951403.6666666665,195.74181818181816,5700.727272727273,1986.4848484848483,323510.19146005507,195.74181818181816,0.04650857606672276,0.061490776877905245,0.023436409461748197,-0.014164662233331793,197517.23762223293,1068.2077428347243,3426.1666666666665,1172.6666666666667,246220.8,72.03333333333333,1147.7333333333333,92043.86,DFW Composite,0.007907159937056374,0.046384040866791265,0.2096425867097993,0.4598453510692946,0.00655402408619889,0.01140856485168712,1.9080645161290326,0.14860215053763426,0.041538461538461746,-1.0846153846153843,-1.2492120571126388,0.020485851427124224,0.0022620140361448993,0.013293150953440636,-0.2333333333333334,-0.3666666666666667,0.030926361126252244,0.027151798792047988,-0.0011427874872390609,0.020578149578347027,0.20846439805547612,0.14558411809620764,-1.666666666666667,0.2376811594202899,-0.9333333333333229,0.04975740197186074,0.15547111940042257,0.04592791386396322,0.06489809734243578,-0.00023761340404417075,-0.05462455391633858,-0.025430771787910644,0.04679186672032931,-3.0,-439.0666666666666,197517.23762223293,727.3105893158951,0.0948213935377193,-0.007957693225430301,0.050956286936085116,5742.204258111637,0.19866022328389632,0.05252454939523756,284.15689400980335,63.41463414634146,27.80487804878049,23.506097560975608,82.7439024390244,76.46341463414633,48.292682926829265,71.64634146341464,50.80792682926829,Neutral / Fair Value,Expansion
2020-03-31,271.933,3.5215384615384617,1.365,1.26,258.81766666666664,3.8333333333333335,151739.66666666666,96.63333333333333,1465.3333333333333,1434.0,5.8999999999999995,674.0,3.6666666666666665,3802.3333333333335,3953766.0,202.22636363636363,5528.363636363636,1674.6363636363637,320346.2727272727,202.22636363636363,0.03312805365137761,0.050498016642875496,0.0034304347116651435,-0.03023537666645415,200735.6916316025,1086.81157030827,3028.5,1502.9333333333334,243685.16666666666,77.03333333333333,973.5333333333333,92043.86,DFW Composite,0.007246927047354079,0.04431762758599489,0.19128570083038166,0.4406779212041101,0.006429281553718096,0.010910299675434332,2.156538461538462,0.10499999999999998,-0.17846153846153845,-0.8523076923076922,-1.2879508196721312,0.02143767669047314,0.00394367953263508,0.010650012654799257,-0.033333333333333215,0.19999999999999973,0.027954004758128592,0.023149193245435518,-0.0590488838943658,0.0005816016637942845,0.24250989259468625,0.12177314211212531,-0.40000000000000036,0.03110657827638974,2.1666666666666714,0.05227090376803134,0.15899201252596584,0.04782357942955162,0.06496970587390068,-0.0002757538195066883,-0.1187425434299737,0.012712816135842964,0.03041378614349477,-0.7000000000000028,-431.73333333333335,200735.6916316025,723.046506006564,0.09426547378693992,-0.005060536177949465,0.06933325488263664,4692.402987047906,0.004654836427287146,0.055262911397634874,286.96080928509303,64.63414634146342,30.73170731707317,24.786585365853657,66.52439024390243,75.0,46.585365853658544,62.5609756097561,48.93231707317073,Neutral / Fair Value,Expansion
2020-06-30,273.3455,3.2392307692307694,0.6876190476190476,0.06,256.292,13.0,133712.33333333334,74.06666666666666,1080.3333333333333,1221.0,5.366666666666667,728.0,11.333333333333334,3474.066666666667,3831574.0,202.22636363636363,5528.363636363636,1642.7575757575758,326322.5909090909,202.22636363636363,0.03312805365137761,-0.10404275548637255,-0.0286875284398883,-0.03023537666645415,203270.43489093785,1097.376581558236,2911.8333333333335,1464.0,252268.16666666666,68.53333333333333,887.5333333333333,92043.86,DFW Composite,0.005194294182758297,0.030471702558786173,0.15368755592321848,0.4020342269193977,0.005125533189636331,0.007533728343957491,2.551611721611722,0.6276190476190475,-0.28230769230769237,-0.7715384615384617,-1.6512698412698414,0.004092762314199749,-0.016393089112924475,-0.11262103276871649,9.366666666666667,8.066666666666666,-0.07370572812513876,-0.011584305728882471,-0.19370863389603632,-0.026410012778474545,-0.14889705882352944,-0.07686491935483875,-0.5,0.06588579795021965,-24.39999999999999,0.0490951598889362,0.1614041620089337,0.04074792829429841,0.06478324792173654,-0.0005195886142592004,-0.19254801915220077,-0.1758303621692625,0.0012123487590292026,7.633333333333333,-538.2666666666667,203270.43489093785,706.75582741988,0.0921416151934367,-0.0044627335536792795,0.1301265248559058,4627.2255458146465,-0.10371814590466,0.13753528029770096,310.94014996061526,92.6829268292683,51.463414634146346,30.21341463414634,0.7926829268292683,73.41463414634147,52.6829268292683,61.34146341463415,51.96036585365854,Neutral / Fair Value,Economic Softening
2020-09-30,277.5935,2.9523076923076923,0.650625,0.09333333333333334,259.22166666666664,8.799999999999999,140615.33333333334,75.66666666666667,1465.0,1574.3333333333333,3.466666666666667,992.0,7.400000000000001,3595.4,3942991.3333333335,202.22636363636363,5528.363636363636,1336.8484848484848,332982.1818181818,202.22636363636363,0.03312805365137761,-0.3720403290855977,0.01788606735058014,-0.03023537666645415,206096.24205954748,1113.8332048531468,2345.6,1517.9333333333334,260181.73333333334,53.53333333333333,830.2666666666667,92043.86,DFW Composite,0.015540771660773611,0.03634381585799962,0.14961257645972337,0.3823516962340492,0.005384908620081,0.00897228820698559,2.3016826923076925,0.5572916666666666,-0.28692307692307706,-0.7061538461538461,-1.1473437499999999,0.012231408831293145,-0.009206267859179995,-0.06973985105993541,5.199999999999999,4.200000000000001,-0.047416343580821474,0.00768153343075384,-0.40176827945324367,0.018989771081202367,0.11946001018848684,0.0907621247113164,-2.2,0.4362934362934363,-18.133333333333326,0.05494431225678342,0.16843500892677987,0.044849949273480405,0.0648531886106682,-0.0006265508525084285,-0.3728062747894292,-0.028087249754556676,0.03768347687455864,-8.333333333333336,-737.4666666666667,206096.24205954748,690.8943417639776,0.09007371161061402,-0.003235049029989459,0.18961358965537745,4754.163637087857,-0.12207452503117255,0.18825020547548807,329.8505334136599,95.1219512195122,31.21951219512195,9.786585365853657,7.743902439024392,75.97560975609755,55.609756097560975,62.19512195121951,46.28353658536585,Slight Wait,Economic Softening
2020-12-31,283.7335,2.7607142857142857,0.864516129032258,0.09000000000000001,261.0916666666667,6.766666666666667,142580.33333333334,79.8,1566.6666666666667,1686.3333333333333,3.766666666666666,927.3333333333334,6.3,3718.933333333333,4008246.0,202.22636363636363,5528.363636363636,1006.4545454545455,335955.2348484848,202.22636363636363,0.03312805365137761,-0.46662590668098924,0.03790840955973839,-0.03023537666645415,213860.3214357581,1124.822598241419,1839.0333333333333,1205.4,257529.2,59.56666666666667,528.6,92043.86,DFW Composite,0.02211867352801833,0.050956286936085116,0.16160443789404733,0.3944836670049663,0.006070906990931708,0.012525166604726079,1.8961981566820276,0.7745161290322581,-0.19159340659340662,-0.9392857142857145,-0.9274193548387095,0.012422705463870809,0.00832994314967106,-0.05974663732823937,3.1666666666666665,3.1333333333333333,-0.03297160489546869,0.014385352175695143,-0.49334899472190863,0.038468783107769244,0.11216280170373882,0.12397245056654072,-1.6333333333333333,0.3030444964871195,-17.400000000000006,0.08274256976387329,0.1957009146078028,0.052999854931265356,0.06311536000824576,-0.0017827373341900155,-0.46323879943571533,0.027913587265491868,0.04592788261592862,-12.466666666666661,-619.1333333333333,213860.3214357581,699.424058224456,0.09118575316912471,-0.003635640368594595,0.21415342213732247,5724.472183802293,-0.0030880256975001075,0.20741032046515928,342.58275616170124,96.34146341463415,23.902439024390247,8.44512195121951,17.621951219512194,84.08536585365854,52.07317073170732,60.73170731707317,46.140853658536585,Slight Wait,Economic Softening
2021-03-31,290.78700000000003,2.875833333333333,1.3359016393442622,0.08,263.74233333333336,6.233333333333333,143491.66666666666,80.23333333333333,1570.0,1771.6666666666667,4.3999999999999995,841.0,6.0,3700.7999999999997,4039914.3333333335,230.84454545454545,7155.0,605.969696969697,344108.4772727273,230.84454545454545,0.14151558334719416,-0.632483658863457,0.07644668623551086,0.29423469052160756,222139.32976018,1145.7669462752017,1130.8666666666666,1241.1333333333334,268576.1,58.43333333333333,247.06666666666666,92043.86,DFW Composite,0.02485959535973037,0.06933325488263664,0.16972889476193065,0.40215685281757896,0.007428530694734028,0.01692833368282015,1.5399316939890708,1.2559016393442621,0.11511904761904734,-0.6457051282051287,-0.029098360655737787,0.019027552215008736,0.006796143383715592,-0.05435625490148699,2.4,2.3333333333333335,-0.026702901727009842,0.021788930688698693,-0.6381484899480665,0.07417662251274137,0.0714285714285714,0.23547187354718746,-1.5,0.24777448071216623,-16.39999999999999,0.10662597146828401,0.22139961576580158,0.05424617990606162,0.061894502743597715,-0.0030752031303029614,-0.6265918221341699,-0.17419268985095804,0.10214381808221118,-18.6,-726.4666666666667,222139.32976018,737.3906551337409,0.09613555821762462,0.0018700844306847042,0.2505270180578911,6521.9138036834365,0.3898878296867072,0.21974167537729203,354.6850225579367,98.78048780487805,19.024390243902438,16.554878048780488,29.573170731707314,88.17073170731707,34.14634146341463,58.292682926829265,45.89207317073171,Slight Wait,Economic Softening
2021-06-30,308.915,3.003846153846154,1.59078125,0.07,268.5503333333333,5.933333333333334,145157.33333333334,85.56666666666666,1584.3333333333333,1692.3333333333333,5.366666666666667,749.3333333333334,5.466666666666666,3776.4666666666667,4066057.6666666665,230.84454545454545,7155.0,563.0,369538.8333333333,230.84454545454545,0.14151558334719416,-0.6697010151773802,0.13784203306424078,0.29423469052160756,231850.6416940645,1187.582197330824,948.6333333333333,1514.3333333333333,282815.8,34.833333333333336,240.6,92043.86,DFW Composite,0.06234116380718535,0.1301265248559058,0.21623669990255623,0.4403209675652111,0.01878462026037949,0.031215051088926915,1.4130649038461538,1.52078125,0.1280128205128208,-0.23538461538461553,0.9031622023809525,0.047829558992607435,0.035406853528736626,0.08559419849078997,-7.066666666666666,-5.866666666666668,0.08704496171633624,0.06119773927546923,-0.657283577133792,0.13243411160670115,0.4665226781857452,0.3860223860223859,0.0,0.029304029304029422,11.5,0.1406018874238204,0.2532854084102729,0.08220114889320795,0.06146623646948794,-0.0033170114522485944,-0.6742144124549253,0.03438069216757733,0.12109190682666404,-33.699999999999996,-646.9333333333333,231850.6416940645,782.3781254396818,0.10200069298784493,0.009859077794408241,0.276122881698849,6616.409728066264,0.42988701600051593,0.22012471080341553,376.9148250378371,100.0,12.439024390243906,20.274390243902438,76.3109756097561,82.01219512195122,21.829268292682926,63.90243902439025,48.822560975609754,Neutral / Fair Value,Expansion
2021-09-30,330.22900000000004,2.8721428571428573,1.32484375,0.09000000000000001,272.8296666666667,5.066666666666666,147282.33333333334,74.76666666666667,1590.6666666666667,1685.0,6.166666666666667,722.0,4.766666666666667,3839.9,4102952.6666666665,230.84454545454545,7155.0,802.5454545454545,388215.15151515155,230.84454545454545,0.14151558334719416,-0.3487886653940116,0.17435446432627055,0.29423469052160756,241316.7219691092,1239.6578257425347,1261.2333333333333,1474.4,287027.2,36.13333333333333,510.73333333333335,92043.86,DFW Composite,0.06899632585015292,0.18961358965537745,0.28253237119487995,0.5038332540193953,0.02507764594919338,0.04457893963627174,1.5472991071428572,1.23484375,-0.1317032967032965,-0.08016483516483497,0.6742187500000001,0.05249561186372054,0.0334680596487118,0.04741303698506094,-3.7333333333333325,-2.6333333333333346,0.06800356010457809,0.040568522679989005,-0.399673587813945,0.1658736494408839,0.08577929465301493,0.07029430446749951,2.7,-0.27217741935483875,-0.9000000000000057,0.17089336301137137,0.29229642409051726,0.1129654066166732,0.06164468747762399,-0.00320850113304421,-0.4622982037289677,-0.028679344723088418,0.10317967492465518,-17.4,-319.5333333333333,241316.7219691092,800.6691399379431,0.10438534063277352,0.014311629022159503,0.22116167871386216,5729.112625547274,0.20507266112039368,0.2083979938962745,399.0480611263729,97.5609756097561,8.536585365853657,27.04268292682927,78.35365853658536,76.46341463414635,16.46341463414634,59.26829268292683,47.37499999999999,Slight Wait,Expansion
2021-12-31,344.496,3.079230769230769,1.5333870967741934,0.08,278.77133333333336,4.166666666666667,149206.0,69.89999999999999,1668.3333333333333,1785.0,6.133333333333333,762.3333333333334,4.133333333333333,3964.0333333333333,4157413.3333333335,230.84454545454545,7155.0,662.6363636363636,402195.6060606061,230.84454545454545,0.14151558334719416,-0.22000694257973957,0.20470717769174882,0.29423469052160756,247540.3685656726,1278.1274730202347,1111.7666666666667,1156.4,299299.8,46.63333333333333,317.8666666666667,92043.86,DFW Composite,0.043203352824857655,0.21415342213732247,0.33520923688708515,0.5435307612002489,0.024378980056392253,0.04985010946048157,1.5458436724565758,1.4533870967741933,0.20708791208791189,0.31851648351648354,0.6688709677419353,0.06771440426414732,0.019884845271539886,0.04646970947372342,-2.5999999999999996,-2.166666666666667,0.0659059945504088,0.03721511437504921,-0.3416132237376931,0.19717023085529695,0.0648936170212766,0.058509586874876396,2.3666666666666667,-0.17792954708842557,-9.900000000000006,0.15748618960171035,0.31561851166456,0.13629249182804215,0.06195971091548957,-0.0011556490927561933,-0.39546138369795725,-0.04065040650406504,0.1621975294452045,-12.933333333333337,-210.73333333333335,247540.3685656726,843.3980579709445,0.10995602200571916,0.018770268836594453,0.144347104175375,5106.765994497753,-0.10790622601894606,0.17093705913218404,403.3831331228008,93.90243902439023,5.365853658536583,27.59146341463415,81.09756097560975,68.78048780487805,14.512195121951219,58.78048780487805,45.400609756097545,Slight Wait,Expansion
2022-03-31,363.637,3.822307692307692,1.9511290322580646,0.12,284.90566666666666,3.8666666666666667,150715.33333333334,63.13333333333333,1707.6666666666667,1889.3333333333333,6.266666666666667,767.6666666666666,3.6999999999999997,3956.1666666666665,4204432.666666667,281.95727272727277,7081.272727272727,411.33333333333337,424915.84848484845,281.95727272727277,0.22141622264491279,-0.1712353076356422,0.23582734015798107,-0.010304300870338623,258393.6294186382,1299.5755991645867,717.6666666666666,1167.0666666666666,319863.23333333334,46.4,154.66666666666666,92043.86,DFW Composite,0.05556232873531197,0.2505270180578911,0.3964929932832295,0.5930231284649436,0.023572118304318882,0.057525792804376974,1.8711786600496274,1.8311290322580644,0.7430769230769227,0.9464743589743589,0.6152273929138024,0.08024245886452297,0.027746847000802433,0.05034206399907104,-2.3666666666666667,-2.3000000000000003,0.06900309842916852,0.04072322325646671,-0.32119817972695897,0.23483109702082783,0.08768577494692154,0.06641580432737526,1.8666666666666671,-0.08719778042013482,-17.1,0.16320522663680515,0.3545179521699271,0.13424078377317916,0.060353295958039455,-0.0015412067855582606,-0.36538348169545476,-0.05967663963044545,0.1909594090216269,-12.033333333333331,-92.4,258393.6294186382,965.8302349895134,0.1259178267825161,0.029782268564891468,0.08823359559120769,6828.35478478048,0.04698635865502743,0.08231839251440576,393.571013298761,78.04878048780488,2.195121951219511,23.62804878048781,92.3780487804878,43.35365853658537,12.5609756097561,58.536585365853654,39.68353658536586,Slight Wait,Overheated / Rate Pressure
2022-06-30,394.21349999999995,5.266153846153846,2.9325806451612904,0.77,291.60533333333336,3.6333333333333333,151968.33333333334,57.86666666666667,1636.3333333333333,1762.0,8.700000000000001,605.0,3.5,4040.633333333333,4230603.333333333,281.95727272727277,7081.272727272727,751.0,468182.446969697,281.95727272727277,0.22141622264491279,0.6502868657991105,0.262961786263803,-0.010304300870338623,271242.10320088075,1335.2320241850978,1255.8666666666666,1771.0,346449.4666666667,27.8,562.8666666666667,92043.86,DFW Composite,0.08408522785085104,0.276122881698849,0.4861260072569624,0.6638254857933918,0.02473034630699398,0.0629618088152934,2.3335732009925554,2.1625806451612903,1.4438461538461538,2.262307692307692,1.3417993951612903,0.08584982827551912,0.018135424011371803,0.04692150126759009,-2.3000000000000003,-1.966666666666666,0.0699507476124066,0.04046810944557011,0.3339253996447602,0.2669370705821996,0.032821375973069555,0.041166042938743486,3.333333333333334,-0.19261565836298933,-27.699999999999996,0.16990016166871236,0.3999024392249453,0.12432809045649829,0.059071892236268235,-0.002394344233219707,0.3238694261920656,0.1694915254237288,0.22500039483885503,-7.033333333333335,322.26666666666665,271242.10320088075,1200.4191648801998,0.15650180227733168,0.054501109289486746,0.01671556149142539,6402.727737989727,-0.032295761426339054,0.03385971377937736,407.56145627796656,48.78048780487805,0.48780487804878025,69.90853658536585,95.91463414634146,20.304878048780488,10.975609756097564,35.24390243902439,38.87256097560976,Slight Wait,Overheated / Rate Pressure
2022-09-30,403.26300000000003,5.623076923076923,3.10109375,2.19,295.453,3.533333333333333,153338.66666666666,56.1,1465.0,1619.3333333333333,9.733333333333334,573.6666666666666,3.5,4102.233333333334,4258993.666666667,281.95727272727277,7081.272727272727,1450.5757575757577,465226.5833333334,281.95727272727277,0.22141622264491279,1.1107372517056677,0.19704820913990687,-0.010304300870338623,275940.0669103867,1369.4374825628545,2294.9,1519.2,344802.1666666667,41.1,1376.5333333333333,92043.86,DFW Composite,0.02295583484583874,0.22116167871386216,0.5055075720949682,0.6700542931332234,0.023486727884027368,0.05145168606421485,2.5219831730769227,0.91109375,0.3569230769230769,2.7509340659340653,1.7762499999999999,0.08292108995966929,0.002678631095146322,0.04112056888470428,-1.5333333333333332,-1.2666666666666666,0.06831775133032991,0.03803139170181358,0.8074686603232144,0.19837307100873458,-0.07900251466890196,-0.038971315529179096,3.5666666666666673,-0.20544783010156975,-18.666666666666664,0.14347677466673714,0.41245372162953187,0.10468990242737664,0.059553692128700736,-0.0020909953489232566,0.8195681475804109,0.03038524145415078,0.20128742734718763,4.966666666666669,865.8,275940.0669103867,1270.505318344637,0.16563911835222517,0.061253777719451646,0.0036353446758070618,6407.867447722583,0.1184746864895978,0.02086048606839621,411.6752621933997,32.926829268292686,2.195121951219511,88.32317073170732,94.6951219512195,17.68292682926829,9.756097560975613,31.95121951219512,38.87378048780487,Slight Wait,Overheated / Rate Pressure
2022-12-31,394.22299999999996,6.664615384615384,3.82672131147541,3.653333333333333,298.5416666666667,3.5666666666666664,154174.33333333334,58.800000000000004,1392.0,1468.3333333333333,9.233333333333334,597.6666666666666,3.6333333333333333,4174.8,4300730.0,281.95727272727277,7081.272727272727,1562.7272727272727,452029.70454545453,281.95727272727277,0.22141622264491279,1.5704881427053836,0.12245000251211166,-0.010304300870338623,273255.65825424297,1353.854507546377,2470.0666666666666,1051.4,340015.7,56.666666666666664,1158.6,92043.86,DFW Composite,-0.022417132243721993,0.144347104175375,0.46021227773528417,0.613948251862769,0.033601760904431774,0.03504656479706994,2.8378940731399744,0.17338797814207707,1.0415384615384617,3.585384615384615,2.2933342147012166,0.07091953500718629,-0.01493029326833284,0.033298482187937184,-0.6000000000000005,-0.49999999999999956,0.05316975134753332,0.034472556653816655,1.3583481959116477,0.12390512908124363,-0.16563436563436562,-0.1774042950513539,3.1000000000000014,-0.21600349803235686,-11.099999999999987,0.103883216453029,0.3834522067226642,0.05924842093191063,0.05945441054852982,-0.0025053003669597493,1.2217491679908852,-0.09079903147699753,0.13603717743880894,10.033333333333331,840.7333333333332,273255.65825424297,1405.4797464337796,0.18323608937310273,0.07328006736738357,0.015522940061843293,5804.1376777474625,0.136558378433844,0.0216982205152169,402.77693758617033,34.146341463414636,6.097560975609756,89.42073170731707,89.7560975609756,4.024390243902436,6.829268292682922,20.853658536585364,36.978658536585364,Slight Wait,Overheated / Rate Pressure
2023-03-31,395.722,6.372307692307692,3.646290322580645,4.516666666666667,301.23033333333336,3.533333333333333,154992.0,64.60000000000001,1373.0,1498.3333333333333,8.166666666666666,641.6666666666666,3.7999999999999994,4148.566666666667,4345632.333333333,293.06454545454545,6184.454545454545,1206.6060606060605,447412.7348484848,293.06454545454545,0.039393460646841794,2.188086528723951,0.053324632396688255,-0.12664646827740267,270794.02879559505,1320.19896303557,2079.633333333333,1211.6666666666667,341103.13333333336,59.96666666666667,883.4,92043.86,DFW Composite,0.0038024163988403803,0.08823359559120769,0.45521874873590185,0.5918437127278064,0.03592107639369681,0.022106586712952042,2.7260173697270473,-0.8703763440860217,-0.29230769230769216,2.5500000000000003,1.6951612903225803,0.05729849763137995,-0.02562259232828934,0.028375790120890088,-0.3333333333333335,0.09999999999999964,0.04863293592282103,0.03358352430902678,1.9334020922351551,0.052944333434149504,-0.19597891860238148,-0.20695130557515884,1.8999999999999995,-0.16413373860182368,1.4666666666666757,0.04799034482721809,0.34900787495512353,0.015869306783107273,0.0585034597213561,-0.001849836236683354,1.8977705527171387,0.038215468982063516,0.06640306789453865,13.56666666666667,728.7333333333333,270794.02879559505,1351.1405010150165,0.17615173909677623,0.05023391231426014,0.027171852967487364,4920.034954872226,-0.279469929442104,0.02670236122608758,406.28871178910975,36.58536585365854,18.292682926829265,83.14024390243901,86.25,8.963414634146343,9.63414634146341,8.414634146341463,38.50182926829268,Slight Wait,Overheated / Rate Pressure
2023-06-30,400.803,6.510769230769231,3.5957142857142856,4.989999999999999,303.3976666666667,3.533333333333333,155636.66666666666,62.300000000000004,1457.3333333333333,1502.6666666666667,7.3999999999999995,693.0,3.7999999999999994,4196.333333333333,4375261.0,293.06454545454545,6184.454545454545,1223.7878787878788,472295.1818181818,293.06454545454545,0.039393460646841794,0.8387245876156064,0.011394397836874166,-0.12664646827740267,272076.4865616943,1294.3213080344153,2134.4666666666667,1439.6,359676.5,44.06666666666667,956.8666666666667,92043.86,DFW Composite,0.012839821895168857,0.01671556149142539,0.46628717136371356,0.5780111617469019,0.03574976166914847,0.004295235224031496,2.9150549450549454,-1.3942857142857137,0.13846153846153886,1.2446153846153853,0.6631336405529953,0.04043936096276246,-0.030480174044423824,0.02413880084666742,-0.10000000000000009,0.2999999999999994,0.038533563220287226,0.03419315290726854,0.6295444457894523,0.00878447040273378,-0.10939091464656758,-0.14718123344684064,-1.3000000000000016,0.1454545454545455,4.433333333333337,0.0030761572446427188,0.3384951269852572,-0.030639406043043715,0.057086357930791205,-0.0019855343054770297,0.6995965601443892,-0.18712591756070018,0.03817882434802411,16.26666666666667,394.0,272076.4865616943,1377.308700505829,0.17956335605731819,0.023061553779986504,0.02600030438893941,5410.1819530666835,-0.15501920830303406,0.027050750269110864,411.64502186011043,37.80487804878049,37.804878048780495,78.56707317073172,85.76219512195122,8.17073170731708,9.878048780487799,7.621951219512194,41.65426829268293,Slight Wait,Buyer Leverage Improving
2023-09-30,404.729,7.04,4.14968253968254,5.260000000000001,305.989,3.6333333333333333,156240.33333333334,69.56666666666666,1384.6666666666667,1552.0,7.566666666666666,684.6666666666666,3.7999999999999994,4204.333333333333,4398559.0,293.06454545454545,6184.454545454545,1525.5454545454545,466572.50757575757,293.06454545454545,0.039393460646841794,0.13433208356327464,0.003033847320425523,-0.12664646827740267,275429.36301761295,1304.7530325858054,2542.3,1328.4666666666667,353760.0333333333,45.766666666666666,1260.6666666666667,92043.86,DFW Composite,0.00979533586325454,0.0036353446758070618,0.4579916316484356,0.5718729852960596,0.03343514570553344,0.0010051104783854459,2.89031746031746,-1.1103174603174608,0.529230769230769,1.4169230769230774,1.0485887896825399,0.03566049422412365,-0.0216380034072563,0.018923254843310033,0.10000000000000009,0.2999999999999994,0.02488888166608416,0.03276955643903667,0.05168271741628172,0.0028930510221076844,-0.054835039817974884,-0.04158089748867844,-2.166666666666668,0.1934921557234166,13.466666666666661,-0.0018507783175236714,0.3364113788063783,-0.04723432124553395,0.0568459231052589,-0.0027077690234418375,0.10780426162360013,-0.12554853431630686,0.02597972847231711,4.666666666666664,-115.86666666666656,275429.36301761295,1471.874787400248,0.19189218540816275,0.02625306705593758,0.01899666196393146,5249.800806938817,-0.1807257485008299,0.026137995778841187,415.3078048935746,35.36585365853659,43.17073170731707,67.89634146341463,67.95731707317073,2.4999999999999982,4.390243902439026,32.13414634146342,38.25670731707317,Slight Wait,Neutral / Transition
2023-12-31,400.3425,7.303846153846154,4.4470967741935485,5.33,308.195,3.8000000000000003,156712.0,64.93333333333334,1468.6666666666667,1512.6666666666667,8.4,643.3333333333334,3.7999999999999994,4253.3,4419881.666666667,293.06454545454545,6184.454545454545,1662.121212121212,450787.5,293.06454545454545,0.039393460646841794,0.09196344881541814,-0.0025140453378840796,-0.12664646827740267,276233.41257858323,1305.1241537166215,2873.133333333333,1113.4666666666667,339894.56666666665,55.3,1156.6,92043.86,DFW Composite,-0.010838116369224826,0.015522940061843293,0.4109807266325618,0.551660988570166,0.03494093006136171,0.0038998644470097377,2.856749379652605,-0.8829032258064515,0.2638461538461536,0.6392307692307693,0.6203754627181386,0.03233496161898097,-0.008104399343781488,0.01645972200301382,0.23333333333333384,0.16666666666666607,0.018803295966273836,0.02770498651779274,0.06360286988559238,-0.002748059547776016,0.05507662835249039,0.030192962542565427,-0.8333333333333339,0.07640825432236498,6.133333333333333,0.010897319906802094,0.29165340594310063,-0.035993789257363074,0.05669658025219544,-0.0027578302963343765,0.16318048095867854,0.05903240124278741,-0.0003562580590642517,-1.3666666666666671,-2.0,276233.41257858323,1515.598431990802,0.1975925518974283,0.01435646252432557,0.03919518911931674,5285.393018546377,-0.08937497488901847,0.033995764720741915,413.95244943771354,50.0,65.85365853658537,62.34756097560975,60.701219512195124,6.463414634146342,3.2926829268292663,32.073170731707314,43.77499999999999,Slight Wait,Neutral / Transition
2024-03-31,406.47450000000003,6.748461538461539,4.15639344262295,5.33,311.00333333333333,3.8333333333333335,157245.33333333334,78.43333333333334,1410.0,1531.6666666666667,8.266666666666666,672.3333333333334,3.8333333333333335,4213.933333333333,4445130.666666667,300.2845454545455,6526.181818181818,1480.4545454545455,446012.6666666666,300.2845454545455,0.02463621107357672,0.21537951302525873,-0.0035899470407087467,0.055255846771229855,276714.3921967381,1316.9471286718212,2809.266666666667,1373.0,344804.1,64.7,1171.9333333333334,92043.86,DFW Composite,0.015316884917289775,0.027171852967487364,0.3978427508795097,0.5610039440384342,0.03175457021211032,0.006778481576622086,2.592068095838589,-1.1736065573770498,-0.5553846153846145,0.37615384615384695,0.5101031200423054,0.03244361180978883,-0.0032168824143348207,0.014538384776848767,0.30000000000000027,0.0333333333333341,0.015756446001430335,0.022896169234136066,0.22695765734090134,-0.0031292542048279026,0.02694828841951935,0.022246941045606317,0.09999999999999964,0.04779220779220794,13.833333333333329,0.02186297617962607,0.24567942333974324,-0.0024631396136470807,0.057110746638815935,-0.001392713082540166,0.35084710445751677,0.13314993122420904,0.010849993169221195,4.733333333333334,288.5333333333334,276714.3921967381,1435.5850463621618,0.18716099646783546,0.011009257371059233,0.015502817519918333,5741.301148677133,0.1669228372029392,0.01789143998724767,413.74691412309653,30.48780487804878,50.24390243902439,82.16463414634147,51.43292682926828,14.024390243902443,11.341463414634143,14.512195121951226,40.585975609756105,Slight Wait,Neutral / Transition
2024-06-30,411.22400000000005,6.995384615384615,4.448730158730158,5.33,313.0806666666667,3.9666666666666663,157611.0,71.5,1342.0,1440.0,8.133333333333333,686.3333333333334,3.9333333333333336,4255.133333333333,4477134.0,300.2845454545455,6526.181818181818,1847.878787878788,455705.2348484848,300.2845454545455,0.02463621107357672,0.44944404393486065,-0.03678276462400567,0.055255846771229855,279455.62721407454,1336.322624684932,3287.8,1605.8666666666666,356893.3,49.56666666666667,1607.7333333333333,92043.86,DFW Composite,0.011684619822399656,0.02600030438893941,0.3311881909263066,0.5502530512228456,0.014931937989723861,0.006489681058429786,2.5466544566544567,-0.8812698412698419,0.2469230769230757,0.4846153846153838,0.8530158730158726,0.03191520919189661,-0.00041975242708436333,0.012685528260264256,0.4333333333333331,0.1333333333333342,0.014012232901739585,0.02328386809381211,0.5099665717469359,-0.03512622531068632,-0.0791399817017383,-0.04170363797693,0.7333333333333334,-0.009620009620009529,9.199999999999996,0.02712156697417134,0.20532608912433625,0.03245045599558338,0.05738253208955798,0.0002961741587667738,0.540337945466471,0.11549504491988505,-0.007738064621958918,5.5,650.8666666666667,279455.62721407454,1486.6872954812013,0.19382333102690844,0.01425997496959025,0.009040085209034432,6195.612722139877,0.14517640550480637,0.013159113444480328,416.63534326709305,28.04878048780488,64.8780487804878,85.57926829268293,49.96951219512195,10.975609756097558,4.878048780487806,14.26829268292683,42.15914634146341,Slight Wait,Neutral / Transition
2024-09-30,412.4175,6.508461538461538,3.9546875,5.263333333333333,314.12100000000004,4.166666666666667,157805.66666666666,68.13333333333334,1340.0,1453.6666666666667,7.8999999999999995,711.3333333333334,4.0,4260.5,4506542.0,300.2845454545455,6526.181818181818,2290.1515151515155,449207.5378787879,300.2845454545455,0.02463621107357672,0.4272072088366142,-0.03872260416918219,0.055255846771229855,280490.4290389835,1346.2092094536306,3802.766666666667,1430.2666666666667,347297.2,52.766666666666666,1810.3333333333333,92043.86,DFW Composite,0.002902311149154624,0.01899666196393146,0.2488833506445527,0.5396841989333923,0.013137732241226855,0.004766424879904807,2.553774038461538,-1.3086458333333328,-0.4869230769230768,-0.531538461538462,-0.19499503968253995,0.02657611874936694,-0.005867493060421891,0.010018753160195404,0.5333333333333337,0.20000000000000062,0.013359232537857757,0.024549630913214937,0.5012017559541548,-0.03721815883922419,-0.032258064516129115,-0.06335910652920962,0.33333333333333304,0.038948393378773316,-1.433333333333323,0.018375186893370143,0.16233316427565625,0.03177319832372105,0.0575938029999532,0.0007478798946943047,0.4957977684249171,0.07662969839915679,-0.01826897536286598,7.0,549.6666666666665,280490.4290389835,1419.5611633159772,0.18507192071031925,-0.006820264697843498,0.007099601738529415,5676.242667080816,0.08123010297426103,0.009675215276575177,416.40772809632693,23.170731707317074,69.51219512195124,84.66463414634146,48.75,34.756097560975604,33.048780487804876,13.29268292682927,48.72378048780488,Neutral / Fair Value,Neutral / Transition
2024-12-31,416.034,6.632307692307692,4.275483870967742,4.6499999999999995,316.5876666666666,4.133333333333333,158113.33333333334,72.10000000000001,1388.0,1471.3333333333333,8.766666666666667,667.6666666666666,3.966666666666667,4320.433333333333,4523116.333333333,300.2845454545455,6526.181818181818,2244.2424242424245,436408.6893939394,300.2845454545455,0.02463621107357672,0.27191096983525614,-0.032893906873010345,0.055255846771229855,281010.9042601724,1368.8124113990527,3800.5,1194.8,337877.43333333335,64.26666666666667,1350.2666666666667,92043.86,DFW Composite,0.008769026532579272,0.03919518911931674,0.2076598857461336,0.5410007908095704,0.00828944239829452,0.009668210605355831,2.35682382133995,-0.3745161290322576,0.12384615384615394,-0.6715384615384616,-0.1716129032258067,0.027231676914507563,-0.004683532277389046,0.008942093351711033,0.3333333333333326,0.1666666666666674,0.015783822757231558,0.023356884743143347,0.3502278942570649,-0.03189709254595707,-0.05492510213345447,-0.02732481269281628,0.36666666666666714,0.03782383419689106,7.166666666666671,0.017295126020390628,0.13521243378782488,0.04879862004014335,0.05845235429576407,0.0017557740435686295,0.3227718866742466,0.07304514429409648,-0.005934585401335624,8.966666666666669,193.66666666666674,281010.9042601724,1440.5613266395758,0.18780976720962061,-0.009782784687807689,-0.0010179456486729688,5808.824806086181,0.09903365477327575,0.006308183217345465,418.6584186966451,17.073170731707318,62.19512195121952,84.72560975609757,50.33536585365854,35.85365853658536,32.43902439024391,29.146341463414632,47.32743902439025,Slight Wait,Expansion
2025-03-31,412.77600000000007,6.827692307692308,4.453606557377049,4.33,319.47499999999997,4.133333333333334,158318.33333333334,64.46666666666667,1396.6666666666667,1467.0,9.233333333333334,654.0,3.8666666666666667,4270.233333333334,4539746.0,300.3363636363636,6016.272727272727,2025.909090909091,429055.86363636365,300.3363636363636,0.00017256359876838268,0.28849325580067775,-0.03782286291126819,-0.07813283557140471,282211.271398158,1353.833850474295,3724.3333333333335,1534.0666666666666,340874.9,69.6,1536.3333333333333,92043.86,DFW Composite,-0.00783109072816146,0.015502817519918333,0.13513201351897663,0.5179327260759088,0.009774592320743512,0.0038812166939930226,2.374085750315259,0.12360655737704906,0.19538461538461593,0.07923076923076877,0.29721311475409884,0.02723979378570429,0.0006636750363373523,0.006823731917852349,0.30000000000000027,0.033333333333333215,0.013360439177965144,0.021285163570744503,0.36843721215842806,-0.038018657983487025,-0.009456264775413614,-0.04221980413492932,0.9666666666666686,-0.027268220128904397,-13.966666666666669,0.019864811359402434,0.09217580957048854,0.028009265519774562,0.057566822633284734,0.0004560759944687992,0.32573150762951175,0.11731002670551094,-0.011395456144517868,4.8999999999999915,364.39999999999986,282211.271398158,1476.0120698165895,0.1924315737931794,0.005270577325343945,0.012847161656685202,5324.449179510027,-0.07260583591981662,0.011610289278040115,417.56844876703235,25.609756097560975,70.97560975609757,79.96951219512196,47.98780487804878,17.19512195121951,11.95121951219512,22.926829268292682,43.96524390243903,Slight Wait,Neutral / Transition
2025-06-30,414.9415,6.788461538461538,4.361774193548388,4.33,320.78566666666666,4.2,158487.0,55.03333333333334,1356.0,1420.0,9.1,662.6666666666666,3.8666666666666667,4314.166666666667,4557478.333333333,300.3363636363636,6016.272727272727,2622.121212121212,439176.7348484848,300.3363636363636,0.00017256359876838268,0.3424134840117888,-0.03502865400395672,-0.07813283557140471,280794.420041591,1375.683280989129,4545.866666666667,1770.0,351525.06666666665,49.86666666666667,2141.5333333333333,92043.86,DFW Composite,0.005246186793805618,0.009040085209034432,0.052580644752145966,0.5180110885308153,0.00929821781721108,0.0022716084368445133,2.4266873449131507,0.03177419354838751,-0.039230769230769624,-0.20692307692307654,-0.08695596518177062,0.024610270835418335,-0.002621406079089228,0.005557987703903811,0.23333333333333384,-0.06666666666666687,0.013873439140175803,0.017945483278662966,0.41898983273204315,-0.036270156092228056,0.010432190760059523,-0.01388888888888884,0.9666666666666668,-0.034482758620689724,-16.46666666666666,0.004790717012439494,0.03521693987764074,0.029454456264614404,0.05879105207797351,0.0014085199884155339,0.3826469574386113,0.10220856858186655,-0.015041563776437727,0.29999999999999716,533.8,280794.420041591,1462.7295253078728,0.19069989354742917,-0.0031234374794792685,0.005736953281366031,6477.444778489814,0.04548897243735328,0.007292196166109987,417.9673348154599,19.51219512195122,72.92682926829268,79.54268292682927,45.12195121951219,24.329268292682926,25.36585365853658,25.365853658536594,45.84329268292683,Slight Wait,Neutral / Transition
