DATE,county_hpi,county_permits,county_active_listings,county_median_listing_price,county,fips,market,county_hpi_norm,county_hpi_yoy,county_active_listings_yoy,county_listing_price_yoy,county_permits_yoy
2000-03-31,100.0,1949.0,,,Sedgwick KS,20173,Wichita Composite,100.0,,,,
2000-06-30,100.0,1949.0,,,Sedgwick KS,20173,Wichita Composite,100.0,,,,
2000-09-30,100.0,1949.0,,,Sedgwick KS,20173,Wichita Composite,100.0,,,,
2000-12-31,100.0,1949.0,,,Sedgwick KS,20173,Wichita Composite,100.0,,,,
2001-03-31,104.6,2247.0,,,Sedgwick KS,20173,Wichita Composite,104.60000000000001,0.04600000000000004,,,0.15289892252437154
2001-06-30,104.6,2247.0,,,Sedgwick KS,20173,Wichita Composite,104.60000000000001,0.04600000000000004,,,0.15289892252437154
2001-09-30,104.6,2247.0,,,Sedgwick KS,20173,Wichita Composite,104.60000000000001,0.04600000000000004,,,0.15289892252437154
2001-12-31,104.6,2247.0,,,Sedgwick KS,20173,Wichita Composite,104.60000000000001,0.04600000000000004,,,0.15289892252437154
2002-03-31,107.82,2619.0,,,Sedgwick KS,20173,Wichita Composite,107.81999999999998,0.030783938814531453,,,0.16555407209612816
2002-06-30,107.82,2619.0,,,Sedgwick KS,20173,Wichita Composite,107.81999999999998,0.030783938814531453,,,0.16555407209612816
2002-09-30,107.82,2619.0,,,Sedgwick KS,20173,Wichita Composite,107.81999999999998,0.030783938814531453,,,0.16555407209612816
2002-12-31,107.82,2619.0,,,Sedgwick KS,20173,Wichita Composite,107.81999999999998,0.030783938814531453,,,0.16555407209612816
2003-03-31,109.81,3072.0,,,Sedgwick KS,20173,Wichita Composite,109.81,0.01845668707104431,,,0.17296678121420395
2003-06-30,109.81,3072.0,,,Sedgwick KS,20173,Wichita Composite,109.81,0.01845668707104431,,,0.17296678121420395
2003-09-30,109.81,3072.0,,,Sedgwick KS,20173,Wichita Composite,109.81,0.01845668707104431,,,0.17296678121420395
2003-12-31,109.81,3072.0,,,Sedgwick KS,20173,Wichita Composite,109.81,0.01845668707104431,,,0.17296678121420395
2004-03-31,113.02,2556.0,,,Sedgwick KS,20173,Wichita Composite,113.01999999999998,0.029232310354248225,,,-0.16796875
2004-06-30,113.02,2556.0,,,Sedgwick KS,20173,Wichita Composite,113.01999999999998,0.029232310354248225,,,-0.16796875
2004-09-30,113.02,2556.0,,,Sedgwick KS,20173,Wichita Composite,113.01999999999998,0.029232310354248225,,,-0.16796875
2004-12-31,113.02,2556.0,,,Sedgwick KS,20173,Wichita Composite,113.01999999999998,0.029232310354248225,,,-0.16796875
2005-03-31,116.0,2870.0,,,Sedgwick KS,20173,Wichita Composite,115.99999999999999,0.026367014687666,,,0.12284820031298915
2005-06-30,116.0,2870.0,,,Sedgwick KS,20173,Wichita Composite,115.99999999999999,0.026367014687666,,,0.12284820031298915
2005-09-30,116.0,2870.0,,,Sedgwick KS,20173,Wichita Composite,115.99999999999999,0.026367014687666,,,0.12284820031298915
2005-12-31,116.0,2870.0,,,Sedgwick KS,20173,Wichita Composite,115.99999999999999,0.026367014687666,,,0.12284820031298915
2006-03-31,119.48,3140.0,,,Sedgwick KS,20173,Wichita Composite,119.48,0.030000000000000027,,,0.0940766550522647
2006-06-30,119.48,3140.0,,,Sedgwick KS,20173,Wichita Composite,119.48,0.030000000000000027,,,0.0940766550522647
2006-09-30,119.48,3140.0,,,Sedgwick KS,20173,Wichita Composite,119.48,0.030000000000000027,,,0.0940766550522647
2006-12-31,119.48,3140.0,,,Sedgwick KS,20173,Wichita Composite,119.48,0.030000000000000027,,,0.0940766550522647
2007-03-31,124.25,2271.0,,,Sedgwick KS,20173,Wichita Composite,124.25,0.03992299966521595,,,-0.2767515923566879
2007-06-30,124.25,2271.0,,,Sedgwick KS,20173,Wichita Composite,124.25,0.03992299966521595,,,-0.2767515923566879
2007-09-30,124.25,2271.0,,,Sedgwick KS,20173,Wichita Composite,124.25,0.03992299966521595,,,-0.2767515923566879
2007-12-31,124.25,2271.0,,,Sedgwick KS,20173,Wichita Composite,124.25,0.03992299966521595,,,-0.2767515923566879
2008-03-31,125.52,2208.0,,,Sedgwick KS,20173,Wichita Composite,125.51999999999998,0.010221327967806726,,,-0.02774108322324964
2008-06-30,125.52,2208.0,,,Sedgwick KS,20173,Wichita Composite,125.51999999999998,0.010221327967806726,,,-0.02774108322324964
2008-09-30,125.52,2208.0,,,Sedgwick KS,20173,Wichita Composite,125.51999999999998,0.010221327967806726,,,-0.02774108322324964
2008-12-31,125.52,2208.0,,,Sedgwick KS,20173,Wichita Composite,125.51999999999998,0.010221327967806726,,,-0.02774108322324964
2009-03-31,126.01,1638.0,,,Sedgwick KS,20173,Wichita Composite,126.01,0.003903760356915198,,,-0.25815217391304346
2009-06-30,126.01,1638.0,,,Sedgwick KS,20173,Wichita Composite,126.01,0.003903760356915198,,,-0.25815217391304346
2009-09-30,126.01,1638.0,,,Sedgwick KS,20173,Wichita Composite,126.01,0.003903760356915198,,,-0.25815217391304346
2009-12-31,126.01,1638.0,,,Sedgwick KS,20173,Wichita Composite,126.01,0.003903760356915198,,,-0.25815217391304346
2010-03-31,124.99,1036.0,,,Sedgwick KS,20173,Wichita Composite,124.99,-0.008094595667010651,,,-0.36752136752136755
2010-06-30,124.99,1036.0,,,Sedgwick KS,20173,Wichita Composite,124.99,-0.008094595667010651,,,-0.36752136752136755
2010-09-30,124.99,1036.0,,,Sedgwick KS,20173,Wichita Composite,124.99,-0.008094595667010651,,,-0.36752136752136755
2010-12-31,124.99,1036.0,,,Sedgwick KS,20173,Wichita Composite,124.99,-0.008094595667010651,,,-0.36752136752136755
2011-03-31,122.58,866.0,,,Sedgwick KS,20173,Wichita Composite,122.58,-0.019281542523401862,,,-0.1640926640926641
2011-06-30,122.58,866.0,,,Sedgwick KS,20173,Wichita Composite,122.58,-0.019281542523401862,,,-0.1640926640926641
2011-09-30,122.58,866.0,,,Sedgwick KS,20173,Wichita Composite,122.58,-0.019281542523401862,,,-0.1640926640926641
2011-12-31,122.58,866.0,,,Sedgwick KS,20173,Wichita Composite,122.58,-0.019281542523401862,,,-0.1640926640926641
2012-03-31,120.76,1082.0,,,Sedgwick KS,20173,Wichita Composite,120.76,-0.014847446565508182,,,0.2494226327944573
2012-06-30,120.76,1082.0,,,Sedgwick KS,20173,Wichita Composite,120.76,-0.014847446565508182,,,0.2494226327944573
2012-09-30,120.76,1082.0,,,Sedgwick KS,20173,Wichita Composite,120.76,-0.014847446565508182,,,0.2494226327944573
2012-12-31,120.76,1082.0,,,Sedgwick KS,20173,Wichita Composite,120.76,-0.014847446565508182,,,0.2494226327944573
2013-03-31,121.81,1276.0,,,Sedgwick KS,20173,Wichita Composite,121.81,0.008694932096720676,,,0.1792975970425139
2013-06-30,121.81,1276.0,,,Sedgwick KS,20173,Wichita Composite,121.81,0.008694932096720676,,,0.1792975970425139
2013-09-30,121.81,1276.0,,,Sedgwick KS,20173,Wichita Composite,121.81,0.008694932096720676,,,0.1792975970425139
2013-12-31,121.81,1276.0,,,Sedgwick KS,20173,Wichita Composite,121.81,0.008694932096720676,,,0.1792975970425139
2014-03-31,123.78,1225.0,,,Sedgwick KS,20173,Wichita Composite,123.78,0.016172728019046012,,,-0.03996865203761757
2014-06-30,123.78,1225.0,,,Sedgwick KS,20173,Wichita Composite,123.78,0.016172728019046012,,,-0.03996865203761757
2014-09-30,123.78,1225.0,,,Sedgwick KS,20173,Wichita Composite,123.78,0.016172728019046012,,,-0.03996865203761757
2014-12-31,123.78,1225.0,,,Sedgwick KS,20173,Wichita Composite,123.78,0.016172728019046012,,,-0.03996865203761757
2015-03-31,126.64,1785.0,,,Sedgwick KS,20173,Wichita Composite,126.64,0.02310550977540804,,,0.4571428571428571
2015-06-30,126.64,1785.0,,,Sedgwick KS,20173,Wichita Composite,126.64,0.02310550977540804,,,0.4571428571428571
2015-09-30,126.64,1785.0,,,Sedgwick KS,20173,Wichita Composite,126.64,0.02310550977540804,,,0.4571428571428571
2015-12-31,126.64,1785.0,,,Sedgwick KS,20173,Wichita Composite,126.64,0.02310550977540804,,,0.4571428571428571
2016-03-31,131.77,1857.0,,,Sedgwick KS,20173,Wichita Composite,131.77,0.04050852811118144,,,0.04033613445378159
2016-06-30,131.77,1857.0,,,Sedgwick KS,20173,Wichita Composite,131.77,0.04050852811118144,,,0.04033613445378159
2016-09-30,131.77,1857.0,1797.0,,Sedgwick KS,20173,Wichita Composite,131.77,0.04050852811118144,,,0.04033613445378159
2016-12-31,131.77,1857.0,1745.0,,Sedgwick KS,20173,Wichita Composite,131.77,0.04050852811118144,,,0.04033613445378159
2017-03-31,136.21,2333.0,1533.3333333333333,,Sedgwick KS,20173,Wichita Composite,136.21,0.03369507475146083,,,0.25632740980075397
2017-06-30,136.21,2333.0,1584.0,,Sedgwick KS,20173,Wichita Composite,136.21,0.03369507475146083,,,0.25632740980075397
2017-09-30,136.21,2333.0,1822.3333333333333,183650.0,Sedgwick KS,20173,Wichita Composite,136.21,0.03369507475146083,0.014097570024114159,,0.25632740980075397
2017-12-31,136.21,2333.0,1792.6666666666667,177011.08333333334,Sedgwick KS,20173,Wichita Composite,136.21,0.03369507475146083,0.02731614135625593,,0.25632740980075397
2018-03-31,142.9,1710.0,1425.3333333333333,190233.33333333334,Sedgwick KS,20173,Wichita Composite,142.9,0.04911533661258338,-0.07043478260869562,,-0.267038148306901
2018-06-30,142.9,1710.0,1493.6666666666667,212075.0,Sedgwick KS,20173,Wichita Composite,142.9,0.04911533661258338,-0.057028619528619484,,-0.267038148306901
2018-09-30,142.9,1710.0,1583.0,206066.66666666666,Sedgwick KS,20173,Wichita Composite,142.9,0.04911533661258338,-0.13133345527711726,0.12206189309374715,-0.267038148306901
2018-12-31,142.9,1710.0,1621.3333333333333,196475.0,Sedgwick KS,20173,Wichita Composite,142.9,0.04911533661258338,-0.09557456303458545,0.10995874552111373,-0.267038148306901
2019-03-31,148.49,1806.0,1407.3333333333333,207861.07142857145,Sedgwick KS,20173,Wichita Composite,148.49,0.03911826452064382,-0.012628624883068262,0.09266377130841819,0.056140350877192935
2019-06-30,148.49,1806.0,1343.3333333333333,232741.66666666666,Sedgwick KS,20173,Wichita Composite,148.49,0.03911826452064382,-0.1006471769694266,0.09744980156391203,0.056140350877192935
2019-09-30,148.49,1806.0,1355.0,226737.8787878788,Sedgwick KS,20173,Wichita Composite,148.49,0.03911826452064382,-0.1440303221730891,0.100313226081586,0.056140350877192935
2019-12-31,148.49,1806.0,1232.0,222440.8787878788,Sedgwick KS,20173,Wichita Composite,148.49,0.03911826452064382,-0.24013157894736836,0.1321586908659056,0.056140350877192935
2020-03-31,156.72,1637.0,997.0,229354.16666666666,Sedgwick KS,20173,Wichita Composite,156.72,0.05542460771769142,-0.29156797726196115,0.10340125301182712,-0.09357696566998897
2020-06-30,156.72,1637.0,909.6666666666666,251633.33333333334,Sedgwick KS,20173,Wichita Composite,156.72,0.05542460771769142,-0.32282878411910665,0.08117010992158691,-0.09357696566998897
2020-09-30,156.72,1637.0,787.6666666666666,255716.66666666666,Sedgwick KS,20173,Wichita Composite,156.72,0.05542460771769142,-0.4186961869618696,0.12780744017588042,-0.09357696566998897
2020-12-31,156.72,1637.0,797.0,231823.25,Sedgwick KS,20173,Wichita Composite,156.72,0.05542460771769142,-0.3530844155844156,0.0421791680703989,-0.09357696566998897
2021-03-31,173.96,2124.0,527.3333333333334,244270.83333333334,Sedgwick KS,20173,Wichita Composite,173.96,0.11000510464522728,-0.4710799063858241,0.06503769643019353,0.2974954184483811
2021-06-30,173.96,2124.0,474.6666666666667,245658.33333333334,Sedgwick KS,20173,Wichita Composite,173.96,0.11000510464522728,-0.4781971418101868,-0.023744866869784054,0.2974954184483811
2021-09-30,173.96,2124.0,666.3333333333334,226800.0,Sedgwick KS,20173,Wichita Composite,173.96,0.11000510464522728,-0.15404147270418955,-0.11308088379065373,0.2974954184483811
2021-12-31,173.96,2124.0,583.0,239550.0,Sedgwick KS,20173,Wichita Composite,173.96,0.11000510464522728,-0.26850690087829365,0.0333303497384323,0.2974954184483811
2022-03-31,199.03,2590.0,397.3333333333333,264582.8333333333,Sedgwick KS,20173,Wichita Composite,199.03,0.1441135893308807,-0.24652338811630858,0.08315360341151368,0.21939736346516003
2022-06-30,199.03,2590.0,466.3333333333333,280133.3333333333,Sedgwick KS,20173,Wichita Composite,199.03,0.1441135893308807,-0.01755617977528101,0.14033718918552185,0.21939736346516003
2022-09-30,199.03,2590.0,681.0,298005.0,Sedgwick KS,20173,Wichita Composite,199.03,0.1441135893308807,0.02201100550275137,0.3139550264550264,0.21939736346516003
2022-12-31,199.03,2590.0,779.6666666666666,310002.6666666667,Sedgwick KS,20173,Wichita Composite,199.03,0.1441135893308807,0.33733562035448816,0.29410422319627094,0.21939736346516003
2023-03-31,216.34,2832.0,696.3333333333334,326168.8333333333,Sedgwick KS,20173,Wichita Composite,216.34000000000003,0.08697181329447834,0.7525167785234901,0.23276642412552584,0.09343629343629334
2023-06-30,216.34,2832.0,741.6666666666666,327551.9166666667,Sedgwick KS,20173,Wichita Composite,216.34000000000003,0.08697181329447834,0.5904217298070049,0.16927147786768226,0.09343629343629334
2023-09-30,216.34,2832.0,870.6666666666666,307513.5,Sedgwick KS,20173,Wichita Composite,216.34000000000003,0.08697181329447834,0.27851199216837985,0.03190718276538984,0.09343629343629334
2023-12-31,216.34,2832.0,983.3333333333334,304116.6666666667,Sedgwick KS,20173,Wichita Composite,216.34000000000003,0.08697181329447834,0.2612227447627191,-0.018986933445733767,0.09343629343629334
2024-03-31,226.73,2620.0,813.0,325541.6666666667,Sedgwick KS,20173,Wichita Composite,226.73000000000002,0.048026254969030235,0.16754427955959783,-0.0019228283102870058,-0.07485875706214684
2024-06-30,226.73,2620.0,919.3333333333334,335983.3333333333,Sedgwick KS,20173,Wichita Composite,226.73000000000002,0.048026254969030235,0.23955056179775291,0.02574070319132593,-0.07485875706214684
2024-09-30,226.73,2620.0,1200.0,308691.6666666667,Sedgwick KS,20173,Wichita Composite,226.73000000000002,0.048026254969030235,0.3782542113323124,0.0038312681123484627,-0.07485875706214684
2024-12-31,226.73,2620.0,1322.6666666666667,294200.0,Sedgwick KS,20173,Wichita Composite,226.73000000000002,0.048026254969030235,0.345084745762712,-0.032608099961637604,-0.07485875706214684
2025-03-31,234.09,2757.0,1198.3333333333333,296324.1666666667,Sedgwick KS,20173,Wichita Composite,234.09,0.032461518105235454,0.47396473964739627,-0.08975041597337774,0.05229007633587779
2025-06-30,234.09,2757.0,1296.0,304816.6666666667,Sedgwick KS,20173,Wichita Composite,234.09,0.032461518105235454,0.40971718636693244,-0.09276253782429678,0.05229007633587779
2025-09-30,234.09,2757.0,1550.6666666666667,299333.3333333333,Sedgwick KS,20173,Wichita Composite,234.09,0.032461518105235454,0.2922222222222224,-0.030316119104824235,0.05229007633587779
2025-12-31,234.09,2757.0,1550.3333333333333,290286.6666666667,Sedgwick KS,20173,Wichita Composite,234.09,0.032461518105235454,0.17212701612903203,-0.013301608882846039,0.05229007633587779
2026-03-31,234.09,2757.0,1322.0,274220.0,Sedgwick KS,20173,Wichita Composite,234.09,0.0,0.10319888734353277,-0.07459454595052162,0.0
2026-06-30,234.09,2757.0,1374.3333333333333,279396.6666666667,Sedgwick KS,20173,Wichita Composite,234.09,0.0,0.06044238683127556,-0.08339439007053417,0.0
2026-09-30,234.09,2757.0,1405.0,274435.0,Sedgwick KS,20173,Wichita Composite,234.09,0.0,-0.0939380911435942,-0.08317928730512247,0.0
2000-03-31,100.0,522.0,,,Butler KS,20015,Wichita Composite,100.0,,,,
2000-06-30,100.0,522.0,,,Butler KS,20015,Wichita Composite,100.0,,,,
2000-09-30,100.0,522.0,,,Butler KS,20015,Wichita Composite,100.0,,,,
2000-12-31,100.0,522.0,,,Butler KS,20015,Wichita Composite,100.0,,,,
2001-03-31,102.21,327.0,,,Butler KS,20015,Wichita Composite,102.21000000000001,0.02210000000000001,,,-0.37356321839080464
2001-06-30,102.21,327.0,,,Butler KS,20015,Wichita Composite,102.21000000000001,0.02210000000000001,,,-0.37356321839080464
2001-09-30,102.21,327.0,,,Butler KS,20015,Wichita Composite,102.21000000000001,0.02210000000000001,,,-0.37356321839080464
2001-12-31,102.21,327.0,,,Butler KS,20015,Wichita Composite,102.21000000000001,0.02210000000000001,,,-0.37356321839080464
2002-03-31,105.08,408.0,,,Butler KS,20015,Wichita Composite,105.08,0.028079444281381427,,,0.2477064220183487
2002-06-30,105.08,408.0,,,Butler KS,20015,Wichita Composite,105.08,0.028079444281381427,,,0.2477064220183487
2002-09-30,105.08,408.0,,,Butler KS,20015,Wichita Composite,105.08,0.028079444281381427,,,0.2477064220183487
2002-12-31,105.08,408.0,,,Butler KS,20015,Wichita Composite,105.08,0.028079444281381427,,,0.2477064220183487
2003-03-31,105.76,409.0,,,Butler KS,20015,Wichita Composite,105.76,0.006471259992386846,,,0.002450980392156854
2003-06-30,105.76,409.0,,,Butler KS,20015,Wichita Composite,105.76,0.006471259992386846,,,0.002450980392156854
2003-09-30,105.76,409.0,,,Butler KS,20015,Wichita Composite,105.76,0.006471259992386846,,,0.002450980392156854
2003-12-31,105.76,409.0,,,Butler KS,20015,Wichita Composite,105.76,0.006471259992386846,,,0.002450980392156854
2004-03-31,108.84,384.0,,,Butler KS,20015,Wichita Composite,108.84,0.029122541603630925,,,-0.06112469437652812
2004-06-30,108.84,384.0,,,Butler KS,20015,Wichita Composite,108.84,0.029122541603630925,,,-0.06112469437652812
2004-09-30,108.84,384.0,,,Butler KS,20015,Wichita Composite,108.84,0.029122541603630925,,,-0.06112469437652812
2004-12-31,108.84,384.0,,,Butler KS,20015,Wichita Composite,108.84,0.029122541603630925,,,-0.06112469437652812
2005-03-31,110.86,296.0,,,Butler KS,20015,Wichita Composite,110.86,0.018559353178978277,,,-0.22916666666666663
2005-06-30,110.86,296.0,,,Butler KS,20015,Wichita Composite,110.86,0.018559353178978277,,,-0.22916666666666663
2005-09-30,110.86,296.0,,,Butler KS,20015,Wichita Composite,110.86,0.018559353178978277,,,-0.22916666666666663
2005-12-31,110.86,296.0,,,Butler KS,20015,Wichita Composite,110.86,0.018559353178978277,,,-0.22916666666666663
2006-03-31,114.26,342.0,,,Butler KS,20015,Wichita Composite,114.26,0.030669312646581348,,,0.15540540540540548
2006-06-30,114.26,342.0,,,Butler KS,20015,Wichita Composite,114.26,0.030669312646581348,,,0.15540540540540548
2006-09-30,114.26,342.0,,,Butler KS,20015,Wichita Composite,114.26,0.030669312646581348,,,0.15540540540540548
2006-12-31,114.26,342.0,,,Butler KS,20015,Wichita Composite,114.26,0.030669312646581348,,,0.15540540540540548
2007-03-31,118.43,345.0,,,Butler KS,20015,Wichita Composite,118.43,0.036495711535095454,,,0.00877192982456143
2007-06-30,118.43,345.0,,,Butler KS,20015,Wichita Composite,118.43,0.036495711535095454,,,0.00877192982456143
2007-09-30,118.43,345.0,,,Butler KS,20015,Wichita Composite,118.43,0.036495711535095454,,,0.00877192982456143
2007-12-31,118.43,345.0,,,Butler KS,20015,Wichita Composite,118.43,0.036495711535095454,,,0.00877192982456143
2008-03-31,119.98,229.0,,,Butler KS,20015,Wichita Composite,119.98,0.013087900025331445,,,-0.336231884057971
2008-06-30,119.98,229.0,,,Butler KS,20015,Wichita Composite,119.98,0.013087900025331445,,,-0.336231884057971
2008-09-30,119.98,229.0,,,Butler KS,20015,Wichita Composite,119.98,0.013087900025331445,,,-0.336231884057971
2008-12-31,119.98,229.0,,,Butler KS,20015,Wichita Composite,119.98,0.013087900025331445,,,-0.336231884057971
2009-03-31,121.66,144.0,,,Butler KS,20015,Wichita Composite,121.66,0.014002333722286986,,,-0.37117903930131
2009-06-30,121.66,144.0,,,Butler KS,20015,Wichita Composite,121.66,0.014002333722286986,,,-0.37117903930131
2009-09-30,121.66,144.0,,,Butler KS,20015,Wichita Composite,121.66,0.014002333722286986,,,-0.37117903930131
2009-12-31,121.66,144.0,,,Butler KS,20015,Wichita Composite,121.66,0.014002333722286986,,,-0.37117903930131
2010-03-31,120.48,147.0,,,Butler KS,20015,Wichita Composite,120.48,-0.009699161597895745,,,0.02083333333333326
2010-06-30,120.48,147.0,,,Butler KS,20015,Wichita Composite,120.48,-0.009699161597895745,,,0.02083333333333326
2010-09-30,120.48,147.0,,,Butler KS,20015,Wichita Composite,120.48,-0.009699161597895745,,,0.02083333333333326
2010-12-31,120.48,147.0,,,Butler KS,20015,Wichita Composite,120.48,-0.009699161597895745,,,0.02083333333333326
2011-03-31,118.89,137.0,,,Butler KS,20015,Wichita Composite,118.89,-0.01319721115537853,,,-0.0680272108843537
2011-06-30,118.89,137.0,,,Butler KS,20015,Wichita Composite,118.89,-0.01319721115537853,,,-0.0680272108843537
2011-09-30,118.89,137.0,,,Butler KS,20015,Wichita Composite,118.89,-0.01319721115537853,,,-0.0680272108843537
2011-12-31,118.89,137.0,,,Butler KS,20015,Wichita Composite,118.89,-0.01319721115537853,,,-0.0680272108843537
2012-03-31,117.09,139.0,,,Butler KS,20015,Wichita Composite,117.09,-0.01514004542013625,,,0.014598540145985384
2012-06-30,117.09,139.0,,,Butler KS,20015,Wichita Composite,117.09,-0.01514004542013625,,,0.014598540145985384
2012-09-30,117.09,139.0,,,Butler KS,20015,Wichita Composite,117.09,-0.01514004542013625,,,0.014598540145985384
2012-12-31,117.09,139.0,,,Butler KS,20015,Wichita Composite,117.09,-0.01514004542013625,,,0.014598540145985384
2013-03-31,118.34,152.0,,,Butler KS,20015,Wichita Composite,118.34,0.01067554872320442,,,0.09352517985611519
2013-06-30,118.34,152.0,,,Butler KS,20015,Wichita Composite,118.34,0.01067554872320442,,,0.09352517985611519
2013-09-30,118.34,152.0,,,Butler KS,20015,Wichita Composite,118.34,0.01067554872320442,,,0.09352517985611519
2013-12-31,118.34,152.0,,,Butler KS,20015,Wichita Composite,118.34,0.01067554872320442,,,0.09352517985611519
2014-03-31,120.13,143.0,,,Butler KS,20015,Wichita Composite,120.13000000000001,0.015125908399526766,,,-0.05921052631578949
2014-06-30,120.13,143.0,,,Butler KS,20015,Wichita Composite,120.13000000000001,0.015125908399526766,,,-0.05921052631578949
2014-09-30,120.13,143.0,,,Butler KS,20015,Wichita Composite,120.13000000000001,0.015125908399526766,,,-0.05921052631578949
2014-12-31,120.13,143.0,,,Butler KS,20015,Wichita Composite,120.13000000000001,0.015125908399526766,,,-0.05921052631578949
2015-03-31,126.7,160.0,,,Butler KS,20015,Wichita Composite,126.70000000000002,0.05469075168567383,,,0.11888111888111896
2015-06-30,126.7,160.0,,,Butler KS,20015,Wichita Composite,126.70000000000002,0.05469075168567383,,,0.11888111888111896
2015-09-30,126.7,160.0,,,Butler KS,20015,Wichita Composite,126.70000000000002,0.05469075168567383,,,0.11888111888111896
2015-12-31,126.7,160.0,,,Butler KS,20015,Wichita Composite,126.70000000000002,0.05469075168567383,,,0.11888111888111896
2016-03-31,130.71,165.0,,,Butler KS,20015,Wichita Composite,130.71,0.03164956590370949,,,0.03125
2016-06-30,130.71,165.0,,,Butler KS,20015,Wichita Composite,130.71,0.03164956590370949,,,0.03125
2016-09-30,130.71,165.0,286.0,,Butler KS,20015,Wichita Composite,130.71,0.03164956590370949,,,0.03125
2016-12-31,130.71,165.0,297.0,,Butler KS,20015,Wichita Composite,130.71,0.03164956590370949,,,0.03125
2017-03-31,133.74,207.0,269.3333333333333,,Butler KS,20015,Wichita Composite,133.74,0.023181087904521558,,,0.25454545454545463
2017-06-30,133.74,207.0,275.3333333333333,,Butler KS,20015,Wichita Composite,133.74,0.023181087904521558,,,0.25454545454545463
2017-09-30,133.74,207.0,273.0,213280.0,Butler KS,20015,Wichita Composite,133.74,0.023181087904521558,-0.045454545454545414,,0.25454545454545463
2017-12-31,133.74,207.0,274.6666666666667,191333.33333333334,Butler KS,20015,Wichita Composite,133.74,0.023181087904521558,-0.07519640852974185,,0.25454545454545463
2018-03-31,137.61,176.0,242.66666666666666,205011.25,Butler KS,20015,Wichita Composite,137.61,0.02893674293405124,-0.09900990099009899,,-0.1497584541062802
2018-06-30,137.61,176.0,271.6666666666667,221211.66666666666,Butler KS,20015,Wichita Composite,137.61,0.02893674293405124,-0.013317191283292895,,-0.1497584541062802
2018-09-30,137.61,176.0,270.3333333333333,222641.66666666666,Butler KS,20015,Wichita Composite,137.61,0.02893674293405124,-0.009768009768009844,0.04389378594648652,-0.1497584541062802
2018-12-31,137.61,176.0,255.66666666666666,206479.16666666666,Butler KS,20015,Wichita Composite,137.61,0.02893674293405124,-0.06917475728155353,0.07915940766550511,-0.1497584541062802
2019-03-31,141.41,228.0,218.66666666666666,212121.90476190476,Butler KS,20015,Wichita Composite,141.41,0.027614272218588587,-0.09890109890109888,0.03468421738760563,0.2954545454545454
2019-06-30,141.41,228.0,215.0,235358.33333333334,Butler KS,20015,Wichita Composite,141.41,0.027614272218588587,-0.20858895705521474,0.06395081633729394,0.2954545454545454
2019-09-30,141.41,228.0,205.0,219150.0,Butler KS,20015,Wichita Composite,141.41,0.027614272218588587,-0.24167694204685564,-0.01568289852902638,0.2954545454545454
2019-12-31,141.41,228.0,189.66666666666666,199783.33333333334,Butler KS,20015,Wichita Composite,141.41,0.027614272218588587,-0.258148631029987,-0.03242861467056801,0.2954545454545454
2020-03-31,147.94,308.0,165.0,170800.0,Butler KS,20015,Wichita Composite,147.94,0.046177780920726885,-0.24542682926829262,-0.19480262921590463,0.3508771929824561
2020-06-30,147.94,308.0,128.66666666666666,218647.83333333334,Butler KS,20015,Wichita Composite,147.94,0.046177780920726885,-0.4015503875968993,-0.07100024784902459,0.3508771929824561
2020-09-30,147.94,308.0,113.0,235300.0,Butler KS,20015,Wichita Composite,147.94,0.046177780920726885,-0.448780487804878,0.07369381702030564,0.3508771929824561
2020-12-31,147.94,308.0,105.66666666666667,228716.66666666666,Butler KS,20015,Wichita Composite,147.94,0.046177780920726885,-0.4428822495606326,0.14482355885542653,0.3508771929824561
2021-03-31,162.42,169.0,83.0,248087.5,Butler KS,20015,Wichita Composite,162.42,0.09787751791266719,-0.49696969696969695,0.4525029274004684,-0.4512987012987013
2021-06-30,162.42,169.0,76.33333333333333,224133.33333333334,Butler KS,20015,Wichita Composite,162.42,0.09787751791266719,-0.4067357512953368,0.025088288854146823,-0.4512987012987013
2021-09-30,162.42,169.0,96.66666666666667,209083.33333333334,Butler KS,20015,Wichita Composite,162.42,0.09787751791266719,-0.14454277286135686,-0.11141804788213627,-0.4512987012987013
2021-12-31,162.42,169.0,99.0,227215.0,Butler KS,20015,Wichita Composite,162.42,0.09787751791266719,-0.06309148264984232,-0.0065656197624425205,-0.4512987012987013
2022-03-31,186.48,145.0,61.0,231179.66666666666,Butler KS,20015,Wichita Composite,186.48,0.14813446619874404,-0.2650602409638554,-0.0681527014998069,-0.14201183431952658
2022-06-30,186.48,145.0,67.33333333333333,305963.3333333333,Butler KS,20015,Wichita Composite,186.48,0.14813446619874404,-0.11790393013100442,0.36509518143961905,-0.14201183431952658
2022-09-30,186.48,145.0,89.33333333333333,316483.3333333333,Butler KS,20015,Wichita Composite,186.48,0.14813446619874404,-0.07586206896551728,0.5136707851733757,-0.14201183431952658
2022-12-31,186.48,145.0,118.66666666666667,287084.8333333333,Butler KS,20015,Wichita Composite,186.48,0.14813446619874404,0.19865319865319875,0.26349419419199127,-0.14201183431952658
2023-03-31,204.77,613.0,106.0,288833.6666666667,Butler KS,20015,Wichita Composite,204.77000000000004,0.09808022308022313,0.7377049180327868,0.24939044523811948,3.227586206896552
2023-06-30,204.77,613.0,111.66666666666667,316580.0,Butler KS,20015,Wichita Composite,204.77000000000004,0.09808022308022313,0.6584158415841586,0.03469914695660714,3.227586206896552
2023-09-30,204.77,613.0,125.66666666666667,314966.6666666667,Butler KS,20015,Wichita Composite,204.77000000000004,0.09808022308022313,0.4067164179104479,-0.00479224814366197,3.227586206896552
2023-12-31,204.77,613.0,144.33333333333334,292413.3333333333,Butler KS,20015,Wichita Composite,204.77000000000004,0.09808022308022313,0.2162921348314608,0.01856071579306695,3.227586206896552
2024-03-31,213.33,235.0,128.0,304537.6666666667,Butler KS,20015,Wichita Composite,213.33,0.04180299848610636,0.2075471698113207,0.054370393109759885,-0.6166394779771616
2024-06-30,213.33,235.0,141.33333333333334,340464.8333333333,Butler KS,20015,Wichita Composite,213.33,0.04180299848610636,0.26567164179104474,0.07544643797249773,-0.6166394779771616
2024-09-30,213.33,235.0,193.33333333333334,320833.3333333333,Butler KS,20015,Wichita Composite,213.33,0.04180299848610636,0.5384615384615385,0.018626309662397977,-0.6166394779771616
2024-12-31,213.33,235.0,216.33333333333334,326409.9166666667,Butler KS,20015,Wichita Composite,213.33,0.04180299848610636,0.4988452655889146,0.11626208335233246,-0.6166394779771616
2025-03-31,222.7,214.0,171.33333333333334,318702.1666666667,Butler KS,20015,Wichita Composite,222.7,0.043922561290020035,0.33854166666666674,0.04651148790571069,-0.08936170212765959
2025-06-30,222.7,214.0,204.0,340921.3333333333,Butler KS,20015,Wichita Composite,222.7,0.043922561290020035,0.44339622641509435,0.0013408139558221954,-0.08936170212765959
2025-09-30,222.7,214.0,255.33333333333334,320500.0,Butler KS,20015,Wichita Composite,222.7,0.043922561290020035,0.3206896551724139,-0.0010389610389609505,-0.08936170212765959
2025-12-31,222.7,214.0,253.0,298720.0,Butler KS,20015,Wichita Composite,222.7,0.043922561290020035,0.1694915254237288,-0.08483172616028067,-0.08936170212765959
2026-03-31,222.7,214.0,163.66666666666666,294408.25,Butler KS,20015,Wichita Composite,222.7,0.0,-0.04474708171206232,-0.07622764827976802,0.0
2026-06-30,222.7,214.0,157.0,297013.1666666667,Butler KS,20015,Wichita Composite,222.7,0.0,-0.23039215686274506,-0.12879266380122867,0.0
2026-09-30,222.7,214.0,155.5,309950.0,Butler KS,20015,Wichita Composite,222.7,0.0,-0.3909921671018277,-0.03291731669266773,0.0
2000-03-31,100.0,124.0,,,Harvey KS,20079,Wichita Composite,100.0,,,,
2000-06-30,100.0,124.0,,,Harvey KS,20079,Wichita Composite,100.0,,,,
2000-09-30,100.0,124.0,,,Harvey KS,20079,Wichita Composite,100.0,,,,
2000-12-31,100.0,124.0,,,Harvey KS,20079,Wichita Composite,100.0,,,,
2001-03-31,103.94,212.0,,,Harvey KS,20079,Wichita Composite,103.93999999999998,0.03939999999999988,,,0.7096774193548387
2001-06-30,103.94,212.0,,,Harvey KS,20079,Wichita Composite,103.93999999999998,0.03939999999999988,,,0.7096774193548387
2001-09-30,103.94,212.0,,,Harvey KS,20079,Wichita Composite,103.93999999999998,0.03939999999999988,,,0.7096774193548387
2001-12-31,103.94,212.0,,,Harvey KS,20079,Wichita Composite,103.93999999999998,0.03939999999999988,,,0.7096774193548387
2002-03-31,106.76,151.0,,,Harvey KS,20079,Wichita Composite,106.76,0.027131037136809866,,,-0.28773584905660377
2002-06-30,106.76,151.0,,,Harvey KS,20079,Wichita Composite,106.76,0.027131037136809866,,,-0.28773584905660377
2002-09-30,106.76,151.0,,,Harvey KS,20079,Wichita Composite,106.76,0.027131037136809866,,,-0.28773584905660377
2002-12-31,106.76,151.0,,,Harvey KS,20079,Wichita Composite,106.76,0.027131037136809866,,,-0.28773584905660377
2003-03-31,108.34,130.0,,,Harvey KS,20079,Wichita Composite,108.34000000000002,0.014799550393405747,,,-0.13907284768211925
2003-06-30,108.34,130.0,,,Harvey KS,20079,Wichita Composite,108.34000000000002,0.014799550393405747,,,-0.13907284768211925
2003-09-30,108.34,130.0,,,Harvey KS,20079,Wichita Composite,108.34000000000002,0.014799550393405747,,,-0.13907284768211925
2003-12-31,108.34,130.0,,,Harvey KS,20079,Wichita Composite,108.34000000000002,0.014799550393405747,,,-0.13907284768211925
2004-03-31,111.84,111.0,,,Harvey KS,20079,Wichita Composite,111.84,0.032305704264352864,,,-0.1461538461538462
2004-06-30,111.84,111.0,,,Harvey KS,20079,Wichita Composite,111.84,0.032305704264352864,,,-0.1461538461538462
2004-09-30,111.84,111.0,,,Harvey KS,20079,Wichita Composite,111.84,0.032305704264352864,,,-0.1461538461538462
2004-12-31,111.84,111.0,,,Harvey KS,20079,Wichita Composite,111.84,0.032305704264352864,,,-0.1461538461538462
2005-03-31,113.64,133.0,,,Harvey KS,20079,Wichita Composite,113.64000000000001,0.016094420600858417,,,0.19819819819819817
2005-06-30,113.64,133.0,,,Harvey KS,20079,Wichita Composite,113.64000000000001,0.016094420600858417,,,0.19819819819819817
2005-09-30,113.64,133.0,,,Harvey KS,20079,Wichita Composite,113.64000000000001,0.016094420600858417,,,0.19819819819819817
2005-12-31,113.64,133.0,,,Harvey KS,20079,Wichita Composite,113.64000000000001,0.016094420600858417,,,0.19819819819819817
2006-03-31,117.7,136.0,,,Harvey KS,20079,Wichita Composite,117.7,0.0357268567405844,,,0.022556390977443552
2006-06-30,117.7,136.0,,,Harvey KS,20079,Wichita Composite,117.7,0.0357268567405844,,,0.022556390977443552
2006-09-30,117.7,136.0,,,Harvey KS,20079,Wichita Composite,117.7,0.0357268567405844,,,0.022556390977443552
2006-12-31,117.7,136.0,,,Harvey KS,20079,Wichita Composite,117.7,0.0357268567405844,,,0.022556390977443552
2007-03-31,119.78,120.0,,,Harvey KS,20079,Wichita Composite,119.78,0.017672047578589645,,,-0.11764705882352944
2007-06-30,119.78,120.0,,,Harvey KS,20079,Wichita Composite,119.78,0.017672047578589645,,,-0.11764705882352944
2007-09-30,119.78,120.0,,,Harvey KS,20079,Wichita Composite,119.78,0.017672047578589645,,,-0.11764705882352944
2007-12-31,119.78,120.0,,,Harvey KS,20079,Wichita Composite,119.78,0.017672047578589645,,,-0.11764705882352944
2008-03-31,120.38,81.0,,,Harvey KS,20079,Wichita Composite,120.38,0.0050091835030889875,,,-0.32499999999999996
2008-06-30,120.38,81.0,,,Harvey KS,20079,Wichita Composite,120.38,0.0050091835030889875,,,-0.32499999999999996
2008-09-30,120.38,81.0,,,Harvey KS,20079,Wichita Composite,120.38,0.0050091835030889875,,,-0.32499999999999996
2008-12-31,120.38,81.0,,,Harvey KS,20079,Wichita Composite,120.38,0.0050091835030889875,,,-0.32499999999999996
2009-03-31,122.49,69.0,,,Harvey KS,20079,Wichita Composite,122.48999999999998,0.017527828542947432,,,-0.14814814814814814
2009-06-30,122.49,69.0,,,Harvey KS,20079,Wichita Composite,122.48999999999998,0.017527828542947432,,,-0.14814814814814814
2009-09-30,122.49,69.0,,,Harvey KS,20079,Wichita Composite,122.48999999999998,0.017527828542947432,,,-0.14814814814814814
2009-12-31,122.49,69.0,,,Harvey KS,20079,Wichita Composite,122.48999999999998,0.017527828542947432,,,-0.14814814814814814
2010-03-31,122.98,55.0,,,Harvey KS,20079,Wichita Composite,122.98,0.004000326557270117,,,-0.2028985507246377
2010-06-30,122.98,55.0,,,Harvey KS,20079,Wichita Composite,122.98,0.004000326557270117,,,-0.2028985507246377
2010-09-30,122.98,55.0,,,Harvey KS,20079,Wichita Composite,122.98,0.004000326557270117,,,-0.2028985507246377
2010-12-31,122.98,55.0,,,Harvey KS,20079,Wichita Composite,122.98,0.004000326557270117,,,-0.2028985507246377
2011-03-31,122.53,39.0,,,Harvey KS,20079,Wichita Composite,122.53,-0.003659131566108309,,,-0.2909090909090909
2011-06-30,122.53,39.0,,,Harvey KS,20079,Wichita Composite,122.53,-0.003659131566108309,,,-0.2909090909090909
2011-09-30,122.53,39.0,,,Harvey KS,20079,Wichita Composite,122.53,-0.003659131566108309,,,-0.2909090909090909
2011-12-31,122.53,39.0,,,Harvey KS,20079,Wichita Composite,122.53,-0.003659131566108309,,,-0.2909090909090909
2012-03-31,120.97,69.0,,,Harvey KS,20079,Wichita Composite,120.97,-0.012731575940586048,,,0.7692307692307692
2012-06-30,120.97,69.0,,,Harvey KS,20079,Wichita Composite,120.97,-0.012731575940586048,,,0.7692307692307692
2012-09-30,120.97,69.0,,,Harvey KS,20079,Wichita Composite,120.97,-0.012731575940586048,,,0.7692307692307692
2012-12-31,120.97,69.0,,,Harvey KS,20079,Wichita Composite,120.97,-0.012731575940586048,,,0.7692307692307692
2013-03-31,122.0,51.0,,,Harvey KS,20079,Wichita Composite,122.0,0.008514507729189047,,,-0.26086956521739135
2013-06-30,122.0,51.0,,,Harvey KS,20079,Wichita Composite,122.0,0.008514507729189047,,,-0.26086956521739135
2013-09-30,122.0,51.0,,,Harvey KS,20079,Wichita Composite,122.0,0.008514507729189047,,,-0.26086956521739135
2013-12-31,122.0,51.0,,,Harvey KS,20079,Wichita Composite,122.0,0.008514507729189047,,,-0.26086956521739135
2014-03-31,122.37,73.0,,,Harvey KS,20079,Wichita Composite,122.37,0.003032786885245997,,,0.43137254901960786
2014-06-30,122.37,73.0,,,Harvey KS,20079,Wichita Composite,122.37,0.003032786885245997,,,0.43137254901960786
2014-09-30,122.37,73.0,,,Harvey KS,20079,Wichita Composite,122.37,0.003032786885245997,,,0.43137254901960786
2014-12-31,122.37,73.0,,,Harvey KS,20079,Wichita Composite,122.37,0.003032786885245997,,,0.43137254901960786
2015-03-31,128.98,45.0,,,Harvey KS,20079,Wichita Composite,128.98,0.05401650731388408,,,-0.3835616438356164
2015-06-30,128.98,45.0,,,Harvey KS,20079,Wichita Composite,128.98,0.05401650731388408,,,-0.3835616438356164
2015-09-30,128.98,45.0,,,Harvey KS,20079,Wichita Composite,128.98,0.05401650731388408,,,-0.3835616438356164
2015-12-31,128.98,45.0,,,Harvey KS,20079,Wichita Composite,128.98,0.05401650731388408,,,-0.3835616438356164
2016-03-31,128.48,46.0,,,Harvey KS,20079,Wichita Composite,128.48,-0.0038765700108543966,,,0.022222222222222143
2016-06-30,128.48,46.0,,,Harvey KS,20079,Wichita Composite,128.48,-0.0038765700108543966,,,0.022222222222222143
2016-09-30,128.48,46.0,,,Harvey KS,20079,Wichita Composite,128.48,-0.0038765700108543966,,,0.022222222222222143
2016-12-31,128.48,46.0,,,Harvey KS,20079,Wichita Composite,128.48,-0.0038765700108543966,,,0.022222222222222143
2017-03-31,129.89,151.0,,,Harvey KS,20079,Wichita Composite,129.89,0.010974470734744779,,,2.282608695652174
2017-06-30,129.89,151.0,,,Harvey KS,20079,Wichita Composite,129.89,0.010974470734744779,,,2.282608695652174
2017-09-30,129.89,151.0,,,Harvey KS,20079,Wichita Composite,129.89,0.010974470734744779,,,2.282608695652174
2017-12-31,129.89,151.0,,,Harvey KS,20079,Wichita Composite,129.89,0.010974470734744779,,,2.282608695652174
2018-03-31,135.57,34.0,,,Harvey KS,20079,Wichita Composite,135.57,0.043729309415659445,,,-0.7748344370860927
2018-06-30,135.57,34.0,,,Harvey KS,20079,Wichita Composite,135.57,0.043729309415659445,,,-0.7748344370860927
2018-09-30,135.57,34.0,,,Harvey KS,20079,Wichita Composite,135.57,0.043729309415659445,,,-0.7748344370860927
2018-12-31,135.57,34.0,,,Harvey KS,20079,Wichita Composite,135.57,0.043729309415659445,,,-0.7748344370860927
2019-03-31,141.03,53.0,,,Harvey KS,20079,Wichita Composite,141.03,0.04027439699048463,,,0.5588235294117647
2019-06-30,141.03,53.0,,,Harvey KS,20079,Wichita Composite,141.03,0.04027439699048463,,,0.5588235294117647
2019-09-30,141.03,53.0,,,Harvey KS,20079,Wichita Composite,141.03,0.04027439699048463,,,0.5588235294117647
2019-12-31,141.03,53.0,,,Harvey KS,20079,Wichita Composite,141.03,0.04027439699048463,,,0.5588235294117647
2020-03-31,143.1,50.0,,,Harvey KS,20079,Wichita Composite,143.1,0.01467772814294821,,,-0.05660377358490565
2020-06-30,143.1,50.0,,,Harvey KS,20079,Wichita Composite,143.1,0.01467772814294821,,,-0.05660377358490565
2020-09-30,143.1,50.0,,,Harvey KS,20079,Wichita Composite,143.1,0.01467772814294821,,,-0.05660377358490565
2020-12-31,143.1,50.0,,,Harvey KS,20079,Wichita Composite,143.1,0.01467772814294821,,,-0.05660377358490565
2021-03-31,157.4,50.0,,,Harvey KS,20079,Wichita Composite,157.4,0.09993011879804348,,,0.0
2021-06-30,157.4,50.0,,,Harvey KS,20079,Wichita Composite,157.4,0.09993011879804348,,,0.0
2021-09-30,157.4,50.0,,,Harvey KS,20079,Wichita Composite,157.4,0.09993011879804348,,,0.0
2021-12-31,157.4,50.0,,,Harvey KS,20079,Wichita Composite,157.4,0.09993011879804348,,,0.0
2022-03-31,179.32,85.0,,,Harvey KS,20079,Wichita Composite,179.32,0.1392630241423125,,,0.7
2022-06-30,179.32,85.0,,,Harvey KS,20079,Wichita Composite,179.32,0.1392630241423125,,,0.7
2022-09-30,179.32,85.0,,,Harvey KS,20079,Wichita Composite,179.32,0.1392630241423125,,,0.7
2022-12-31,179.32,85.0,,,Harvey KS,20079,Wichita Composite,179.32,0.1392630241423125,,,0.7
2023-03-31,194.23,62.0,,,Harvey KS,20079,Wichita Composite,194.23,0.08314744590675893,,,-0.2705882352941177
2023-06-30,194.23,62.0,,,Harvey KS,20079,Wichita Composite,194.23,0.08314744590675893,,,-0.2705882352941177
2023-09-30,194.23,62.0,,,Harvey KS,20079,Wichita Composite,194.23,0.08314744590675893,,,-0.2705882352941177
2023-12-31,194.23,62.0,,,Harvey KS,20079,Wichita Composite,194.23,0.08314744590675893,,,-0.2705882352941177
2024-03-31,204.67,158.0,,,Harvey KS,20079,Wichita Composite,204.67,0.05375070792359571,,,1.5483870967741935
2024-06-30,204.67,158.0,,,Harvey KS,20079,Wichita Composite,204.67,0.05375070792359571,,,1.5483870967741935
2024-09-30,204.67,158.0,,,Harvey KS,20079,Wichita Composite,204.67,0.05375070792359571,,,1.5483870967741935
2024-12-31,204.67,158.0,,,Harvey KS,20079,Wichita Composite,204.67,0.05375070792359571,,,1.5483870967741935
2025-03-31,218.79,115.0,,,Harvey KS,20079,Wichita Composite,218.79,0.06898910441198036,,,-0.2721518987341772
2000-03-31,100.0,64.0,,,Sumner KS,20191,Wichita Composite,100.0,,,,
2000-06-30,100.0,64.0,,,Sumner KS,20191,Wichita Composite,100.0,,,,
2000-09-30,100.0,64.0,,,Sumner KS,20191,Wichita Composite,100.0,,,,
2000-12-31,100.0,64.0,,,Sumner KS,20191,Wichita Composite,100.0,,,,
2001-03-31,107.02,60.0,,,Sumner KS,20191,Wichita Composite,107.02000000000001,0.07020000000000004,,,-0.0625
2001-06-30,107.02,60.0,,,Sumner KS,20191,Wichita Composite,107.02000000000001,0.07020000000000004,,,-0.0625
2001-09-30,107.02,60.0,,,Sumner KS,20191,Wichita Composite,107.02000000000001,0.07020000000000004,,,-0.0625
2001-12-31,107.02,60.0,,,Sumner KS,20191,Wichita Composite,107.02000000000001,0.07020000000000004,,,-0.0625
2002-03-31,108.99,43.0,,,Sumner KS,20191,Wichita Composite,108.98999999999998,0.018407774247804154,,,-0.2833333333333333
2002-06-30,108.99,43.0,,,Sumner KS,20191,Wichita Composite,108.98999999999998,0.018407774247804154,,,-0.2833333333333333
2002-09-30,108.99,43.0,,,Sumner KS,20191,Wichita Composite,108.98999999999998,0.018407774247804154,,,-0.2833333333333333
2002-12-31,108.99,43.0,,,Sumner KS,20191,Wichita Composite,108.98999999999998,0.018407774247804154,,,-0.2833333333333333
2003-03-31,108.13,37.0,,,Sumner KS,20191,Wichita Composite,108.13,-0.00789063216808883,,,-0.13953488372093026
2003-06-30,108.13,37.0,,,Sumner KS,20191,Wichita Composite,108.13,-0.00789063216808883,,,-0.13953488372093026
2003-09-30,108.13,37.0,,,Sumner KS,20191,Wichita Composite,108.13,-0.00789063216808883,,,-0.13953488372093026
2003-12-31,108.13,37.0,,,Sumner KS,20191,Wichita Composite,108.13,-0.00789063216808883,,,-0.13953488372093026
2004-03-31,110.22,55.0,,,Sumner KS,20191,Wichita Composite,110.22000000000001,0.019328585961342792,,,0.4864864864864864
2004-06-30,110.22,55.0,,,Sumner KS,20191,Wichita Composite,110.22000000000001,0.019328585961342792,,,0.4864864864864864
2004-09-30,110.22,55.0,,,Sumner KS,20191,Wichita Composite,110.22000000000001,0.019328585961342792,,,0.4864864864864864
2004-12-31,110.22,55.0,,,Sumner KS,20191,Wichita Composite,110.22000000000001,0.019328585961342792,,,0.4864864864864864
2005-03-31,114.25,50.0,,,Sumner KS,20191,Wichita Composite,114.25,0.036563237162039464,,,-0.09090909090909094
2005-06-30,114.25,50.0,,,Sumner KS,20191,Wichita Composite,114.25,0.036563237162039464,,,-0.09090909090909094
2005-09-30,114.25,50.0,,,Sumner KS,20191,Wichita Composite,114.25,0.036563237162039464,,,-0.09090909090909094
2005-12-31,114.25,50.0,,,Sumner KS,20191,Wichita Composite,114.25,0.036563237162039464,,,-0.09090909090909094
2006-03-31,113.33,38.0,,,Sumner KS,20191,Wichita Composite,113.33,-0.008052516411378607,,,-0.24
2006-06-30,113.33,38.0,,,Sumner KS,20191,Wichita Composite,113.33,-0.008052516411378607,,,-0.24
2006-09-30,113.33,38.0,,,Sumner KS,20191,Wichita Composite,113.33,-0.008052516411378607,,,-0.24
2006-12-31,113.33,38.0,,,Sumner KS,20191,Wichita Composite,113.33,-0.008052516411378607,,,-0.24
2007-03-31,117.92,45.0,,,Sumner KS,20191,Wichita Composite,117.92,0.040501191211506304,,,0.18421052631578938
2007-06-30,117.92,45.0,,,Sumner KS,20191,Wichita Composite,117.92,0.040501191211506304,,,0.18421052631578938
2007-09-30,117.92,45.0,,,Sumner KS,20191,Wichita Composite,117.92,0.040501191211506304,,,0.18421052631578938
2007-12-31,117.92,45.0,,,Sumner KS,20191,Wichita Composite,117.92,0.040501191211506304,,,0.18421052631578938
2008-03-31,124.24,31.0,,,Sumner KS,20191,Wichita Composite,124.24,0.053595658073269936,,,-0.3111111111111111
2008-06-30,124.24,31.0,,,Sumner KS,20191,Wichita Composite,124.24,0.053595658073269936,,,-0.3111111111111111
2008-09-30,124.24,31.0,,,Sumner KS,20191,Wichita Composite,124.24,0.053595658073269936,,,-0.3111111111111111
2008-12-31,124.24,31.0,,,Sumner KS,20191,Wichita Composite,124.24,0.053595658073269936,,,-0.3111111111111111
2009-03-31,121.26,25.0,,,Sumner KS,20191,Wichita Composite,121.26000000000002,-0.02398583386992914,,,-0.19354838709677424
2009-06-30,121.26,25.0,,,Sumner KS,20191,Wichita Composite,121.26000000000002,-0.02398583386992914,,,-0.19354838709677424
2009-09-30,121.26,25.0,,,Sumner KS,20191,Wichita Composite,121.26000000000002,-0.02398583386992914,,,-0.19354838709677424
2009-12-31,121.26,25.0,,,Sumner KS,20191,Wichita Composite,121.26000000000002,-0.02398583386992914,,,-0.19354838709677424
2010-03-31,120.97,21.0,,,Sumner KS,20191,Wichita Composite,120.97,-0.0023915553356425034,,,-0.16000000000000003
2010-06-30,120.97,21.0,,,Sumner KS,20191,Wichita Composite,120.97,-0.0023915553356425034,,,-0.16000000000000003
2010-09-30,120.97,21.0,,,Sumner KS,20191,Wichita Composite,120.97,-0.0023915553356425034,,,-0.16000000000000003
2010-12-31,120.97,21.0,,,Sumner KS,20191,Wichita Composite,120.97,-0.0023915553356425034,,,-0.16000000000000003
2011-03-31,119.43,20.0,,,Sumner KS,20191,Wichita Composite,119.43,-0.012730429031991286,,,-0.04761904761904767
2011-06-30,119.43,20.0,,,Sumner KS,20191,Wichita Composite,119.43,-0.012730429031991286,,,-0.04761904761904767
2011-09-30,119.43,20.0,,,Sumner KS,20191,Wichita Composite,119.43,-0.012730429031991286,,,-0.04761904761904767
2011-12-31,119.43,20.0,,,Sumner KS,20191,Wichita Composite,119.43,-0.012730429031991286,,,-0.04761904761904767
2012-03-31,116.74,20.0,,,Sumner KS,20191,Wichita Composite,116.74,-0.022523654023277384,,,0.0
2012-06-30,116.74,20.0,,,Sumner KS,20191,Wichita Composite,116.74,-0.022523654023277384,,,0.0
2012-09-30,116.74,20.0,,,Sumner KS,20191,Wichita Composite,116.74,-0.022523654023277384,,,0.0
2012-12-31,116.74,20.0,,,Sumner KS,20191,Wichita Composite,116.74,-0.022523654023277384,,,0.0
2013-03-31,120.03,25.0,,,Sumner KS,20191,Wichita Composite,120.02999999999999,0.028182285420592867,,,0.25
2013-06-30,120.03,25.0,,,Sumner KS,20191,Wichita Composite,120.02999999999999,0.028182285420592867,,,0.25
2013-09-30,120.03,25.0,,,Sumner KS,20191,Wichita Composite,120.02999999999999,0.028182285420592867,,,0.25
2013-12-31,120.03,25.0,,,Sumner KS,20191,Wichita Composite,120.02999999999999,0.028182285420592867,,,0.25
2014-03-31,118.6,62.0,,,Sumner KS,20191,Wichita Composite,118.6,-0.011913688244605591,,,1.48
2014-06-30,118.6,62.0,,,Sumner KS,20191,Wichita Composite,118.6,-0.011913688244605591,,,1.48
2014-09-30,118.6,62.0,,,Sumner KS,20191,Wichita Composite,118.6,-0.011913688244605591,,,1.48
2014-12-31,118.6,62.0,,,Sumner KS,20191,Wichita Composite,118.6,-0.011913688244605591,,,1.48
2015-03-31,127.08,23.0,,,Sumner KS,20191,Wichita Composite,127.08,0.07150084317032035,,,-0.6290322580645161
2015-06-30,127.08,23.0,,,Sumner KS,20191,Wichita Composite,127.08,0.07150084317032035,,,-0.6290322580645161
2015-09-30,127.08,23.0,,,Sumner KS,20191,Wichita Composite,127.08,0.07150084317032035,,,-0.6290322580645161
2015-12-31,127.08,23.0,,,Sumner KS,20191,Wichita Composite,127.08,0.07150084317032035,,,-0.6290322580645161
2016-03-31,123.89,19.0,,,Sumner KS,20191,Wichita Composite,123.89000000000001,-0.025102297765187243,,,-0.17391304347826086
2016-06-30,123.89,19.0,,,Sumner KS,20191,Wichita Composite,123.89000000000001,-0.025102297765187243,,,-0.17391304347826086
2016-09-30,123.89,19.0,,,Sumner KS,20191,Wichita Composite,123.89000000000001,-0.025102297765187243,,,-0.17391304347826086
2016-12-31,123.89,19.0,,,Sumner KS,20191,Wichita Composite,123.89000000000001,-0.025102297765187243,,,-0.17391304347826086
2017-03-31,128.44,31.0,,,Sumner KS,20191,Wichita Composite,128.44,0.036726128016788984,,,0.631578947368421
2017-06-30,128.44,31.0,,,Sumner KS,20191,Wichita Composite,128.44,0.036726128016788984,,,0.631578947368421
2017-09-30,128.44,31.0,,,Sumner KS,20191,Wichita Composite,128.44,0.036726128016788984,,,0.631578947368421
2017-12-31,128.44,31.0,,,Sumner KS,20191,Wichita Composite,128.44,0.036726128016788984,,,0.631578947368421
2018-03-31,138.59,27.0,,,Sumner KS,20191,Wichita Composite,138.59,0.07902522578635951,,,-0.12903225806451613
2018-06-30,138.59,27.0,,,Sumner KS,20191,Wichita Composite,138.59,0.07902522578635951,,,-0.12903225806451613
2018-09-30,138.59,27.0,,,Sumner KS,20191,Wichita Composite,138.59,0.07902522578635951,,,-0.12903225806451613
2018-12-31,138.59,27.0,,,Sumner KS,20191,Wichita Composite,138.59,0.07902522578635951,,,-0.12903225806451613
2019-03-31,144.81,39.0,,,Sumner KS,20191,Wichita Composite,144.81,0.04488058301464748,,,0.4444444444444444
2019-06-30,144.81,39.0,,,Sumner KS,20191,Wichita Composite,144.81,0.04488058301464748,,,0.4444444444444444
2019-09-30,144.81,39.0,,,Sumner KS,20191,Wichita Composite,144.81,0.04488058301464748,,,0.4444444444444444
2019-12-31,144.81,39.0,,,Sumner KS,20191,Wichita Composite,144.81,0.04488058301464748,,,0.4444444444444444
2020-03-31,148.52,29.0,,,Sumner KS,20191,Wichita Composite,148.52,0.02561977763966583,,,-0.2564102564102564
2020-06-30,148.52,29.0,,,Sumner KS,20191,Wichita Composite,148.52,0.02561977763966583,,,-0.2564102564102564
2020-09-30,148.52,29.0,,,Sumner KS,20191,Wichita Composite,148.52,0.02561977763966583,,,-0.2564102564102564
2020-12-31,148.52,29.0,,,Sumner KS,20191,Wichita Composite,148.52,0.02561977763966583,,,-0.2564102564102564
2021-03-31,162.09,41.0,,,Sumner KS,20191,Wichita Composite,162.09,0.09136816590358188,,,0.4137931034482758
2021-06-30,162.09,41.0,,,Sumner KS,20191,Wichita Composite,162.09,0.09136816590358188,,,0.4137931034482758
2021-09-30,162.09,41.0,,,Sumner KS,20191,Wichita Composite,162.09,0.09136816590358188,,,0.4137931034482758
2021-12-31,162.09,41.0,,,Sumner KS,20191,Wichita Composite,162.09,0.09136816590358188,,,0.4137931034482758
2022-03-31,195.8,30.0,,,Sumner KS,20191,Wichita Composite,195.8,0.20797088037510036,,,-0.2682926829268293
2022-06-30,195.8,30.0,,,Sumner KS,20191,Wichita Composite,195.8,0.20797088037510036,,,-0.2682926829268293
2022-09-30,195.8,30.0,,,Sumner KS,20191,Wichita Composite,195.8,0.20797088037510036,,,-0.2682926829268293
2022-12-31,195.8,30.0,,,Sumner KS,20191,Wichita Composite,195.8,0.20797088037510036,,,-0.2682926829268293
2023-03-31,192.26,26.0,,,Sumner KS,20191,Wichita Composite,192.26,-0.018079673135853014,,,-0.1333333333333333
2023-06-30,192.26,26.0,,,Sumner KS,20191,Wichita Composite,192.26,-0.018079673135853014,,,-0.1333333333333333
2023-09-30,192.26,26.0,,,Sumner KS,20191,Wichita Composite,192.26,-0.018079673135853014,,,-0.1333333333333333
2023-12-31,192.26,26.0,,,Sumner KS,20191,Wichita Composite,192.26,-0.018079673135853014,,,-0.1333333333333333
2024-03-31,211.34,26.0,,,Sumner KS,20191,Wichita Composite,211.34,0.09924061167169462,,,0.0
2024-06-30,211.34,26.0,,,Sumner KS,20191,Wichita Composite,211.34,0.09924061167169462,,,0.0
2024-09-30,211.34,26.0,,,Sumner KS,20191,Wichita Composite,211.34,0.09924061167169462,,,0.0
2024-12-31,211.34,26.0,,,Sumner KS,20191,Wichita Composite,211.34,0.09924061167169462,,,0.0
2025-03-31,213.04,25.0,,,Sumner KS,20191,Wichita Composite,213.04,0.008043910286741784,,,-0.038461538461538436
2000-03-31,100.0,13745.0,,,Dallas TX,48113,DFW Composite,100.0,,,,
2000-06-30,100.0,13745.0,,,Dallas TX,48113,DFW Composite,100.0,,,,
2000-09-30,100.0,13745.0,,,Dallas TX,48113,DFW Composite,100.0,,,,
2000-12-31,100.0,13745.0,,,Dallas TX,48113,DFW Composite,100.0,,,,
2001-03-31,106.69,13839.0,,,Dallas TX,48113,DFW Composite,106.69,0.06689999999999996,,,0.006838850491087678
2001-06-30,106.69,13839.0,,,Dallas TX,48113,DFW Composite,106.69,0.06689999999999996,,,0.006838850491087678
2001-09-30,106.69,13839.0,,,Dallas TX,48113,DFW Composite,106.69,0.06689999999999996,,,0.006838850491087678
2001-12-31,106.69,13839.0,,,Dallas TX,48113,DFW Composite,106.69,0.06689999999999996,,,0.006838850491087678
2002-03-31,110.62,15330.0,,,Dallas TX,48113,DFW Composite,110.62,0.03683569219233296,,,0.10773899848254942
2002-06-30,110.62,15330.0,,,Dallas TX,48113,DFW Composite,110.62,0.03683569219233296,,,0.10773899848254942
2002-09-30,110.62,15330.0,,,Dallas TX,48113,DFW Composite,110.62,0.03683569219233296,,,0.10773899848254942
2002-12-31,110.62,15330.0,,,Dallas TX,48113,DFW Composite,110.62,0.03683569219233296,,,0.10773899848254942
2003-03-31,112.53,15448.0,,,Dallas TX,48113,DFW Composite,112.53,0.01726631712167781,,,0.007697325505544583
2003-06-30,112.53,15448.0,,,Dallas TX,48113,DFW Composite,112.53,0.01726631712167781,,,0.007697325505544583
2003-09-30,112.53,15448.0,,,Dallas TX,48113,DFW Composite,112.53,0.01726631712167781,,,0.007697325505544583
2003-12-31,112.53,15448.0,,,Dallas TX,48113,DFW Composite,112.53,0.01726631712167781,,,0.007697325505544583
2004-03-31,115.09,13297.0,,,Dallas TX,48113,DFW Composite,115.09,0.02274948902514895,,,-0.13924132573795955
2004-06-30,115.09,13297.0,,,Dallas TX,48113,DFW Composite,115.09,0.02274948902514895,,,-0.13924132573795955
2004-09-30,115.09,13297.0,,,Dallas TX,48113,DFW Composite,115.09,0.02274948902514895,,,-0.13924132573795955
2004-12-31,115.09,13297.0,,,Dallas TX,48113,DFW Composite,115.09,0.02274948902514895,,,-0.13924132573795955
2005-03-31,119.4,14404.0,,,Dallas TX,48113,DFW Composite,119.39999999999999,0.037448952993309526,,,0.08325186132210272
2005-06-30,119.4,14404.0,,,Dallas TX,48113,DFW Composite,119.39999999999999,0.037448952993309526,,,0.08325186132210272
2005-09-30,119.4,14404.0,,,Dallas TX,48113,DFW Composite,119.39999999999999,0.037448952993309526,,,0.08325186132210272
2005-12-31,119.4,14404.0,,,Dallas TX,48113,DFW Composite,119.39999999999999,0.037448952993309526,,,0.08325186132210272
2006-03-31,123.83,15556.0,,,Dallas TX,48113,DFW Composite,123.83,0.0371021775544389,,,0.07997778394890309
2006-06-30,123.83,15556.0,,,Dallas TX,48113,DFW Composite,123.83,0.0371021775544389,,,0.07997778394890309
2006-09-30,123.83,15556.0,,,Dallas TX,48113,DFW Composite,123.83,0.0371021775544389,,,0.07997778394890309
2006-12-31,123.83,15556.0,,,Dallas TX,48113,DFW Composite,123.83,0.0371021775544389,,,0.07997778394890309
2007-03-31,127.44,13295.0,,,Dallas TX,48113,DFW Composite,127.44,0.029152870871355985,,,-0.1453458472615068
2007-06-30,127.44,13295.0,,,Dallas TX,48113,DFW Composite,127.44,0.029152870871355985,,,-0.1453458472615068
2007-09-30,127.44,13295.0,,,Dallas TX,48113,DFW Composite,127.44,0.029152870871355985,,,-0.1453458472615068
2007-12-31,127.44,13295.0,,,Dallas TX,48113,DFW Composite,127.44,0.029152870871355985,,,-0.1453458472615068
2008-03-31,129.19,14293.0,,,Dallas TX,48113,DFW Composite,129.19,0.013731952291274219,,,0.07506581421587066
2008-06-30,129.19,14293.0,,,Dallas TX,48113,DFW Composite,129.19,0.013731952291274219,,,0.07506581421587066
2008-09-30,129.19,14293.0,,,Dallas TX,48113,DFW Composite,129.19,0.013731952291274219,,,0.07506581421587066
2008-12-31,129.19,14293.0,,,Dallas TX,48113,DFW Composite,129.19,0.013731952291274219,,,0.07506581421587066
2009-03-31,128.42,4134.0,,,Dallas TX,48113,DFW Composite,128.42,-0.005960213638826595,,,-0.710767508570629
2009-06-30,128.42,4134.0,,,Dallas TX,48113,DFW Composite,128.42,-0.005960213638826595,,,-0.710767508570629
2009-09-30,128.42,4134.0,,,Dallas TX,48113,DFW Composite,128.42,-0.005960213638826595,,,-0.710767508570629
2009-12-31,128.42,4134.0,,,Dallas TX,48113,DFW Composite,128.42,-0.005960213638826595,,,-0.710767508570629
2010-03-31,125.48,5485.0,,,Dallas TX,48113,DFW Composite,125.48000000000002,-0.022893630275657828,,,0.3268021286889211
2010-06-30,125.48,5485.0,,,Dallas TX,48113,DFW Composite,125.48000000000002,-0.022893630275657828,,,0.3268021286889211
2010-09-30,125.48,5485.0,,,Dallas TX,48113,DFW Composite,125.48000000000002,-0.022893630275657828,,,0.3268021286889211
2010-12-31,125.48,5485.0,,,Dallas TX,48113,DFW Composite,125.48000000000002,-0.022893630275657828,,,0.3268021286889211
2011-03-31,122.61,8552.0,,,Dallas TX,48113,DFW Composite,122.61,-0.022872170863882713,,,0.5591613491340017
2011-06-30,122.61,8552.0,,,Dallas TX,48113,DFW Composite,122.61,-0.022872170863882713,,,0.5591613491340017
2011-09-30,122.61,8552.0,,,Dallas TX,48113,DFW Composite,122.61,-0.022872170863882713,,,0.5591613491340017
2011-12-31,122.61,8552.0,,,Dallas TX,48113,DFW Composite,122.61,-0.022872170863882713,,,0.5591613491340017
2012-03-31,123.15,11925.0,,,Dallas TX,48113,DFW Composite,123.15,0.004404208465867532,,,0.39441066417212345
2012-06-30,123.15,11925.0,,,Dallas TX,48113,DFW Composite,123.15,0.004404208465867532,,,0.39441066417212345
2012-09-30,123.15,11925.0,,,Dallas TX,48113,DFW Composite,123.15,0.004404208465867532,,,0.39441066417212345
2012-12-31,123.15,11925.0,,,Dallas TX,48113,DFW Composite,123.15,0.004404208465867532,,,0.39441066417212345
2013-03-31,129.66,14779.0,,,Dallas TX,48113,DFW Composite,129.66,0.05286236297198532,,,0.2393291404612159
2013-06-30,129.66,14779.0,,,Dallas TX,48113,DFW Composite,129.66,0.05286236297198532,,,0.2393291404612159
2013-09-30,129.66,14779.0,,,Dallas TX,48113,DFW Composite,129.66,0.05286236297198532,,,0.2393291404612159
2013-12-31,129.66,14779.0,,,Dallas TX,48113,DFW Composite,129.66,0.05286236297198532,,,0.2393291404612159
2014-03-31,141.84,14360.0,,,Dallas TX,48113,DFW Composite,141.84,0.09393799167052297,,,-0.02835103863590227
2014-06-30,141.84,14360.0,,,Dallas TX,48113,DFW Composite,141.84,0.09393799167052297,,,-0.02835103863590227
2014-09-30,141.84,14360.0,,,Dallas TX,48113,DFW Composite,141.84,0.09393799167052297,,,-0.02835103863590227
2014-12-31,141.84,14360.0,,,Dallas TX,48113,DFW Composite,141.84,0.09393799167052297,,,-0.02835103863590227
2015-03-31,155.22,21698.0,,,Dallas TX,48113,DFW Composite,155.22,0.09433164128595606,,,0.5110027855153203
2015-06-30,155.22,21698.0,,,Dallas TX,48113,DFW Composite,155.22,0.09433164128595606,,,0.5110027855153203
2015-09-30,155.22,21698.0,,,Dallas TX,48113,DFW Composite,155.22,0.09433164128595606,,,0.5110027855153203
2015-12-31,155.22,21698.0,,,Dallas TX,48113,DFW Composite,155.22,0.09433164128595606,,,0.5110027855153203
2016-03-31,170.47,18059.0,,,Dallas TX,48113,DFW Composite,170.47,0.09824764849890477,,,-0.1677113097981381
2016-06-30,170.47,18059.0,,,Dallas TX,48113,DFW Composite,170.47,0.09824764849890477,,,-0.1677113097981381
2016-09-30,170.47,18059.0,4061.3333333333335,,Dallas TX,48113,DFW Composite,170.47,0.09824764849890477,,,-0.1677113097981381
2016-12-31,170.47,18059.0,3912.6666666666665,,Dallas TX,48113,DFW Composite,170.47,0.09824764849890477,,,-0.1677113097981381
2017-03-31,186.62,19428.0,3437.6666666666665,,Dallas TX,48113,DFW Composite,186.62,0.09473807708101134,,,0.07580707680380971
2017-06-30,186.62,19428.0,3879.0,,Dallas TX,48113,DFW Composite,186.62,0.09473807708101134,,,0.07580707680380971
2017-09-30,186.62,19428.0,4567.333333333333,383737.0,Dallas TX,48113,DFW Composite,186.62,0.09473807708101134,0.1245896257386736,,0.07580707680380971
2017-12-31,186.62,19428.0,4335.666666666667,377700.0,Dallas TX,48113,DFW Composite,186.62,0.09473807708101134,0.10811041063213511,,0.07580707680380971
2018-03-31,199.06,18123.0,3549.6666666666665,393500.0,Dallas TX,48113,DFW Composite,199.06,0.066659522023363,0.03258023853388936,,-0.06717109326744908
2018-06-30,199.06,18123.0,4416.0,422433.3333333333,Dallas TX,48113,DFW Composite,199.06,0.066659522023363,0.13843774168600165,,-0.06717109326744908
2018-09-30,199.06,18123.0,5275.333333333333,374566.6666666667,Dallas TX,48113,DFW Composite,199.06,0.066659522023363,0.15501386658881922,-0.023897443648471017,-0.06717109326744908
2018-12-31,199.06,18123.0,5593.0,351831.6666666667,Dallas TX,48113,DFW Composite,199.06,0.066659522023363,0.2899976935496271,-0.06848910069720227,-0.06717109326744908
2019-03-31,207.14,17050.0,5211.333333333333,350010.7142857143,Dallas TX,48113,DFW Composite,207.13999999999996,0.04059077665025623,0.46811907221335325,-0.110519150481031,-0.05920653313469071
2019-06-30,207.14,17050.0,5918.666666666667,381316.5,Dallas TX,48113,DFW Composite,207.13999999999996,0.04059077665025623,0.3402777777777779,-0.0973333070306951,-0.05920653313469071
2019-09-30,207.14,17050.0,6568.666666666667,359357.42424242425,Dallas TX,48113,DFW Composite,207.13999999999996,0.04059077665025623,0.24516618223177056,-0.040604901016932704,-0.05920653313469071
2019-12-31,207.14,17050.0,5935.333333333333,339359.0909090909,Dallas TX,48113,DFW Composite,207.13999999999996,0.04059077665025623,0.06120746170808733,-0.035450406939613543,-0.05920653313469071
2020-03-31,211.54,10628.0,4871.666666666667,324365.8333333333,Dallas TX,48113,DFW Composite,211.53999999999996,0.02124167229892837,-0.06517845720864768,-0.07326884551153212,-0.3766568914956012
2020-06-30,211.54,10628.0,4896.0,358848.3333333333,Dallas TX,48113,DFW Composite,211.53999999999996,0.02124167229892837,-0.17278666366298723,-0.05892261852468139,-0.3766568914956012
2020-09-30,211.54,10628.0,4464.333333333333,387373.3333333333,Dallas TX,48113,DFW Composite,211.53999999999996,0.02124167229892837,-0.3203592814371258,0.07796112505528585,-0.3766568914956012
2020-12-31,211.54,10628.0,3792.0,384016.6666666667,Dallas TX,48113,DFW Composite,211.53999999999996,0.02124167229892837,-0.36111423115803654,0.13159386901333625,-0.3766568914956012
2021-03-31,237.04,18799.0,2370.6666666666665,364091.6666666667,Dallas TX,48113,DFW Composite,237.04000000000002,0.12054457785761552,-0.5133766678070476,0.12247231135626202,0.7688182160331201
2021-06-30,237.04,18799.0,2096.3333333333335,374800.0,Dallas TX,48113,DFW Composite,237.04000000000002,0.12054457785761552,-0.5718273420479303,0.04445239167893589,0.7688182160331201
2021-09-30,237.04,18799.0,2628.3333333333335,371658.3333333333,Dallas TX,48113,DFW Composite,237.04000000000002,0.12054457785761552,-0.4112596132307921,-0.040568099679895386,0.7688182160331201
2021-12-31,237.04,18799.0,2070.0,375383.3333333333,Dallas TX,48113,DFW Composite,237.04000000000002,0.12054457785761552,-0.4541139240506329,-0.02248166312226041,0.7688182160331201
2022-03-31,283.86,17282.0,1270.6666666666667,375356.6666666667,Dallas TX,48113,DFW Composite,283.86,0.197519406007425,-0.4640044994375703,0.030940010528484052,-0.0806957816905155
2022-06-30,283.86,17282.0,1955.6666666666667,421233.1666666667,Dallas TX,48113,DFW Composite,283.86,0.197519406007425,-0.06710128796311021,0.12388785129847024,-0.0806957816905155
2022-09-30,283.86,17282.0,3315.0,418157.5,Dallas TX,48113,DFW Composite,283.86,0.197519406007425,0.2612555485098287,0.12511267068768372,-0.0806957816905155
2022-12-31,283.86,17282.0,3606.0,395983.3333333333,Dallas TX,48113,DFW Composite,283.86,0.197519406007425,0.7420289855072464,0.054877236602584034,-0.0806957816905155
2023-03-31,298.04,13285.0,2880.0,393106.6666666667,Dallas TX,48113,DFW Composite,298.04,0.049954202776016476,1.2665267576075552,0.047288356851705515,-0.23128110172433747
2023-06-30,298.04,13285.0,2887.0,434823.4166666667,Dallas TX,48113,DFW Composite,298.04,0.049954202776016476,0.4762229418783024,0.032263010312182594,-0.23128110172433747
2023-09-30,298.04,13285.0,3657.0,433164.1666666667,Dallas TX,48113,DFW Composite,298.04,0.049954202776016476,0.10316742081447972,0.035887594187995475,-0.23128110172433747
2023-12-31,298.04,13285.0,4311.0,407908.3333333333,Dallas TX,48113,DFW Composite,298.04,0.049954202776016476,0.19550748752079872,0.030114903825918526,-0.23128110172433747
2024-03-31,307.02,12711.0,3916.0,393833.3333333333,Dallas TX,48113,DFW Composite,307.02,0.030130183867937088,0.3597222222222223,0.0018485228775904083,-0.04320662401204367
2024-06-30,307.02,12711.0,4822.333333333333,415815.8333333333,Dallas TX,48113,DFW Composite,307.02,0.030130183867937088,0.6703613901397065,-0.04371333880554207,-0.04320662401204367
2024-09-30,307.02,12711.0,6028.333333333333,405433.3333333333,Dallas TX,48113,DFW Composite,307.02,0.030130183867937088,0.6484367878953605,-0.06401922288893558,-0.04320662401204367
2024-12-31,307.02,12711.0,6248.333333333333,389719.1666666667,Dallas TX,48113,DFW Composite,307.02,0.030130183867937088,0.4493930255934431,-0.044591309321947215,-0.04320662401204367
2025-03-31,306.66,12691.0,5719.333333333333,377000.0,Dallas TX,48113,DFW Composite,306.66,-0.001172562048074921,0.4605039155600952,-0.04274227676682174,-0.001573440327275577
2025-06-30,306.66,12691.0,7140.333333333333,395816.6666666667,Dallas TX,48113,DFW Composite,306.66,-0.001172562048074921,0.4806801686597084,-0.04809621246585516,-0.001573440327275577
2025-09-30,306.66,12691.0,7568.666666666667,386208.1666666667,Dallas TX,48113,DFW Composite,306.66,-0.001172562048074921,0.2555156206801217,-0.047418811148565276,-0.001573440327275577
2025-12-31,306.66,12691.0,7068.333333333333,376541.6666666667,Dallas TX,48113,DFW Composite,306.66,-0.001172562048074921,0.13123499599893296,-0.03381280965139433,-0.001573440327275577
2026-03-31,306.66,12691.0,6078.333333333333,372300.0,Dallas TX,48113,DFW Composite,306.66,0.0,0.0627695535610211,-0.012466843501326208,0.0
2026-06-30,306.66,12691.0,7025.0,397783.25,Dallas TX,48113,DFW Composite,306.66,0.0,-0.01615237383875634,0.004968419722935602,0.0
2026-09-30,306.66,12691.0,7252.0,390225.0,Dallas TX,48113,DFW Composite,306.66,0.0,-0.04183916145512201,0.010400694962000134,0.0
2000-03-31,100.0,11685.0,,,Tarrant TX,48439,DFW Composite,100.0,,,,
2000-06-30,100.0,11685.0,,,Tarrant TX,48439,DFW Composite,100.0,,,,
2000-09-30,100.0,11685.0,,,Tarrant TX,48439,DFW Composite,100.0,,,,
2000-12-31,100.0,11685.0,,,Tarrant TX,48439,DFW Composite,100.0,,,,
2001-03-31,105.75,13399.0,,,Tarrant TX,48439,DFW Composite,105.75000000000001,0.05750000000000011,,,0.14668378262729997
2001-06-30,105.75,13399.0,,,Tarrant TX,48439,DFW Composite,105.75000000000001,0.05750000000000011,,,0.14668378262729997
2001-09-30,105.75,13399.0,,,Tarrant TX,48439,DFW Composite,105.75000000000001,0.05750000000000011,,,0.14668378262729997
2001-12-31,105.75,13399.0,,,Tarrant TX,48439,DFW Composite,105.75000000000001,0.05750000000000011,,,0.14668378262729997
2002-03-31,109.38,15918.0,,,Tarrant TX,48439,DFW Composite,109.38,0.0343262411347518,,,0.18799910441077694
2002-06-30,109.38,15918.0,,,Tarrant TX,48439,DFW Composite,109.38,0.0343262411347518,,,0.18799910441077694
2002-09-30,109.38,15918.0,,,Tarrant TX,48439,DFW Composite,109.38,0.0343262411347518,,,0.18799910441077694
2002-12-31,109.38,15918.0,,,Tarrant TX,48439,DFW Composite,109.38,0.0343262411347518,,,0.18799910441077694
2003-03-31,112.13,15746.0,,,Tarrant TX,48439,DFW Composite,112.13,0.02514170780764302,,,-0.010805377559995
2003-06-30,112.13,15746.0,,,Tarrant TX,48439,DFW Composite,112.13,0.02514170780764302,,,-0.010805377559995
2003-09-30,112.13,15746.0,,,Tarrant TX,48439,DFW Composite,112.13,0.02514170780764302,,,-0.010805377559995
2003-12-31,112.13,15746.0,,,Tarrant TX,48439,DFW Composite,112.13,0.02514170780764302,,,-0.010805377559995
2004-03-31,113.78,17288.0,,,Tarrant TX,48439,DFW Composite,113.77999999999999,0.01471506287345048,,,0.09792963292264711
2004-06-30,113.78,17288.0,,,Tarrant TX,48439,DFW Composite,113.77999999999999,0.01471506287345048,,,0.09792963292264711
2004-09-30,113.78,17288.0,,,Tarrant TX,48439,DFW Composite,113.77999999999999,0.01471506287345048,,,0.09792963292264711
2004-12-31,113.78,17288.0,,,Tarrant TX,48439,DFW Composite,113.77999999999999,0.01471506287345048,,,0.09792963292264711
2005-03-31,117.56,19312.0,,,Tarrant TX,48439,DFW Composite,117.56,0.03322200738266834,,,0.11707542804257298
2005-06-30,117.56,19312.0,,,Tarrant TX,48439,DFW Composite,117.56,0.03322200738266834,,,0.11707542804257298
2005-09-30,117.56,19312.0,,,Tarrant TX,48439,DFW Composite,117.56,0.03322200738266834,,,0.11707542804257298
2005-12-31,117.56,19312.0,,,Tarrant TX,48439,DFW Composite,117.56,0.03322200738266834,,,0.11707542804257298
2006-03-31,121.51,17313.0,,,Tarrant TX,48439,DFW Composite,121.51,0.0335998638992856,,,-0.10351077050538526
2006-06-30,121.51,17313.0,,,Tarrant TX,48439,DFW Composite,121.51,0.0335998638992856,,,-0.10351077050538526
2006-09-30,121.51,17313.0,,,Tarrant TX,48439,DFW Composite,121.51,0.0335998638992856,,,-0.10351077050538526
2006-12-31,121.51,17313.0,,,Tarrant TX,48439,DFW Composite,121.51,0.0335998638992856,,,-0.10351077050538526
2007-03-31,124.02,11972.0,,,Tarrant TX,48439,DFW Composite,124.02,0.020656736071105186,,,-0.3084965055160862
2007-06-30,124.02,11972.0,,,Tarrant TX,48439,DFW Composite,124.02,0.020656736071105186,,,-0.3084965055160862
2007-09-30,124.02,11972.0,,,Tarrant TX,48439,DFW Composite,124.02,0.020656736071105186,,,-0.3084965055160862
2007-12-31,124.02,11972.0,,,Tarrant TX,48439,DFW Composite,124.02,0.020656736071105186,,,-0.3084965055160862
2008-03-31,124.4,9185.0,,,Tarrant TX,48439,DFW Composite,124.4,0.003064021931946437,,,-0.23279318409622451
2008-06-30,124.4,9185.0,,,Tarrant TX,48439,DFW Composite,124.4,0.003064021931946437,,,-0.23279318409622451
2008-09-30,124.4,9185.0,,,Tarrant TX,48439,DFW Composite,124.4,0.003064021931946437,,,-0.23279318409622451
2008-12-31,124.4,9185.0,,,Tarrant TX,48439,DFW Composite,124.4,0.003064021931946437,,,-0.23279318409622451
2009-03-31,125.5,5990.0,,,Tarrant TX,48439,DFW Composite,125.49999999999999,0.008842443729903504,,,-0.34784975503538373
2009-06-30,125.5,5990.0,,,Tarrant TX,48439,DFW Composite,125.49999999999999,0.008842443729903504,,,-0.34784975503538373
2009-09-30,125.5,5990.0,,,Tarrant TX,48439,DFW Composite,125.49999999999999,0.008842443729903504,,,-0.34784975503538373
2009-12-31,125.5,5990.0,,,Tarrant TX,48439,DFW Composite,125.49999999999999,0.008842443729903504,,,-0.34784975503538373
2010-03-31,123.48,5089.0,,,Tarrant TX,48439,DFW Composite,123.48000000000002,-0.016095617529880424,,,-0.15041736227045077
2010-06-30,123.48,5089.0,,,Tarrant TX,48439,DFW Composite,123.48000000000002,-0.016095617529880424,,,-0.15041736227045077
2010-09-30,123.48,5089.0,,,Tarrant TX,48439,DFW Composite,123.48000000000002,-0.016095617529880424,,,-0.15041736227045077
2010-12-31,123.48,5089.0,,,Tarrant TX,48439,DFW Composite,123.48000000000002,-0.016095617529880424,,,-0.15041736227045077
2011-03-31,120.79,5421.0,,,Tarrant TX,48439,DFW Composite,120.78999999999999,-0.021784904437965658,,,0.06523875024562775
2011-06-30,120.79,5421.0,,,Tarrant TX,48439,DFW Composite,120.78999999999999,-0.021784904437965658,,,0.06523875024562775
2011-09-30,120.79,5421.0,,,Tarrant TX,48439,DFW Composite,120.78999999999999,-0.021784904437965658,,,0.06523875024562775
2011-12-31,120.79,5421.0,,,Tarrant TX,48439,DFW Composite,120.78999999999999,-0.021784904437965658,,,0.06523875024562775
2012-03-31,121.67,7372.0,,,Tarrant TX,48439,DFW Composite,121.67000000000002,0.0072853713055716085,,,0.3598966980261944
2012-06-30,121.67,7372.0,,,Tarrant TX,48439,DFW Composite,121.67000000000002,0.0072853713055716085,,,0.3598966980261944
2012-09-30,121.67,7372.0,,,Tarrant TX,48439,DFW Composite,121.67000000000002,0.0072853713055716085,,,0.3598966980261944
2012-12-31,121.67,7372.0,,,Tarrant TX,48439,DFW Composite,121.67000000000002,0.0072853713055716085,,,0.3598966980261944
2013-03-31,126.06,8179.0,,,Tarrant TX,48439,DFW Composite,126.05999999999999,0.03608120325470532,,,0.10946825827455231
2013-06-30,126.06,8179.0,,,Tarrant TX,48439,DFW Composite,126.05999999999999,0.03608120325470532,,,0.10946825827455231
2013-09-30,126.06,8179.0,,,Tarrant TX,48439,DFW Composite,126.05999999999999,0.03608120325470532,,,0.10946825827455231
2013-12-31,126.06,8179.0,,,Tarrant TX,48439,DFW Composite,126.05999999999999,0.03608120325470532,,,0.10946825827455231
2014-03-31,136.03,8985.0,,,Tarrant TX,48439,DFW Composite,136.03,0.07908932254481993,,,0.0985450544076294
2014-06-30,136.03,8985.0,,,Tarrant TX,48439,DFW Composite,136.03,0.07908932254481993,,,0.0985450544076294
2014-09-30,136.03,8985.0,,,Tarrant TX,48439,DFW Composite,136.03,0.07908932254481993,,,0.0985450544076294
2014-12-31,136.03,8985.0,,,Tarrant TX,48439,DFW Composite,136.03,0.07908932254481993,,,0.0985450544076294
2015-03-31,146.87,8984.0,,,Tarrant TX,48439,DFW Composite,146.87,0.07968830405057714,,,-0.00011129660545350362
2015-06-30,146.87,8984.0,,,Tarrant TX,48439,DFW Composite,146.87,0.07968830405057714,,,-0.00011129660545350362
2015-09-30,146.87,8984.0,,,Tarrant TX,48439,DFW Composite,146.87,0.07968830405057714,,,-0.00011129660545350362
2015-12-31,146.87,8984.0,,,Tarrant TX,48439,DFW Composite,146.87,0.07968830405057714,,,-0.00011129660545350362
2016-03-31,160.76,12506.0,,,Tarrant TX,48439,DFW Composite,160.76,0.09457343228705639,,,0.3920302760463046
2016-06-30,160.76,12506.0,,,Tarrant TX,48439,DFW Composite,160.76,0.09457343228705639,,,0.3920302760463046
2016-09-30,160.76,12506.0,3997.0,,Tarrant TX,48439,DFW Composite,160.76,0.09457343228705639,,,0.3920302760463046
2016-12-31,160.76,12506.0,3663.3333333333335,,Tarrant TX,48439,DFW Composite,160.76,0.09457343228705639,,,0.3920302760463046
2017-03-31,177.75,13252.0,3018.6666666666665,,Tarrant TX,48439,DFW Composite,177.75,0.1056854939039562,,,0.05965136734367493
2017-06-30,177.75,13252.0,3433.0,,Tarrant TX,48439,DFW Composite,177.75,0.1056854939039562,,,0.05965136734367493
2017-09-30,177.75,13252.0,4203.666666666667,292158.625,Tarrant TX,48439,DFW Composite,177.75,0.1056854939039562,0.05170544575098002,,0.05965136734367493
2017-12-31,177.75,13252.0,3857.3333333333335,292779.1666666667,Tarrant TX,48439,DFW Composite,177.75,0.1056854939039562,0.05295723384895368,,0.05965136734367493
2018-03-31,191.85,14459.0,3123.0,310974.5833333333,Tarrant TX,48439,DFW Composite,191.85,0.07932489451476799,0.03456272084805656,,0.09108059160881377
2018-06-30,191.85,14459.0,3986.0,329753.8333333333,Tarrant TX,48439,DFW Composite,191.85,0.07932489451476799,0.1610836003495486,,0.09108059160881377
2018-09-30,191.85,14459.0,5078.666666666667,302424.5833333333,Tarrant TX,48439,DFW Composite,191.85,0.07932489451476799,0.20815161367060497,0.035138303150671346,0.09108059160881377
2018-12-31,191.85,14459.0,4887.666666666667,290632.1666666667,Tarrant TX,48439,DFW Composite,191.85,0.07932489451476799,0.2671102661596958,-0.007333172043775926,0.09108059160881377
2019-03-31,201.18,16983.0,4200.333333333333,294707.2619047619,Tarrant TX,48439,DFW Composite,201.18,0.048631743549648165,0.3449674458319991,-0.05231077490064351,0.17456255619337435
2019-06-30,201.18,16983.0,4704.333333333333,315750.0,Tarrant TX,48439,DFW Composite,201.18,0.048631743549648165,0.18021408262251204,-0.04246753765308764,0.17456255619337435
2019-09-30,201.18,16983.0,5283.666666666667,303695.2272727273,Tarrant TX,48439,DFW Composite,201.18,0.048631743549648165,0.0403649251772118,0.0042015233199261814,0.17456255619337435
2019-12-31,201.18,16983.0,4752.0,295000.0,Tarrant TX,48439,DFW Composite,201.18,0.048631743549648165,-0.02775693923480871,0.015028733341629463,0.17456255619337435
2020-03-31,207.5,14224.0,3981.0,288610.3333333333,Tarrant TX,48439,DFW Composite,207.50000000000003,0.03141465354408979,-0.05221807793032296,-0.020688083938016022,-0.16245657422128013
2020-06-30,207.5,14224.0,3898.3333333333335,302972.0,Tarrant TX,48439,DFW Composite,207.50000000000003,0.03141465354408979,-0.17133139658470908,-0.04046872525732381,-0.16245657422128013
2020-09-30,207.5,14224.0,3153.0,318800.0,Tarrant TX,48439,DFW Composite,207.50000000000003,0.03141465354408979,-0.40325531512207435,0.04973661543158925,-0.16245657422128013
2020-12-31,207.5,14224.0,2365.6666666666665,323500.0,Tarrant TX,48439,DFW Composite,207.50000000000003,0.03141465354408979,-0.5021745230078564,0.09661016949152534,-0.16245657422128013
2021-03-31,236.57,18169.0,1445.6666666666667,330411.0,Tarrant TX,48439,DFW Composite,236.57,0.14009638554216863,-0.63685841078456,0.14483426904326602,0.27734814398200225
2021-06-30,236.57,18169.0,1417.3333333333333,336600.0,Tarrant TX,48439,DFW Composite,236.57,0.14009638554216863,-0.6364258230012827,0.1109937551985003,0.27734814398200225
2021-09-30,236.57,18169.0,2110.0,349850.0,Tarrant TX,48439,DFW Composite,236.57,0.14009638554216863,-0.3307960672375515,0.0973964868255961,0.27734814398200225
2021-12-31,236.57,18169.0,1707.0,354432.5,Tarrant TX,48439,DFW Composite,236.57,0.14009638554216863,-0.2784275045793997,0.09561823802163838,0.27734814398200225
2022-03-31,286.37,18190.0,1084.6666666666667,373206.0,Tarrant TX,48439,DFW Composite,286.37,0.21050851756351197,-0.24971178233802171,0.12952050627854406,0.0011558148494688059
2022-06-30,286.37,18190.0,1862.3333333333333,403633.3333333333,Tarrant TX,48439,DFW Composite,286.37,0.21050851756351197,0.313969896519285,0.1991483462071697,0.0011558148494688059
2022-09-30,286.37,18190.0,3566.6666666666665,397133.3333333333,Tarrant TX,48439,DFW Composite,286.37,0.21050851756351197,0.6903633491311216,0.13515316087847173,0.0011558148494688059
2022-12-31,286.37,18190.0,3939.3333333333335,378281.6666666667,Tarrant TX,48439,DFW Composite,286.37,0.21050851756351197,1.307752392110916,0.06728831770976607,0.0011558148494688059
2023-03-31,295.44,14039.0,3036.3333333333335,374805.8333333333,Tarrant TX,48439,DFW Composite,295.44,0.03167231204385934,1.7993239090350337,0.004286729938246747,-0.2282023089609676
2023-06-30,295.44,14039.0,3011.0,388800.0,Tarrant TX,48439,DFW Composite,295.44,0.03167231204385934,0.6167889744048685,-0.03674952514658514,-0.2282023089609676
2023-09-30,295.44,14039.0,3673.3333333333335,382999.5833333333,Tarrant TX,48439,DFW Composite,295.44,0.03167231204385934,0.029906542056074903,-0.03558943260030212,-0.2282023089609676
2023-12-31,295.44,14039.0,4131.333333333333,367133.3333333333,Tarrant TX,48439,DFW Composite,295.44,0.03167231204385934,0.048739211372482494,-0.02947098502438672,-0.2282023089609676
2024-03-31,300.61,18858.0,3635.0,363300.0,Tarrant TX,48439,DFW Composite,300.61,0.017499323043596027,0.19716763640355683,-0.03069811702503733,0.3432580668138756
2024-06-30,300.61,18858.0,4402.666666666667,378950.0,Tarrant TX,48439,DFW Composite,300.61,0.017499323043596027,0.4621941769068971,-0.025334362139917688,0.3432580668138756
2024-09-30,300.61,18858.0,5621.666666666667,372000.0,Tarrant TX,48439,DFW Composite,300.61,0.017499323043596027,0.530399274047187,-0.02871956997342251,0.3432580668138756
2024-12-31,300.61,18858.0,5577.0,361491.6666666667,Tarrant TX,48439,DFW Composite,300.61,0.017499323043596027,0.34992738421817027,-0.015366805883420986,0.3432580668138756
2025-03-31,301.99,13924.0,4867.333333333333,356524.75,Tarrant TX,48439,DFW Composite,301.99,0.004590665646518666,0.33901879871618523,-0.01864918799889903,-0.26163962244140415
2025-06-30,301.99,13924.0,5881.333333333333,374858.3333333333,Tarrant TX,48439,DFW Composite,301.99,0.004590665646518666,0.33585705632949714,-0.010797378721907114,-0.26163962244140415
2025-09-30,301.99,13924.0,6384.0,371483.3333333333,Tarrant TX,48439,DFW Composite,301.99,0.004590665646518666,0.135606285206048,-0.001388888888888995,-0.26163962244140415
2025-12-31,301.99,13924.0,5789.0,363650.0,Tarrant TX,48439,DFW Composite,301.99,0.004590665646518666,0.03801326878249944,0.00597063095045991,-0.26163962244140415
2026-03-31,301.99,13924.0,4907.333333333333,359315.0,Tarrant TX,48439,DFW Composite,301.99,0.0,0.008218052321599778,0.00782624488201722,0.0
2026-06-30,301.99,13924.0,5504.333333333333,373333.1666666667,Tarrant TX,48439,DFW Composite,301.99,0.0,-0.06410111085921555,-0.004068648155969967,0.0
2026-09-30,301.99,13924.0,5871.0,372450.0,Tarrant TX,48439,DFW Composite,301.99,0.0,-0.0803571428571429,0.0026021804477545096,0.0
2000-03-31,100.0,10111.0,,,Collin TX,48085,DFW Composite,100.0,,,,
2000-06-30,100.0,10111.0,,,Collin TX,48085,DFW Composite,100.0,,,,
2000-09-30,100.0,10111.0,,,Collin TX,48085,DFW Composite,100.0,,,,
2000-12-31,100.0,10111.0,,,Collin TX,48085,DFW Composite,100.0,,,,
2001-03-31,105.51,11418.0,,,Collin TX,48085,DFW Composite,105.51000000000002,0.05510000000000015,,,0.1292651567599643
2001-06-30,105.51,11418.0,,,Collin TX,48085,DFW Composite,105.51000000000002,0.05510000000000015,,,0.1292651567599643
2001-09-30,105.51,11418.0,,,Collin TX,48085,DFW Composite,105.51000000000002,0.05510000000000015,,,0.1292651567599643
2001-12-31,105.51,11418.0,,,Collin TX,48085,DFW Composite,105.51000000000002,0.05510000000000015,,,0.1292651567599643
2002-03-31,108.71,10417.0,,,Collin TX,48085,DFW Composite,108.71,0.030328878779262602,,,-0.08766859344894029
2002-06-30,108.71,10417.0,,,Collin TX,48085,DFW Composite,108.71,0.030328878779262602,,,-0.08766859344894029
2002-09-30,108.71,10417.0,,,Collin TX,48085,DFW Composite,108.71,0.030328878779262602,,,-0.08766859344894029
2002-12-31,108.71,10417.0,,,Collin TX,48085,DFW Composite,108.71,0.030328878779262602,,,-0.08766859344894029
2003-03-31,110.04,11083.0,,,Collin TX,48085,DFW Composite,110.04,0.012234385061172137,,,0.06393395411346847
2003-06-30,110.04,11083.0,,,Collin TX,48085,DFW Composite,110.04,0.012234385061172137,,,0.06393395411346847
2003-09-30,110.04,11083.0,,,Collin TX,48085,DFW Composite,110.04,0.012234385061172137,,,0.06393395411346847
2003-12-31,110.04,11083.0,,,Collin TX,48085,DFW Composite,110.04,0.012234385061172137,,,0.06393395411346847
2004-03-31,111.26,12090.0,,,Collin TX,48085,DFW Composite,111.26,0.011086877499091319,,,0.09085987548497698
2004-06-30,111.26,12090.0,,,Collin TX,48085,DFW Composite,111.26,0.011086877499091319,,,0.09085987548497698
2004-09-30,111.26,12090.0,,,Collin TX,48085,DFW Composite,111.26,0.011086877499091319,,,0.09085987548497698
2004-12-31,111.26,12090.0,,,Collin TX,48085,DFW Composite,111.26,0.011086877499091319,,,0.09085987548497698
2005-03-31,114.21,13844.0,,,Collin TX,48085,DFW Composite,114.21,0.02651447060938339,,,0.14507857733664187
2005-06-30,114.21,13844.0,,,Collin TX,48085,DFW Composite,114.21,0.02651447060938339,,,0.14507857733664187
2005-09-30,114.21,13844.0,,,Collin TX,48085,DFW Composite,114.21,0.02651447060938339,,,0.14507857733664187
2005-12-31,114.21,13844.0,,,Collin TX,48085,DFW Composite,114.21,0.02651447060938339,,,0.14507857733664187
2006-03-31,117.9,14326.0,,,Collin TX,48085,DFW Composite,117.9,0.03230890464933034,,,0.03481652701531357
2006-06-30,117.9,14326.0,,,Collin TX,48085,DFW Composite,117.9,0.03230890464933034,,,0.03481652701531357
2006-09-30,117.9,14326.0,,,Collin TX,48085,DFW Composite,117.9,0.03230890464933034,,,0.03481652701531357
2006-12-31,117.9,14326.0,,,Collin TX,48085,DFW Composite,117.9,0.03230890464933034,,,0.03481652701531357
2007-03-31,120.75,9911.0,,,Collin TX,48085,DFW Composite,120.75,0.024173027989821794,,,-0.3081809297780259
2007-06-30,120.75,9911.0,,,Collin TX,48085,DFW Composite,120.75,0.024173027989821794,,,-0.3081809297780259
2007-09-30,120.75,9911.0,,,Collin TX,48085,DFW Composite,120.75,0.024173027989821794,,,-0.3081809297780259
2007-12-31,120.75,9911.0,,,Collin TX,48085,DFW Composite,120.75,0.024173027989821794,,,-0.3081809297780259
2008-03-31,120.86,6544.0,,,Collin TX,48085,DFW Composite,120.85999999999999,0.0009109730848861908,,,-0.33972353950156386
2008-06-30,120.86,6544.0,,,Collin TX,48085,DFW Composite,120.85999999999999,0.0009109730848861908,,,-0.33972353950156386
2008-09-30,120.86,6544.0,,,Collin TX,48085,DFW Composite,120.85999999999999,0.0009109730848861908,,,-0.33972353950156386
2008-12-31,120.86,6544.0,,,Collin TX,48085,DFW Composite,120.85999999999999,0.0009109730848861908,,,-0.33972353950156386
2009-03-31,120.26,4804.0,,,Collin TX,48085,DFW Composite,120.26,-0.004964421644878314,,,-0.2658924205378973
2009-06-30,120.26,4804.0,,,Collin TX,48085,DFW Composite,120.26,-0.004964421644878314,,,-0.2658924205378973
2009-09-30,120.26,4804.0,,,Collin TX,48085,DFW Composite,120.26,-0.004964421644878314,,,-0.2658924205378973
2009-12-31,120.26,4804.0,,,Collin TX,48085,DFW Composite,120.26,-0.004964421644878314,,,-0.2658924205378973
2010-03-31,119.94,4533.0,,,Collin TX,48085,DFW Composite,119.94,-0.002660901380342695,,,-0.05641132389675274
2010-06-30,119.94,4533.0,,,Collin TX,48085,DFW Composite,119.94,-0.002660901380342695,,,-0.05641132389675274
2010-09-30,119.94,4533.0,,,Collin TX,48085,DFW Composite,119.94,-0.002660901380342695,,,-0.05641132389675274
2010-12-31,119.94,4533.0,,,Collin TX,48085,DFW Composite,119.94,-0.002660901380342695,,,-0.05641132389675274
2011-03-31,117.8,5450.0,,,Collin TX,48085,DFW Composite,117.8,-0.017842254460563645,,,0.20229428634458424
2011-06-30,117.8,5450.0,,,Collin TX,48085,DFW Composite,117.8,-0.017842254460563645,,,0.20229428634458424
2011-09-30,117.8,5450.0,,,Collin TX,48085,DFW Composite,117.8,-0.017842254460563645,,,0.20229428634458424
2011-12-31,117.8,5450.0,,,Collin TX,48085,DFW Composite,117.8,-0.017842254460563645,,,0.20229428634458424
2012-03-31,118.84,9244.0,,,Collin TX,48085,DFW Composite,118.84000000000002,0.008828522920203863,,,0.6961467889908257
2012-06-30,118.84,9244.0,,,Collin TX,48085,DFW Composite,118.84000000000002,0.008828522920203863,,,0.6961467889908257
2012-09-30,118.84,9244.0,,,Collin TX,48085,DFW Composite,118.84000000000002,0.008828522920203863,,,0.6961467889908257
2012-12-31,118.84,9244.0,,,Collin TX,48085,DFW Composite,118.84000000000002,0.008828522920203863,,,0.6961467889908257
2013-03-31,125.41,7728.0,,,Collin TX,48085,DFW Composite,125.41,0.05528441602154155,,,-0.16399826914755522
2013-06-30,125.41,7728.0,,,Collin TX,48085,DFW Composite,125.41,0.05528441602154155,,,-0.16399826914755522
2013-09-30,125.41,7728.0,,,Collin TX,48085,DFW Composite,125.41,0.05528441602154155,,,-0.16399826914755522
2013-12-31,125.41,7728.0,,,Collin TX,48085,DFW Composite,125.41,0.05528441602154155,,,-0.16399826914755522
2014-03-31,138.7,10635.0,,,Collin TX,48085,DFW Composite,138.7,0.10597241049358108,,,0.376164596273292
2014-06-30,138.7,10635.0,,,Collin TX,48085,DFW Composite,138.7,0.10597241049358108,,,0.376164596273292
2014-09-30,138.7,10635.0,,,Collin TX,48085,DFW Composite,138.7,0.10597241049358108,,,0.376164596273292
2014-12-31,138.7,10635.0,,,Collin TX,48085,DFW Composite,138.7,0.10597241049358108,,,0.376164596273292
2015-03-31,152.85,14137.0,,,Collin TX,48085,DFW Composite,152.85,0.10201874549387169,,,0.32929007992477666
2015-06-30,152.85,14137.0,,,Collin TX,48085,DFW Composite,152.85,0.10201874549387169,,,0.32929007992477666
2015-09-30,152.85,14137.0,,,Collin TX,48085,DFW Composite,152.85,0.10201874549387169,,,0.32929007992477666
2015-12-31,152.85,14137.0,,,Collin TX,48085,DFW Composite,152.85,0.10201874549387169,,,0.32929007992477666
2016-03-31,169.06,13154.0,,,Collin TX,48085,DFW Composite,169.06,0.10605168465816162,,,-0.06953384735092316
2016-06-30,169.06,13154.0,,,Collin TX,48085,DFW Composite,169.06,0.10605168465816162,,,-0.06953384735092316
2016-09-30,169.06,13154.0,2820.3333333333335,,Collin TX,48085,DFW Composite,169.06,0.10605168465816162,,,-0.06953384735092316
2016-12-31,169.06,13154.0,2566.6666666666665,,Collin TX,48085,DFW Composite,169.06,0.10605168465816162,,,-0.06953384735092316
2017-03-31,185.73,14772.0,2209.0,,Collin TX,48085,DFW Composite,185.73,0.09860404590086347,,,0.12300440930515433
2017-06-30,185.73,14772.0,2907.3333333333335,,Collin TX,48085,DFW Composite,185.73,0.09860404590086347,,,0.12300440930515433
2017-09-30,185.73,14772.0,3844.3333333333335,399950.0,Collin TX,48085,DFW Composite,185.73,0.09860404590086347,0.3630776503959343,,0.12300440930515433
2017-12-31,185.73,14772.0,3504.6666666666665,400003.0,Collin TX,48085,DFW Composite,185.73,0.09860404590086347,0.3654545454545455,,0.12300440930515433
2018-03-31,195.28,15786.0,2888.0,420316.6666666667,Collin TX,48085,DFW Composite,195.28,0.05141872610779097,0.30737890448166594,,0.06864337936636877
2018-06-30,195.28,15786.0,3861.3333333333335,427859.0833333333,Collin TX,48085,DFW Composite,195.28,0.05141872610779097,0.3281357486814951,,0.06864337936636877
2018-09-30,195.28,15786.0,4826.333333333333,401380.0,Collin TX,48085,DFW Composite,195.28,0.05141872610779097,0.25544090869678304,0.0035754469308664216,0.06864337936636877
2018-12-31,195.28,15786.0,4489.666666666667,394943.3333333333,Collin TX,48085,DFW Composite,195.28,0.05141872610779097,0.2810538329845922,-0.012649071798628175,0.06864337936636877
2019-03-31,199.78,13811.0,3862.0,400536.2023809524,Collin TX,48085,DFW Composite,199.78,0.02304383449405978,0.3372576177285318,-0.04706086114210939,-0.12511085772203223
2019-06-30,199.78,13811.0,4546.0,402649.7023809524,Collin TX,48085,DFW Composite,199.78,0.02304383449405978,0.17731353591160226,-0.058919821816055595,-0.12511085772203223
2019-09-30,199.78,13811.0,4761.333333333333,397390.9090909091,Collin TX,48085,DFW Composite,199.78,0.02304383449405978,-0.01346778092409695,-0.009938439655914344,-0.12511085772203223
2019-12-31,199.78,13811.0,3985.3333333333335,393671.6666666667,Collin TX,48085,DFW Composite,199.78,0.02304383449405978,-0.11233202167941203,-0.0032198712051516587,-0.12511085772203223
2020-03-31,203.95,14794.0,3214.0,395766.6666666667,Collin TX,48085,DFW Composite,203.95,0.020872960256281825,-0.16778871051268773,-0.0119078767061096,0.07117515024256038
2020-06-30,203.95,14794.0,3088.0,408020.8333333333,Collin TX,48085,DFW Composite,203.95,0.020872960256281825,-0.32072151341838984,0.013339463361379034,0.07117515024256038
2020-09-30,203.95,14794.0,2399.0,412115.5,Collin TX,48085,DFW Composite,203.95,0.020872960256281825,-0.4961495379445533,0.03705316496236821,0.07117515024256038
2020-12-31,203.95,14794.0,1500.0,408533.75,Collin TX,48085,DFW Composite,203.95,0.020872960256281825,-0.6236199397791904,0.037752484092073324,0.07117515024256038
2021-03-31,233.94,17140.0,751.3333333333334,411607.8333333333,Collin TX,48085,DFW Composite,233.94,0.14704584456974756,-0.7662310723916199,0.040026530784131875,0.15857780181154513
2021-06-30,233.94,17140.0,835.6666666666666,449733.3333333333,Collin TX,48085,DFW Composite,233.94,0.14704584456974756,-0.7293825561312608,0.10223129946387544,0.15857780181154513
2021-09-30,233.94,17140.0,1185.0,474549.1666666667,Collin TX,48085,DFW Composite,233.94,0.14704584456974756,-0.5060441850771155,0.15149555565531192,0.15857780181154513
2021-12-31,233.94,17140.0,847.6666666666666,483268.3333333333,Collin TX,48085,DFW Composite,233.94,0.14704584456974756,-0.4348888888888889,0.18293368254968723,0.15857780181154513
2022-03-31,290.83,19161.0,485.3333333333333,523500.0,Collin TX,48085,DFW Composite,290.83,0.2431820124818329,-0.35403726708074545,0.27184168425690003,0.11791131855309223
2022-06-30,290.83,19161.0,1275.0,598929.3333333334,Collin TX,48085,DFW Composite,290.83,0.2431820124818329,0.5257279617072199,0.3317432552623778,0.11791131855309223
2022-09-30,290.83,19161.0,2621.0,574725.9166666666,Collin TX,48085,DFW Composite,290.83,0.2431820124818329,1.2118143459915611,0.21109877971899627,0.11791131855309223
2022-12-31,290.83,19161.0,2527.3333333333335,549525.8333333334,Collin TX,48085,DFW Composite,290.83,0.2431820124818329,1.9815178922532444,0.13710292073761665,0.11791131855309223
2023-03-31,304.02,19580.0,1659.3333333333333,545624.1666666666,Collin TX,48085,DFW Composite,304.02,0.045352955334731604,2.418956043956044,0.04226201846545674,0.021867334690256257
2023-06-30,304.02,19580.0,1716.0,577474.4166666666,Collin TX,48085,DFW Composite,304.02,0.045352955334731604,0.34588235294117653,-0.03582211702215299,0.021867334690256257
2023-09-30,304.02,19580.0,2305.3333333333335,567783.3333333334,Collin TX,48085,DFW Composite,304.02,0.045352955334731604,-0.12043749205137977,-0.012079816016648981,0.021867334690256257
2023-12-31,304.02,19580.0,2344.3333333333335,542929.0,Collin TX,48085,DFW Composite,304.02,0.045352955334731604,-0.07240833553152204,-0.01200459183750846,0.021867334690256257
2024-03-31,310.46,18813.0,1942.6666666666667,543490.75,Collin TX,48085,DFW Composite,310.46,0.021182816919939507,0.1707513057452794,-0.003910047972581765,-0.03917262512768127
2024-06-30,310.46,18813.0,2885.0,563600.3333333334,Collin TX,48085,DFW Composite,310.46,0.021182816919939507,0.6812354312354312,-0.024025451055335267,-0.03917262512768127
2024-09-30,310.46,18813.0,3771.6666666666665,549108.3333333334,Collin TX,48085,DFW Composite,310.46,0.021182816919939507,0.6360613071139385,-0.03289106760207827,-0.03917262512768127
2024-12-31,310.46,18813.0,3526.0,536496.6666666666,Collin TX,48085,DFW Composite,310.46,0.021182816919939507,0.5040523247547277,-0.011847466857238032,-0.03917262512768127
2025-03-31,308.14,19082.0,3127.0,519716.6666666667,Collin TX,48085,DFW Composite,308.14,-0.007472782323004523,0.6096431022649278,-0.04374330811211291,0.014298623292404278
2025-06-30,308.14,19082.0,4766.666666666667,537843.6666666666,Collin TX,48085,DFW Composite,308.14,-0.007472782323004523,0.6522241478913924,-0.04570023320307959,0.014298623292404278
2025-09-30,308.14,19082.0,5249.666666666667,527333.3333333334,Collin TX,48085,DFW Composite,308.14,-0.007472782323004523,0.39186920017675675,-0.03965519857951527,0.014298623292404278
2025-12-31,308.14,19082.0,4342.0,508255.0,Collin TX,48085,DFW Composite,308.14,-0.007472782323004523,0.23142370958593306,-0.052640898669764846,0.014298623292404278
2026-03-31,308.14,19082.0,3466.3333333333335,505683.25,Collin TX,48085,DFW Composite,308.14,0.0,0.10851721564865158,-0.027002052400346366,0.0
2026-06-30,308.14,19082.0,4822.666666666667,528483.3333333334,Collin TX,48085,DFW Composite,308.14,0.0,0.01174825174825167,-0.017403446230657926,0.0
2026-09-30,308.14,19082.0,5263.0,524500.0,Collin TX,48085,DFW Composite,308.14,0.0,0.002539843799606256,-0.005372945638432491,0.0
2000-03-31,100.0,5789.0,,,Denton TX,48121,DFW Composite,100.0,,,,
2000-06-30,100.0,5789.0,,,Denton TX,48121,DFW Composite,100.0,,,,
2000-09-30,100.0,5789.0,,,Denton TX,48121,DFW Composite,100.0,,,,
2000-12-31,100.0,5789.0,,,Denton TX,48121,DFW Composite,100.0,,,,
2001-03-31,105.83,7164.0,,,Denton TX,48121,DFW Composite,105.83,0.05830000000000002,,,0.23751943340818804
2001-06-30,105.83,7164.0,,,Denton TX,48121,DFW Composite,105.83,0.05830000000000002,,,0.23751943340818804
2001-09-30,105.83,7164.0,,,Denton TX,48121,DFW Composite,105.83,0.05830000000000002,,,0.23751943340818804
2001-12-31,105.83,7164.0,,,Denton TX,48121,DFW Composite,105.83,0.05830000000000002,,,0.23751943340818804
2002-03-31,108.97,5898.0,,,Denton TX,48121,DFW Composite,108.96999999999998,0.029670225833884567,,,-0.17671691792294808
2002-06-30,108.97,5898.0,,,Denton TX,48121,DFW Composite,108.96999999999998,0.029670225833884567,,,-0.17671691792294808
2002-09-30,108.97,5898.0,,,Denton TX,48121,DFW Composite,108.96999999999998,0.029670225833884567,,,-0.17671691792294808
2002-12-31,108.97,5898.0,,,Denton TX,48121,DFW Composite,108.96999999999998,0.029670225833884567,,,-0.17671691792294808
2003-03-31,110.93,5987.0,,,Denton TX,48121,DFW Composite,110.93000000000002,0.017986601817013836,,,0.015089860969820235
2003-06-30,110.93,5987.0,,,Denton TX,48121,DFW Composite,110.93000000000002,0.017986601817013836,,,0.015089860969820235
2003-09-30,110.93,5987.0,,,Denton TX,48121,DFW Composite,110.93000000000002,0.017986601817013836,,,0.015089860969820235
2003-12-31,110.93,5987.0,,,Denton TX,48121,DFW Composite,110.93000000000002,0.017986601817013836,,,0.015089860969820235
2004-03-31,111.51,5239.0,,,Denton TX,48121,DFW Composite,111.50999999999999,0.0052285224916615025,,,-0.12493736428929347
2004-06-30,111.51,5239.0,,,Denton TX,48121,DFW Composite,111.50999999999999,0.0052285224916615025,,,-0.12493736428929347
2004-09-30,111.51,5239.0,,,Denton TX,48121,DFW Composite,111.50999999999999,0.0052285224916615025,,,-0.12493736428929347
2004-12-31,111.51,5239.0,,,Denton TX,48121,DFW Composite,111.50999999999999,0.0052285224916615025,,,-0.12493736428929347
2005-03-31,114.11,5265.0,,,Denton TX,48121,DFW Composite,114.11,0.023316294502735202,,,0.00496277915632759
2005-06-30,114.11,5265.0,,,Denton TX,48121,DFW Composite,114.11,0.023316294502735202,,,0.00496277915632759
2005-09-30,114.11,5265.0,,,Denton TX,48121,DFW Composite,114.11,0.023316294502735202,,,0.00496277915632759
2005-12-31,114.11,5265.0,,,Denton TX,48121,DFW Composite,114.11,0.023316294502735202,,,0.00496277915632759
2006-03-31,117.69,3483.0,,,Denton TX,48121,DFW Composite,117.69000000000001,0.0313732363508894,,,-0.3384615384615385
2006-06-30,117.69,3483.0,,,Denton TX,48121,DFW Composite,117.69000000000001,0.0313732363508894,,,-0.3384615384615385
2006-09-30,117.69,3483.0,,,Denton TX,48121,DFW Composite,117.69000000000001,0.0313732363508894,,,-0.3384615384615385
2006-12-31,117.69,3483.0,,,Denton TX,48121,DFW Composite,117.69000000000001,0.0313732363508894,,,-0.3384615384615385
2007-03-31,121.26,3680.0,,,Denton TX,48121,DFW Composite,121.26000000000002,0.030333928116237585,,,0.05656043640539754
2007-06-30,121.26,3680.0,,,Denton TX,48121,DFW Composite,121.26000000000002,0.030333928116237585,,,0.05656043640539754
2007-09-30,121.26,3680.0,,,Denton TX,48121,DFW Composite,121.26000000000002,0.030333928116237585,,,0.05656043640539754
2007-12-31,121.26,3680.0,,,Denton TX,48121,DFW Composite,121.26000000000002,0.030333928116237585,,,0.05656043640539754
2008-03-31,121.59,3432.0,,,Denton TX,48121,DFW Composite,121.59,0.00272142503711037,,,-0.06739130434782614
2008-06-30,121.59,3432.0,,,Denton TX,48121,DFW Composite,121.59,0.00272142503711037,,,-0.06739130434782614
2008-09-30,121.59,3432.0,,,Denton TX,48121,DFW Composite,121.59,0.00272142503711037,,,-0.06739130434782614
2008-12-31,121.59,3432.0,,,Denton TX,48121,DFW Composite,121.59,0.00272142503711037,,,-0.06739130434782614
2009-03-31,121.58,2577.0,,,Denton TX,48121,DFW Composite,121.58,-8.224360555975085e-05,,,-0.24912587412587417
2009-06-30,121.58,2577.0,,,Denton TX,48121,DFW Composite,121.58,-8.224360555975085e-05,,,-0.24912587412587417
2009-09-30,121.58,2577.0,,,Denton TX,48121,DFW Composite,121.58,-8.224360555975085e-05,,,-0.24912587412587417
2009-12-31,121.58,2577.0,,,Denton TX,48121,DFW Composite,121.58,-8.224360555975085e-05,,,-0.24912587412587417
2010-03-31,120.7,2096.0,,,Denton TX,48121,DFW Composite,120.7,-0.007238032571146524,,,-0.186651144741948
2010-06-30,120.7,2096.0,,,Denton TX,48121,DFW Composite,120.7,-0.007238032571146524,,,-0.186651144741948
2010-09-30,120.7,2096.0,,,Denton TX,48121,DFW Composite,120.7,-0.007238032571146524,,,-0.186651144741948
2010-12-31,120.7,2096.0,,,Denton TX,48121,DFW Composite,120.7,-0.007238032571146524,,,-0.186651144741948
2011-03-31,118.33,3343.0,,,Denton TX,48121,DFW Composite,118.33,-0.01963545981772996,,,0.594942748091603
2011-06-30,118.33,3343.0,,,Denton TX,48121,DFW Composite,118.33,-0.01963545981772996,,,0.594942748091603
2011-09-30,118.33,3343.0,,,Denton TX,48121,DFW Composite,118.33,-0.01963545981772996,,,0.594942748091603
2011-12-31,118.33,3343.0,,,Denton TX,48121,DFW Composite,118.33,-0.01963545981772996,,,0.594942748091603
2012-03-31,119.74,3475.0,,,Denton TX,48121,DFW Composite,119.74000000000001,0.0119158286148906,,,0.03948549207298835
2012-06-30,119.74,3475.0,,,Denton TX,48121,DFW Composite,119.74000000000001,0.0119158286148906,,,0.03948549207298835
2012-09-30,119.74,3475.0,,,Denton TX,48121,DFW Composite,119.74000000000001,0.0119158286148906,,,0.03948549207298835
2012-12-31,119.74,3475.0,,,Denton TX,48121,DFW Composite,119.74000000000001,0.0119158286148906,,,0.03948549207298835
2013-03-31,124.72,4131.0,,,Denton TX,48121,DFW Composite,124.72000000000001,0.04159011190913642,,,0.18877697841726615
2013-06-30,124.72,4131.0,,,Denton TX,48121,DFW Composite,124.72000000000001,0.04159011190913642,,,0.18877697841726615
2013-09-30,124.72,4131.0,,,Denton TX,48121,DFW Composite,124.72000000000001,0.04159011190913642,,,0.18877697841726615
2013-12-31,124.72,4131.0,,,Denton TX,48121,DFW Composite,124.72000000000001,0.04159011190913642,,,0.18877697841726615
2014-03-31,135.74,3565.0,,,Denton TX,48121,DFW Composite,135.74,0.08835792174470813,,,-0.13701282982328733
2014-06-30,135.74,3565.0,,,Denton TX,48121,DFW Composite,135.74,0.08835792174470813,,,-0.13701282982328733
2014-09-30,135.74,3565.0,,,Denton TX,48121,DFW Composite,135.74,0.08835792174470813,,,-0.13701282982328733
2014-12-31,135.74,3565.0,,,Denton TX,48121,DFW Composite,135.74,0.08835792174470813,,,-0.13701282982328733
2015-03-31,148.0,7887.0,,,Denton TX,48121,DFW Composite,148.0,0.09031972889347273,,,1.2123422159887798
2015-06-30,148.0,7887.0,,,Denton TX,48121,DFW Composite,148.0,0.09031972889347273,,,1.2123422159887798
2015-09-30,148.0,7887.0,,,Denton TX,48121,DFW Composite,148.0,0.09031972889347273,,,1.2123422159887798
2015-12-31,148.0,7887.0,,,Denton TX,48121,DFW Composite,148.0,0.09031972889347273,,,1.2123422159887798
2016-03-31,162.59,7428.0,,,Denton TX,48121,DFW Composite,162.59,0.09858108108108121,,,-0.05819703309243063
2016-06-30,162.59,7428.0,,,Denton TX,48121,DFW Composite,162.59,0.09858108108108121,,,-0.05819703309243063
2016-09-30,162.59,7428.0,2510.0,,Denton TX,48121,DFW Composite,162.59,0.09858108108108121,,,-0.05819703309243063
2016-12-31,162.59,7428.0,2264.3333333333335,,Denton TX,48121,DFW Composite,162.59,0.09858108108108121,,,-0.05819703309243063
2017-03-31,179.2,8285.0,2064.3333333333335,,Denton TX,48121,DFW Composite,179.2,0.10215880435451119,,,0.1153742595584275
2017-06-30,179.2,8285.0,2548.3333333333335,,Denton TX,48121,DFW Composite,179.2,0.10215880435451119,,,0.1153742595584275
2017-09-30,179.2,8285.0,3046.6666666666665,391972.0,Denton TX,48121,DFW Composite,179.2,0.10215880435451119,0.21381142098273576,,0.1153742595584275
2017-12-31,179.2,8285.0,2710.0,390414.75,Denton TX,48121,DFW Composite,179.2,0.10215880435451119,0.1968202561460326,,0.1153742595584275
2018-03-31,191.64,8479.0,2343.0,411446.6666666667,Denton TX,48121,DFW Composite,191.64,0.06941964285714275,0.13499111900532856,,0.023415811707905965
2018-06-30,191.64,8479.0,2965.0,415391.75,Denton TX,48121,DFW Composite,191.64,0.06941964285714275,0.16350555918901244,,0.023415811707905965
2018-09-30,191.64,8479.0,3666.0,387075.0833333333,Denton TX,48121,DFW Composite,191.64,0.06941964285714275,0.20328227571115987,-0.01249302671279251,0.023415811707905965
2018-12-31,191.64,8479.0,3473.3333333333335,374100.0,Denton TX,48121,DFW Composite,191.64,0.06941964285714275,0.28167281672816724,-0.041788252108815094,0.023415811707905965
2019-03-31,198.92,8131.0,3170.0,377486.8571428571,Denton TX,48121,DFW Composite,198.92,0.0379878939678564,0.3529662825437474,-0.08253757357893998,-0.041042575775445234
2019-06-30,198.92,8131.0,3702.3333333333335,379807.1666666667,Denton TX,48121,DFW Composite,198.92,0.0379878939678564,0.2486790331646993,-0.08566511812844935,-0.041042575775445234
2019-09-30,198.92,8131.0,3884.3333333333335,371618.1818181818,Denton TX,48121,DFW Composite,198.92,0.0379878939678564,0.059556282960538276,-0.039932566524414126,-0.041042575775445234
2019-12-31,198.92,8131.0,3298.6666666666665,368218.1818181818,Denton TX,48121,DFW Composite,198.92,0.0379878939678564,-0.050287907869481896,-0.01572258268328841,-0.041042575775445234
2020-03-31,204.01,9974.0,2753.0,365856.0833333333,Denton TX,48121,DFW Composite,204.01,0.02558817615121667,-0.13154574132492114,-0.03081106954969348,0.22666338703726474
2020-06-30,204.01,9974.0,2786.0,381098.4166666667,Denton TX,48121,DFW Composite,204.01,0.02558817615121667,-0.2475015755829657,0.0033997515405843615,0.22666338703726474
2020-09-30,204.01,9974.0,2121.6666666666665,389883.3333333333,Denton TX,48121,DFW Composite,204.01,0.02558817615121667,-0.453788723933751,0.04915031720403795,0.22666338703726474
2020-12-31,204.01,9974.0,1383.0,394546.3333333333,Denton TX,48121,DFW Composite,204.01,0.02558817615121667,-0.5807396928051738,0.07150149779445636,0.22666338703726474
2021-03-31,232.58,11575.0,762.6666666666666,396129.4166666667,Denton TX,48121,DFW Composite,232.58,0.14004215479633353,-0.7229688824312871,0.08274656268528191,0.1605173450972528
2021-06-30,232.58,11575.0,749.6666666666666,411900.1666666667,Denton TX,48121,DFW Composite,232.58,0.14004215479633353,-0.7309164871978943,0.08082361052405318,0.1605173450972528
2021-09-30,232.58,11575.0,1128.6666666666667,441833.3333333333,Denton TX,48121,DFW Composite,232.58,0.14004215479633353,-0.46802827965435967,0.13324498781686822,0.1605173450972528
2021-12-31,232.58,11575.0,863.6666666666666,437106.1666666667,Denton TX,48121,DFW Composite,232.58,0.14004215479633353,-0.3755121716076163,0.10787030505077988,0.1605173450972528
2022-03-31,282.3,12253.0,453.6666666666667,457952.0,Denton TX,48121,DFW Composite,282.3,0.21377590506492394,-0.4051573426573426,0.1560666305813776,0.058574514038876924
2022-06-30,282.3,12253.0,1171.3333333333333,531741.1666666666,Denton TX,48121,DFW Composite,282.3,0.21377590506492394,0.5624722098710537,0.2909467140298154,0.058574514038876924
2022-09-30,282.3,12253.0,2488.0,514649.0,Denton TX,48121,DFW Composite,282.3,0.21377590506492394,1.2043709391612523,0.1648034703885326,0.058574514038876924
2022-12-31,282.3,12253.0,2494.6666666666665,492950.0,Denton TX,48121,DFW Composite,282.3,0.21377590506492394,1.888460054033192,0.12775805420269748,0.058574514038876924
2023-03-31,293.84,11102.0,1720.0,491208.3333333333,Denton TX,48121,DFW Composite,293.84,0.04087849805171784,2.7913299044819984,0.07261969231127563,-0.09393617889496453
2023-06-30,293.84,11102.0,1818.0,531059.0833333334,Denton TX,48121,DFW Composite,293.84,0.04087849805171784,0.5520774046670462,-0.0012827356166704718,-0.09393617889496453
2023-09-30,293.84,11102.0,2378.6666666666665,531631.6666666666,Denton TX,48121,DFW Composite,293.84,0.04087849805171784,-0.04394426580921762,0.03299854204839936,-0.09393617889496453
2023-12-31,293.84,11102.0,2341.3333333333335,522795.0,Denton TX,48121,DFW Composite,293.84,0.04087849805171784,-0.06146445750935314,0.060543665686175085,-0.09393617889496453
2024-03-31,299.85,10507.0,1991.0,514504.0,Denton TX,48121,DFW Composite,299.85,0.020453307922679187,0.15755813953488373,0.047425226906438356,-0.053593947036569944
2024-06-30,299.85,10507.0,2701.0,528656.6666666666,Denton TX,48121,DFW Composite,299.85,0.020453307922679187,0.4856985698569858,-0.004523821815808793,-0.053593947036569944
2024-09-30,299.85,10507.0,3407.0,510458.0,Denton TX,48121,DFW Composite,299.85,0.020453307922679187,0.43231502242152486,-0.039827700256129694,-0.053593947036569944
2024-12-31,299.85,10507.0,3263.3333333333335,491101.5,Denton TX,48121,DFW Composite,299.85,0.020453307922679187,0.3937927107061503,-0.06062318882162221,-0.053593947036569944
2025-03-31,297.21,10210.0,2952.0,482124.9166666667,Denton TX,48121,DFW Composite,297.21,-0.00880440220110068,0.4826720241084883,-0.06293261730391464,-0.028266869705910302
2025-06-30,297.21,10210.0,4246.0,491657.5,Denton TX,48121,DFW Composite,297.21,-0.00880440220110068,0.5720103665309144,-0.06998713720940486,-0.028266869705910302
2025-09-30,297.21,10210.0,4568.0,479408.3333333333,Denton TX,48121,DFW Composite,297.21,-0.00880440220110068,0.34076900498972695,-0.06082707424835476,-0.028266869705910302
2025-12-31,297.21,10210.0,3950.0,467966.6666666667,Denton TX,48121,DFW Composite,297.21,-0.00880440220110068,0.21041879468845748,-0.04710804860773854,-0.028266869705910302
2026-03-31,297.21,10210.0,3243.6666666666665,457250.0,Denton TX,48121,DFW Composite,297.21,0.0,0.09880307136404687,-0.05159433957209225,0.0
2026-06-30,297.21,10210.0,4250.333333333333,491308.3333333333,Denton TX,48121,DFW Composite,297.21,0.0,0.001020568378081288,-0.0007101827322204546,0.0
2026-09-30,297.21,10210.0,4617.0,485000.0,Denton TX,48121,DFW Composite,297.21,0.0,0.01072679509632235,0.011663682664395436,0.0
2000-03-31,100.0,955.0,,,Rockwall TX,48397,DFW Composite,100.0,,,,
2000-06-30,100.0,955.0,,,Rockwall TX,48397,DFW Composite,100.0,,,,
2000-09-30,100.0,955.0,,,Rockwall TX,48397,DFW Composite,100.0,,,,
2000-12-31,100.0,955.0,,,Rockwall TX,48397,DFW Composite,100.0,,,,
2001-03-31,105.59,1267.0,,,Rockwall TX,48397,DFW Composite,105.59,0.05590000000000006,,,0.3267015706806282
2001-06-30,105.59,1267.0,,,Rockwall TX,48397,DFW Composite,105.59,0.05590000000000006,,,0.3267015706806282
2001-09-30,105.59,1267.0,,,Rockwall TX,48397,DFW Composite,105.59,0.05590000000000006,,,0.3267015706806282
2001-12-31,105.59,1267.0,,,Rockwall TX,48397,DFW Composite,105.59,0.05590000000000006,,,0.3267015706806282
2002-03-31,108.76,1224.0,,,Rockwall TX,48397,DFW Composite,108.76000000000002,0.030021782365754257,,,-0.033938437253354325
2002-06-30,108.76,1224.0,,,Rockwall TX,48397,DFW Composite,108.76000000000002,0.030021782365754257,,,-0.033938437253354325
2002-09-30,108.76,1224.0,,,Rockwall TX,48397,DFW Composite,108.76000000000002,0.030021782365754257,,,-0.033938437253354325
2002-12-31,108.76,1224.0,,,Rockwall TX,48397,DFW Composite,108.76000000000002,0.030021782365754257,,,-0.033938437253354325
2003-03-31,109.14,1219.0,,,Rockwall TX,48397,DFW Composite,109.13999999999999,0.0034939315924971126,,,-0.004084967320261423
2003-06-30,109.14,1219.0,,,Rockwall TX,48397,DFW Composite,109.13999999999999,0.0034939315924971126,,,-0.004084967320261423
2003-09-30,109.14,1219.0,,,Rockwall TX,48397,DFW Composite,109.13999999999999,0.0034939315924971126,,,-0.004084967320261423
2003-12-31,109.14,1219.0,,,Rockwall TX,48397,DFW Composite,109.13999999999999,0.0034939315924971126,,,-0.004084967320261423
2004-03-31,109.53,1598.0,,,Rockwall TX,48397,DFW Composite,109.53,0.003573391973611839,,,0.31091058244462677
2004-06-30,109.53,1598.0,,,Rockwall TX,48397,DFW Composite,109.53,0.003573391973611839,,,0.31091058244462677
2004-09-30,109.53,1598.0,,,Rockwall TX,48397,DFW Composite,109.53,0.003573391973611839,,,0.31091058244462677
2004-12-31,109.53,1598.0,,,Rockwall TX,48397,DFW Composite,109.53,0.003573391973611839,,,0.31091058244462677
2005-03-31,112.79,2001.0,,,Rockwall TX,48397,DFW Composite,112.79,0.029763535104537553,,,0.2521902377972465
2005-06-30,112.79,2001.0,,,Rockwall TX,48397,DFW Composite,112.79,0.029763535104537553,,,0.2521902377972465
2005-09-30,112.79,2001.0,,,Rockwall TX,48397,DFW Composite,112.79,0.029763535104537553,,,0.2521902377972465
2005-12-31,112.79,2001.0,,,Rockwall TX,48397,DFW Composite,112.79,0.029763535104537553,,,0.2521902377972465
2006-03-31,116.22,1220.0,,,Rockwall TX,48397,DFW Composite,116.21999999999998,0.03041049738451984,,,-0.39030484757621187
2006-06-30,116.22,1220.0,,,Rockwall TX,48397,DFW Composite,116.21999999999998,0.03041049738451984,,,-0.39030484757621187
2006-09-30,116.22,1220.0,,,Rockwall TX,48397,DFW Composite,116.21999999999998,0.03041049738451984,,,-0.39030484757621187
2006-12-31,116.22,1220.0,,,Rockwall TX,48397,DFW Composite,116.21999999999998,0.03041049738451984,,,-0.39030484757621187
2007-03-31,117.86,925.0,,,Rockwall TX,48397,DFW Composite,117.86000000000001,0.014111168473584623,,,-0.24180327868852458
2007-06-30,117.86,925.0,,,Rockwall TX,48397,DFW Composite,117.86000000000001,0.014111168473584623,,,-0.24180327868852458
2007-09-30,117.86,925.0,,,Rockwall TX,48397,DFW Composite,117.86000000000001,0.014111168473584623,,,-0.24180327868852458
2007-12-31,117.86,925.0,,,Rockwall TX,48397,DFW Composite,117.86000000000001,0.014111168473584623,,,-0.24180327868852458
2008-03-31,118.41,589.0,,,Rockwall TX,48397,DFW Composite,118.41,0.004666553538096085,,,-0.3632432432432432
2008-06-30,118.41,589.0,,,Rockwall TX,48397,DFW Composite,118.41,0.004666553538096085,,,-0.3632432432432432
2008-09-30,118.41,589.0,,,Rockwall TX,48397,DFW Composite,118.41,0.004666553538096085,,,-0.3632432432432432
2008-12-31,118.41,589.0,,,Rockwall TX,48397,DFW Composite,118.41,0.004666553538096085,,,-0.3632432432432432
2009-03-31,116.71,1075.0,,,Rockwall TX,48397,DFW Composite,116.71000000000001,-0.014356895532471992,,,0.8251273344651953
2009-06-30,116.71,1075.0,,,Rockwall TX,48397,DFW Composite,116.71000000000001,-0.014356895532471992,,,0.8251273344651953
2009-09-30,116.71,1075.0,,,Rockwall TX,48397,DFW Composite,116.71000000000001,-0.014356895532471992,,,0.8251273344651953
2009-12-31,116.71,1075.0,,,Rockwall TX,48397,DFW Composite,116.71000000000001,-0.014356895532471992,,,0.8251273344651953
2010-03-31,115.44,613.0,,,Rockwall TX,48397,DFW Composite,115.43999999999998,-0.010881672521634744,,,-0.4297674418604651
2010-06-30,115.44,613.0,,,Rockwall TX,48397,DFW Composite,115.43999999999998,-0.010881672521634744,,,-0.4297674418604651
2010-09-30,115.44,613.0,,,Rockwall TX,48397,DFW Composite,115.43999999999998,-0.010881672521634744,,,-0.4297674418604651
2010-12-31,115.44,613.0,,,Rockwall TX,48397,DFW Composite,115.43999999999998,-0.010881672521634744,,,-0.4297674418604651
2011-03-31,113.34,411.0,,,Rockwall TX,48397,DFW Composite,113.34,-0.01819126819126815,,,-0.32952691680261015
2011-06-30,113.34,411.0,,,Rockwall TX,48397,DFW Composite,113.34,-0.01819126819126815,,,-0.32952691680261015
2011-09-30,113.34,411.0,,,Rockwall TX,48397,DFW Composite,113.34,-0.01819126819126815,,,-0.32952691680261015
2011-12-31,113.34,411.0,,,Rockwall TX,48397,DFW Composite,113.34,-0.01819126819126815,,,-0.32952691680261015
2012-03-31,112.74,793.0,,,Rockwall TX,48397,DFW Composite,112.74,-0.0052938062466914015,,,0.9294403892944039
2012-06-30,112.74,793.0,,,Rockwall TX,48397,DFW Composite,112.74,-0.0052938062466914015,,,0.9294403892944039
2012-09-30,112.74,793.0,,,Rockwall TX,48397,DFW Composite,112.74,-0.0052938062466914015,,,0.9294403892944039
2012-12-31,112.74,793.0,,,Rockwall TX,48397,DFW Composite,112.74,-0.0052938062466914015,,,0.9294403892944039
2013-03-31,118.06,741.0,,,Rockwall TX,48397,DFW Composite,118.06,0.04718822068476136,,,-0.06557377049180324
2013-06-30,118.06,741.0,,,Rockwall TX,48397,DFW Composite,118.06,0.04718822068476136,,,-0.06557377049180324
2013-09-30,118.06,741.0,,,Rockwall TX,48397,DFW Composite,118.06,0.04718822068476136,,,-0.06557377049180324
2013-12-31,118.06,741.0,,,Rockwall TX,48397,DFW Composite,118.06,0.04718822068476136,,,-0.06557377049180324
2014-03-31,126.92,965.0,,,Rockwall TX,48397,DFW Composite,126.92000000000002,0.07504658648145002,,,0.3022941970310391
2014-06-30,126.92,965.0,,,Rockwall TX,48397,DFW Composite,126.92000000000002,0.07504658648145002,,,0.3022941970310391
2014-09-30,126.92,965.0,,,Rockwall TX,48397,DFW Composite,126.92000000000002,0.07504658648145002,,,0.3022941970310391
2014-12-31,126.92,965.0,,,Rockwall TX,48397,DFW Composite,126.92000000000002,0.07504658648145002,,,0.3022941970310391
2015-03-31,137.19,1046.0,,,Rockwall TX,48397,DFW Composite,137.19,0.08091711314213668,,,0.08393782383419679
2015-06-30,137.19,1046.0,,,Rockwall TX,48397,DFW Composite,137.19,0.08091711314213668,,,0.08393782383419679
2015-09-30,137.19,1046.0,,,Rockwall TX,48397,DFW Composite,137.19,0.08091711314213668,,,0.08393782383419679
2015-12-31,137.19,1046.0,,,Rockwall TX,48397,DFW Composite,137.19,0.08091711314213668,,,0.08393782383419679
2016-03-31,149.92,1116.0,,,Rockwall TX,48397,DFW Composite,149.92,0.09279101975362636,,,0.06692160611854692
2016-06-30,149.92,1116.0,,,Rockwall TX,48397,DFW Composite,149.92,0.09279101975362636,,,0.06692160611854692
2016-09-30,149.92,1116.0,453.0,,Rockwall TX,48397,DFW Composite,149.92,0.09279101975362636,,,0.06692160611854692
2016-12-31,149.92,1116.0,441.3333333333333,,Rockwall TX,48397,DFW Composite,149.92,0.09279101975362636,,,0.06692160611854692
2017-03-31,164.42,1698.0,394.6666666666667,,Rockwall TX,48397,DFW Composite,164.42,0.0967182497331911,,,0.521505376344086
2017-06-30,164.42,1698.0,452.6666666666667,,Rockwall TX,48397,DFW Composite,164.42,0.0967182497331911,,,0.521505376344086
2017-09-30,164.42,1698.0,531.6666666666666,367597.625,Rockwall TX,48397,DFW Composite,164.42,0.0967182497331911,0.17365710080941854,,0.521505376344086
2017-12-31,164.42,1698.0,496.6666666666667,367042.75,Rockwall TX,48397,DFW Composite,164.42,0.0967182497331911,0.12537764350453173,,0.521505376344086
2018-03-31,176.95,1517.0,452.3333333333333,372821.8333333333,Rockwall TX,48397,DFW Composite,176.95,0.07620727405425143,0.1461148648648647,,-0.10659599528857477
2018-06-30,176.95,1517.0,538.6666666666666,375448.3333333333,Rockwall TX,48397,DFW Composite,176.95,0.07620727405425143,0.18998527245949903,,-0.10659599528857477
2018-09-30,176.95,1517.0,661.3333333333334,359142.4166666667,Rockwall TX,48397,DFW Composite,176.95,0.07620727405425143,0.24388714733542338,-0.023001259416007724,-0.10659599528857477
2018-12-31,176.95,1517.0,633.0,360614.8333333333,Rockwall TX,48397,DFW Composite,176.95,0.07620727405425143,0.2744966442953021,-0.017512719340367577,-0.10659599528857477
2019-03-31,182.32,1571.0,558.0,355653.8571428571,Rockwall TX,48397,DFW Composite,182.32,0.03034755580672499,0.2336035372144436,-0.04604874139741333,0.03559657218193801
2019-06-30,182.32,1571.0,641.6666666666666,361225.2738095238,Rockwall TX,48397,DFW Composite,182.32,0.03034755580672499,0.19121287128712883,-0.03788286765727067,0.03559657218193801
2019-09-30,182.32,1571.0,698.0,349580.67424242425,Rockwall TX,48397,DFW Composite,182.32,0.03034755580672499,0.05544354838709675,-0.026623818241767405,0.03559657218193801
2019-12-31,182.32,1571.0,658.6666666666666,353866.5909090909,Rockwall TX,48397,DFW Composite,182.32,0.03034755580672499,0.0405476566614007,-0.01871315819669772,0.03559657218193801
2020-03-31,187.0,2699.0,605.6666666666666,355362.8333333333,Rockwall TX,48397,DFW Composite,187.0,0.025669153137340972,0.08542413381123048,-0.0008182782322725402,0.7180140038192235
2020-06-30,187.0,2699.0,560.0,367993.8333333333,Rockwall TX,48397,DFW Composite,187.0,0.025669153137340972,-0.1272727272727272,0.018737779481561523,0.7180140038192235
2020-09-30,187.0,2699.0,384.3333333333333,370329.5,Rockwall TX,48397,DFW Composite,187.0,0.025669153137340972,-0.44937917860553966,0.05935346913138284,0.7180140038192235
2020-12-31,187.0,2699.0,275.6666666666667,355291.8333333333,Rockwall TX,48397,DFW Composite,187.0,0.025669153137340972,-0.5814777327935222,0.00402762640174914,0.7180140038192235
2021-03-31,214.59,3392.0,162.0,362495.75,Rockwall TX,48397,DFW Composite,214.59,0.14754010695187159,-0.732526141992295,0.02007220788893238,0.2567617636161541
2021-06-30,214.59,3392.0,150.0,406783.3333333333,Rockwall TX,48397,DFW Composite,214.59,0.14754010695187159,-0.7321428571428572,0.10540801634809993,0.2567617636161541
2021-09-30,214.59,3392.0,228.33333333333334,427400.0,Rockwall TX,48397,DFW Composite,214.59,0.14754010695187159,-0.4058976582827406,0.15410735574670675,0.2567617636161541
2021-12-31,214.59,3392.0,213.33333333333334,448537.4166666667,Rockwall TX,48397,DFW Composite,214.59,0.14754010695187159,-0.22611850060459493,0.26244786562783373,0.2567617636161541
2022-03-31,264.93,2519.0,129.33333333333334,464619.6666666667,Rockwall TX,48397,DFW Composite,264.93,0.23458688662099814,-0.2016460905349794,0.2817244524016258,-0.2573702830188679
2022-06-30,264.93,2519.0,250.33333333333334,536986.5833333334,Rockwall TX,48397,DFW Composite,264.93,0.23458688662099814,0.6688888888888889,0.3200800999713198,-0.2573702830188679
2022-09-30,264.93,2519.0,503.0,530958.4166666666,Rockwall TX,48397,DFW Composite,264.93,0.23458688662099814,1.2029197080291971,0.24229858836374962,-0.2573702830188679
2022-12-31,264.93,2519.0,572.3333333333334,513610.3333333333,Rockwall TX,48397,DFW Composite,264.93,0.23458688662099814,1.6828125000000003,0.14507801188641078,-0.2573702830188679
2023-03-31,271.34,1938.0,449.3333333333333,499849.0,Rockwall TX,48397,DFW Composite,271.34,0.024195070395953477,2.474226804123711,0.07582402524215137,-0.23064708217546648
2023-06-30,271.34,1938.0,493.3333333333333,542966.6666666666,Rockwall TX,48397,DFW Composite,271.34,0.024195070395953477,0.9707057256990677,0.011136373829327306,-0.23064708217546648
2023-09-30,271.34,1938.0,562.6666666666666,521280.5,Rockwall TX,48397,DFW Composite,271.34,0.024195070395953477,0.11862160371106678,-0.018227259165461862,-0.23064708217546648
2023-12-31,271.34,1938.0,576.0,496313.3333333333,Rockwall TX,48397,DFW Composite,271.34,0.024195070395953477,0.006406523005241693,-0.03367728193422903,-0.23064708217546648
2024-03-31,274.05,1810.0,515.6666666666666,491966.6666666667,Rockwall TX,48397,DFW Composite,274.05,0.009987469595341691,0.14762611275964388,-0.01576942903423495,-0.06604747162022706
2024-06-30,274.05,1810.0,624.0,510597.0833333333,Rockwall TX,48397,DFW Composite,274.05,0.009987469595341691,0.2648648648648648,-0.059616152004420164,-0.06604747162022706
2024-09-30,274.05,1810.0,780.6666666666666,512088.25,Rockwall TX,48397,DFW Composite,274.05,0.009987469595341691,0.38744075829383884,-0.017633980169985297,-0.06604747162022706
2024-12-31,274.05,1810.0,730.6666666666666,499549.8333333333,Rockwall TX,48397,DFW Composite,274.05,0.009987469595341691,0.2685185185185184,0.006521082112106669,-0.06604747162022706
2025-03-31,271.67,1591.0,669.3333333333334,497565.5,Rockwall TX,48397,DFW Composite,271.67,-0.008684546615581046,0.29799612152553356,0.011380513584931196,-0.12099447513812156
2025-06-30,271.67,1591.0,906.3333333333334,499981.3333333333,Rockwall TX,48397,DFW Composite,271.67,-0.008684546615581046,0.4524572649572651,-0.0207908551507916,-0.12099447513812156
2025-09-30,271.67,1591.0,965.3333333333334,500262.4166666667,Rockwall TX,48397,DFW Composite,271.67,-0.008684546615581046,0.23654995730145179,-0.02309335028353665,-0.12099447513812156
2025-12-31,271.67,1591.0,848.0,489943.75,Rockwall TX,48397,DFW Composite,271.67,-0.008684546615581046,0.16058394160583944,-0.019229479608140476,-0.12099447513812156
2026-03-31,271.67,1591.0,732.3333333333334,481841.6666666667,Rockwall TX,48397,DFW Composite,271.67,0.0,0.09412350597609564,-0.03160153453833381,0.0
2026-06-30,271.67,1591.0,887.6666666666666,496316.6666666667,Rockwall TX,48397,DFW Composite,271.67,0.0,-0.020595807282089096,-0.007329606971993585,0.0
2026-09-30,271.67,1591.0,911.0,493937.5,Rockwall TX,48397,DFW Composite,271.67,0.0,-0.05628453038674042,-0.01264319776170808,0.0
2000-03-31,100.0,330.0,,,Kaufman TX,48257,DFW Composite,100.0,,,,
2000-06-30,100.0,330.0,,,Kaufman TX,48257,DFW Composite,100.0,,,,
2000-09-30,100.0,330.0,,,Kaufman TX,48257,DFW Composite,100.0,,,,
2000-12-31,100.0,330.0,,,Kaufman TX,48257,DFW Composite,100.0,,,,
2001-03-31,106.31,432.0,,,Kaufman TX,48257,DFW Composite,106.30999999999999,0.06309999999999993,,,0.3090909090909091
2001-06-30,106.31,432.0,,,Kaufman TX,48257,DFW Composite,106.30999999999999,0.06309999999999993,,,0.3090909090909091
2001-09-30,106.31,432.0,,,Kaufman TX,48257,DFW Composite,106.30999999999999,0.06309999999999993,,,0.3090909090909091
2001-12-31,106.31,432.0,,,Kaufman TX,48257,DFW Composite,106.30999999999999,0.06309999999999993,,,0.3090909090909091
2002-03-31,109.94,575.0,,,Kaufman TX,48257,DFW Composite,109.94,0.034145423760699734,,,0.3310185185185186
2002-06-30,109.94,575.0,,,Kaufman TX,48257,DFW Composite,109.94,0.034145423760699734,,,0.3310185185185186
2002-09-30,109.94,575.0,,,Kaufman TX,48257,DFW Composite,109.94,0.034145423760699734,,,0.3310185185185186
2002-12-31,109.94,575.0,,,Kaufman TX,48257,DFW Composite,109.94,0.034145423760699734,,,0.3310185185185186
2003-03-31,111.96,864.0,,,Kaufman TX,48257,DFW Composite,111.96,0.018373658359104983,,,0.5026086956521738
2003-06-30,111.96,864.0,,,Kaufman TX,48257,DFW Composite,111.96,0.018373658359104983,,,0.5026086956521738
2003-09-30,111.96,864.0,,,Kaufman TX,48257,DFW Composite,111.96,0.018373658359104983,,,0.5026086956521738
2003-12-31,111.96,864.0,,,Kaufman TX,48257,DFW Composite,111.96,0.018373658359104983,,,0.5026086956521738
2004-03-31,114.21,799.0,,,Kaufman TX,48257,DFW Composite,114.21,0.020096463022508004,,,-0.07523148148148151
2004-06-30,114.21,799.0,,,Kaufman TX,48257,DFW Composite,114.21,0.020096463022508004,,,-0.07523148148148151
2004-09-30,114.21,799.0,,,Kaufman TX,48257,DFW Composite,114.21,0.020096463022508004,,,-0.07523148148148151
2004-12-31,114.21,799.0,,,Kaufman TX,48257,DFW Composite,114.21,0.020096463022508004,,,-0.07523148148148151
2005-03-31,116.53,918.0,,,Kaufman TX,48257,DFW Composite,116.53,0.020313457665703583,,,0.14893617021276606
2005-06-30,116.53,918.0,,,Kaufman TX,48257,DFW Composite,116.53,0.020313457665703583,,,0.14893617021276606
2005-09-30,116.53,918.0,,,Kaufman TX,48257,DFW Composite,116.53,0.020313457665703583,,,0.14893617021276606
2005-12-31,116.53,918.0,,,Kaufman TX,48257,DFW Composite,116.53,0.020313457665703583,,,0.14893617021276606
2006-03-31,121.18,831.0,,,Kaufman TX,48257,DFW Composite,121.17999999999999,0.039903887410967176,,,-0.09477124183006536
2006-06-30,121.18,831.0,,,Kaufman TX,48257,DFW Composite,121.17999999999999,0.039903887410967176,,,-0.09477124183006536
2006-09-30,121.18,831.0,,,Kaufman TX,48257,DFW Composite,121.17999999999999,0.039903887410967176,,,-0.09477124183006536
2006-12-31,121.18,831.0,,,Kaufman TX,48257,DFW Composite,121.17999999999999,0.039903887410967176,,,-0.09477124183006536
2007-03-31,122.97,307.0,,,Kaufman TX,48257,DFW Composite,122.97,0.014771414424822549,,,-0.6305655836341757
2007-06-30,122.97,307.0,,,Kaufman TX,48257,DFW Composite,122.97,0.014771414424822549,,,-0.6305655836341757
2007-09-30,122.97,307.0,,,Kaufman TX,48257,DFW Composite,122.97,0.014771414424822549,,,-0.6305655836341757
2007-12-31,122.97,307.0,,,Kaufman TX,48257,DFW Composite,122.97,0.014771414424822549,,,-0.6305655836341757
2008-03-31,119.39,215.0,,,Kaufman TX,48257,DFW Composite,119.39,-0.02911279173782222,,,-0.2996742671009772
2008-06-30,119.39,215.0,,,Kaufman TX,48257,DFW Composite,119.39,-0.02911279173782222,,,-0.2996742671009772
2008-09-30,119.39,215.0,,,Kaufman TX,48257,DFW Composite,119.39,-0.02911279173782222,,,-0.2996742671009772
2008-12-31,119.39,215.0,,,Kaufman TX,48257,DFW Composite,119.39,-0.02911279173782222,,,-0.2996742671009772
2009-03-31,118.26,136.0,,,Kaufman TX,48257,DFW Composite,118.26,-0.009464779294748316,,,-0.3674418604651163
2009-06-30,118.26,136.0,,,Kaufman TX,48257,DFW Composite,118.26,-0.009464779294748316,,,-0.3674418604651163
2009-09-30,118.26,136.0,,,Kaufman TX,48257,DFW Composite,118.26,-0.009464779294748316,,,-0.3674418604651163
2009-12-31,118.26,136.0,,,Kaufman TX,48257,DFW Composite,118.26,-0.009464779294748316,,,-0.3674418604651163
2010-03-31,116.67,189.0,,,Kaufman TX,48257,DFW Composite,116.67,-0.013444951801116267,,,0.3897058823529411
2010-06-30,116.67,189.0,,,Kaufman TX,48257,DFW Composite,116.67,-0.013444951801116267,,,0.3897058823529411
2010-09-30,116.67,189.0,,,Kaufman TX,48257,DFW Composite,116.67,-0.013444951801116267,,,0.3897058823529411
2010-12-31,116.67,189.0,,,Kaufman TX,48257,DFW Composite,116.67,-0.013444951801116267,,,0.3897058823529411
2011-03-31,116.54,156.0,,,Kaufman TX,48257,DFW Composite,116.53999999999999,-0.001114253878460536,,,-0.17460317460317465
2011-06-30,116.54,156.0,,,Kaufman TX,48257,DFW Composite,116.53999999999999,-0.001114253878460536,,,-0.17460317460317465
2011-09-30,116.54,156.0,,,Kaufman TX,48257,DFW Composite,116.53999999999999,-0.001114253878460536,,,-0.17460317460317465
2011-12-31,116.54,156.0,,,Kaufman TX,48257,DFW Composite,116.53999999999999,-0.001114253878460536,,,-0.17460317460317465
2012-03-31,113.29,216.0,,,Kaufman TX,48257,DFW Composite,113.29,-0.02788742062811056,,,0.3846153846153846
2012-06-30,113.29,216.0,,,Kaufman TX,48257,DFW Composite,113.29,-0.02788742062811056,,,0.3846153846153846
2012-09-30,113.29,216.0,,,Kaufman TX,48257,DFW Composite,113.29,-0.02788742062811056,,,0.3846153846153846
2012-12-31,113.29,216.0,,,Kaufman TX,48257,DFW Composite,113.29,-0.02788742062811056,,,0.3846153846153846
2013-03-31,116.23,301.0,,,Kaufman TX,48257,DFW Composite,116.23000000000002,0.02595109894959835,,,0.3935185185185186
2013-06-30,116.23,301.0,,,Kaufman TX,48257,DFW Composite,116.23000000000002,0.02595109894959835,,,0.3935185185185186
2013-09-30,116.23,301.0,,,Kaufman TX,48257,DFW Composite,116.23000000000002,0.02595109894959835,,,0.3935185185185186
2013-12-31,116.23,301.0,,,Kaufman TX,48257,DFW Composite,116.23000000000002,0.02595109894959835,,,0.3935185185185186
2014-03-31,126.4,219.0,,,Kaufman TX,48257,DFW Composite,126.4,0.0874989245461586,,,-0.2724252491694352
2014-06-30,126.4,219.0,,,Kaufman TX,48257,DFW Composite,126.4,0.0874989245461586,,,-0.2724252491694352
2014-09-30,126.4,219.0,,,Kaufman TX,48257,DFW Composite,126.4,0.0874989245461586,,,-0.2724252491694352
2014-12-31,126.4,219.0,,,Kaufman TX,48257,DFW Composite,126.4,0.0874989245461586,,,-0.2724252491694352
2015-03-31,134.17,578.0,,,Kaufman TX,48257,DFW Composite,134.17,0.0614715189873416,,,1.6392694063926943
2015-06-30,134.17,578.0,,,Kaufman TX,48257,DFW Composite,134.17,0.0614715189873416,,,1.6392694063926943
2015-09-30,134.17,578.0,,,Kaufman TX,48257,DFW Composite,134.17,0.0614715189873416,,,1.6392694063926943
2015-12-31,134.17,578.0,,,Kaufman TX,48257,DFW Composite,134.17,0.0614715189873416,,,1.6392694063926943
2016-03-31,146.25,450.0,,,Kaufman TX,48257,DFW Composite,146.25,0.09003503018558545,,,-0.22145328719723179
2016-06-30,146.25,450.0,,,Kaufman TX,48257,DFW Composite,146.25,0.09003503018558545,,,-0.22145328719723179
2016-09-30,146.25,450.0,365.3333333333333,,Kaufman TX,48257,DFW Composite,146.25,0.09003503018558545,,,-0.22145328719723179
2016-12-31,146.25,450.0,346.6666666666667,,Kaufman TX,48257,DFW Composite,146.25,0.09003503018558545,,,-0.22145328719723179
2017-03-31,163.7,1246.0,359.3333333333333,,Kaufman TX,48257,DFW Composite,163.7,0.11931623931623925,,,1.7688888888888887
2017-06-30,163.7,1246.0,434.6666666666667,,Kaufman TX,48257,DFW Composite,163.7,0.11931623931623925,,,1.7688888888888887
2017-09-30,163.7,1246.0,479.6666666666667,252015.0,Kaufman TX,48257,DFW Composite,163.7,0.11931623931623925,0.3129562043795622,,1.7688888888888887
2017-12-31,163.7,1246.0,498.0,259957.0,Kaufman TX,48257,DFW Composite,163.7,0.11931623931623925,0.43653846153846154,,1.7688888888888887
2018-03-31,177.18,1112.0,440.0,273723.4166666667,Kaufman TX,48257,DFW Composite,177.18,0.0823457544288333,0.22448979591836737,,-0.1075441412520064
2018-06-30,177.18,1112.0,524.0,280062.4166666667,Kaufman TX,48257,DFW Composite,177.18,0.0823457544288333,0.20552147239263796,,-0.1075441412520064
2018-09-30,177.18,1112.0,601.3333333333334,274298.3333333333,Kaufman TX,48257,DFW Composite,177.18,0.0823457544288333,0.2536483669214733,0.08842066279123584,-0.1075441412520064
2018-12-31,177.18,1112.0,588.0,268956.8333333333,Kaufman TX,48257,DFW Composite,177.18,0.0823457544288333,0.1807228915662651,0.03462046928274032,-0.1075441412520064
2019-03-31,185.19,695.0,562.3333333333334,270021.9523809524,Kaufman TX,48257,DFW Composite,185.19,0.0452082627836099,0.27803030303030307,-0.013522643881878071,-0.375
2019-06-30,185.19,695.0,625.0,276320.6666666667,Kaufman TX,48257,DFW Composite,185.19,0.0452082627836099,0.1927480916030535,-0.01336041459805537,-0.375
2019-09-30,185.19,695.0,766.3333333333334,265840.4318181818,Kaufman TX,48257,DFW Composite,185.19,0.0452082627836099,0.27439024390243905,-0.03083468066454953,-0.375
2019-12-31,185.19,695.0,727.3333333333334,264054.6666666667,Kaufman TX,48257,DFW Composite,185.19,0.0452082627836099,0.2369614512471656,-0.018226592743197156,-0.375
2020-03-31,191.8,1068.0,698.6666666666666,261940.75,Kaufman TX,48257,DFW Composite,191.8,0.0356930719801285,0.24244220509780656,-0.029927945893640895,0.5366906474820143
2020-06-30,191.8,1068.0,577.3333333333334,268442.8333333333,Kaufman TX,48257,DFW Composite,191.8,0.0356930719801285,-0.0762666666666666,-0.028509750748526574,0.5366906474820143
2020-09-30,191.8,1068.0,404.3333333333333,271747.0833333333,Kaufman TX,48257,DFW Composite,191.8,0.0356930719801285,-0.4723792953458026,0.022218785437390753,0.5366906474820143
2020-12-31,191.8,1068.0,353.6666666666667,279900.0,Kaufman TX,48257,DFW Composite,191.8,0.0356930719801285,-0.5137488542621449,0.060007776167561255,0.5366906474820143
2021-03-31,219.92,1589.0,274.3333333333333,296644.0833333333,Kaufman TX,48257,DFW Composite,219.92,0.14661105318039613,-0.6073473282442748,0.13248543166091298,0.48782771535580527
2021-06-30,219.92,1589.0,226.33333333333334,332142.8333333333,Kaufman TX,48257,DFW Composite,219.92,0.14661105318039613,-0.6079676674364896,0.23729447051731056,0.48782771535580527
2021-09-30,219.92,1589.0,364.0,358978.1666666667,Kaufman TX,48257,DFW Composite,219.92,0.14661105318039613,-0.09975267930750198,0.3210009920376331,0.48782771535580527
2021-12-31,219.92,1589.0,363.6666666666667,362323.3333333333,Kaufman TX,48257,DFW Composite,219.92,0.14661105318039613,0.02827521206409056,0.2944742169822554,0.48782771535580527
2022-03-31,270.22,1353.0,221.33333333333334,374838.0833333333,Kaufman TX,48257,DFW Composite,270.22,0.228719534376137,-0.19319562575941662,0.26359534672442764,-0.1485210824417873
2022-06-30,270.22,1353.0,383.3333333333333,396593.6666666667,Kaufman TX,48257,DFW Composite,270.22,0.228719534376137,0.6936671575846831,0.19404553362333576,-0.1485210824417873
2022-09-30,270.22,1353.0,750.0,398032.0,Kaufman TX,48257,DFW Composite,270.22,0.228719534376137,1.0604395604395602,0.10879166745981306,-0.1485210824417873
2022-12-31,270.22,1353.0,843.0,382763.3333333333,Kaufman TX,48257,DFW Composite,270.22,0.228719534376137,1.3180568285976166,0.05641370047011418,-0.1485210824417873
2023-03-31,278.61,1120.0,717.0,362608.5833333333,Kaufman TX,48257,DFW Composite,278.61,0.031048775072163304,2.239457831325301,-0.03262608721943716,-0.17220990391722102
2023-06-30,278.61,1120.0,729.0,381557.0833333333,Kaufman TX,48257,DFW Composite,278.61,0.031048775072163304,0.9017391304347826,-0.037914330452411105,-0.17220990391722102
2023-09-30,278.61,1120.0,880.3333333333334,384194.25,Kaufman TX,48257,DFW Composite,278.61,0.031048775072163304,0.1737777777777778,-0.034765420870683794,-0.17220990391722102
2023-12-31,278.61,1120.0,927.0,368766.6666666667,Kaufman TX,48257,DFW Composite,278.61,0.031048775072163304,0.0996441281138789,-0.03656741763840132,-0.17220990391722102
2024-03-31,282.68,1745.0,890.0,360850.4166666667,Kaufman TX,48257,DFW Composite,282.68,0.014608233731739695,0.24128312412831243,-0.004848662573026852,0.5580357142857142
2024-06-30,282.68,1745.0,1030.3333333333333,369665.0,Kaufman TX,48257,DFW Composite,282.68,0.014608233731739695,0.41335162322816643,-0.031167245617464312,0.5580357142857142
2024-09-30,282.68,1745.0,1145.3333333333333,373700.0,Kaufman TX,48257,DFW Composite,282.68,0.014608233731739695,0.30102234002271855,-0.027314958513824705,0.5580357142857142
2024-12-31,282.68,1745.0,1069.0,366153.1666666667,Kaufman TX,48257,DFW Composite,282.68,0.014608233731739695,0.15318230852211445,-0.00708713730452859,0.5580357142857142
2025-03-31,286.04,1069.0,1034.6666666666667,355558.8333333333,Kaufman TX,48257,DFW Composite,286.04,0.011886231781519818,0.16254681647940084,-0.014664201810307032,-0.38739255014326646
2025-06-30,286.04,1069.0,1327.3333333333333,352891.6666666667,Kaufman TX,48257,DFW Composite,286.04,0.011886231781519818,0.2882562277580072,-0.045374415574461535,-0.38739255014326646
2025-09-30,286.04,1069.0,1345.3333333333333,341029.0,Kaufman TX,48257,DFW Composite,286.04,0.011886231781519818,0.17462165308498245,-0.08742574257425739,-0.38739255014326646
2025-12-31,286.04,1069.0,1218.6666666666667,334741.6666666667,Kaufman TX,48257,DFW Composite,286.04,0.011886231781519818,0.14000623635796705,-0.08578786928421123,-0.38739255014326646
2026-03-31,286.04,1069.0,1106.0,334608.3333333333,Kaufman TX,48257,DFW Composite,286.04,0.0,0.06894329896907214,-0.05892273805600856,0.0
2026-06-30,286.04,1069.0,1183.3333333333333,338245.0,Kaufman TX,48257,DFW Composite,286.04,0.0,-0.10848819688598699,-0.04150471107752618,0.0
2026-09-30,286.04,1069.0,1257.0,333542.75,Kaufman TX,48257,DFW Composite,286.04,0.0,-0.06565906838453905,-0.02195194543572543,0.0
2000-03-31,100.0,976.0,,,Ellis TX,48139,DFW Composite,100.0,,,,
2000-06-30,100.0,976.0,,,Ellis TX,48139,DFW Composite,100.0,,,,
2000-09-30,100.0,976.0,,,Ellis TX,48139,DFW Composite,100.0,,,,
2000-12-31,100.0,976.0,,,Ellis TX,48139,DFW Composite,100.0,,,,
2001-03-31,105.49,1210.0,,,Ellis TX,48139,DFW Composite,105.49,0.05489999999999995,,,0.23975409836065564
2001-06-30,105.49,1210.0,,,Ellis TX,48139,DFW Composite,105.49,0.05489999999999995,,,0.23975409836065564
2001-09-30,105.49,1210.0,,,Ellis TX,48139,DFW Composite,105.49,0.05489999999999995,,,0.23975409836065564
2001-12-31,105.49,1210.0,,,Ellis TX,48139,DFW Composite,105.49,0.05489999999999995,,,0.23975409836065564
2002-03-31,108.94,874.0,,,Ellis TX,48139,DFW Composite,108.94,0.03270452175561678,,,-0.2776859504132232
2002-06-30,108.94,874.0,,,Ellis TX,48139,DFW Composite,108.94,0.03270452175561678,,,-0.2776859504132232
2002-09-30,108.94,874.0,,,Ellis TX,48139,DFW Composite,108.94,0.03270452175561678,,,-0.2776859504132232
2002-12-31,108.94,874.0,,,Ellis TX,48139,DFW Composite,108.94,0.03270452175561678,,,-0.2776859504132232
2003-03-31,111.78,920.0,,,Ellis TX,48139,DFW Composite,111.77999999999999,0.026069395997796896,,,0.05263157894736836
2003-06-30,111.78,920.0,,,Ellis TX,48139,DFW Composite,111.77999999999999,0.026069395997796896,,,0.05263157894736836
2003-09-30,111.78,920.0,,,Ellis TX,48139,DFW Composite,111.77999999999999,0.026069395997796896,,,0.05263157894736836
2003-12-31,111.78,920.0,,,Ellis TX,48139,DFW Composite,111.77999999999999,0.026069395997796896,,,0.05263157894736836
2004-03-31,114.68,1900.0,,,Ellis TX,48139,DFW Composite,114.68,0.025943818214349657,,,1.0652173913043477
2004-06-30,114.68,1900.0,,,Ellis TX,48139,DFW Composite,114.68,0.025943818214349657,,,1.0652173913043477
2004-09-30,114.68,1900.0,,,Ellis TX,48139,DFW Composite,114.68,0.025943818214349657,,,1.0652173913043477
2004-12-31,114.68,1900.0,,,Ellis TX,48139,DFW Composite,114.68,0.025943818214349657,,,1.0652173913043477
2005-03-31,117.69,1832.0,,,Ellis TX,48139,DFW Composite,117.69000000000001,0.026246948029298833,,,-0.03578947368421048
2005-06-30,117.69,1832.0,,,Ellis TX,48139,DFW Composite,117.69000000000001,0.026246948029298833,,,-0.03578947368421048
2005-09-30,117.69,1832.0,,,Ellis TX,48139,DFW Composite,117.69000000000001,0.026246948029298833,,,-0.03578947368421048
2005-12-31,117.69,1832.0,,,Ellis TX,48139,DFW Composite,117.69000000000001,0.026246948029298833,,,-0.03578947368421048
2006-03-31,121.03,1674.0,,,Ellis TX,48139,DFW Composite,121.02999999999999,0.028379641430877678,,,-0.08624454148471616
2006-06-30,121.03,1674.0,,,Ellis TX,48139,DFW Composite,121.02999999999999,0.028379641430877678,,,-0.08624454148471616
2006-09-30,121.03,1674.0,,,Ellis TX,48139,DFW Composite,121.02999999999999,0.028379641430877678,,,-0.08624454148471616
2006-12-31,121.03,1674.0,,,Ellis TX,48139,DFW Composite,121.02999999999999,0.028379641430877678,,,-0.08624454148471616
2007-03-31,123.72,1355.0,,,Ellis TX,48139,DFW Composite,123.72000000000001,0.022225894406345592,,,-0.19056152927120673
2007-06-30,123.72,1355.0,,,Ellis TX,48139,DFW Composite,123.72000000000001,0.022225894406345592,,,-0.19056152927120673
2007-09-30,123.72,1355.0,,,Ellis TX,48139,DFW Composite,123.72000000000001,0.022225894406345592,,,-0.19056152927120673
2007-12-31,123.72,1355.0,,,Ellis TX,48139,DFW Composite,123.72000000000001,0.022225894406345592,,,-0.19056152927120673
2008-03-31,121.61,869.0,,,Ellis TX,48139,DFW Composite,121.61,-0.01705463950856778,,,-0.3586715867158672
2008-06-30,121.61,869.0,,,Ellis TX,48139,DFW Composite,121.61,-0.01705463950856778,,,-0.3586715867158672
2008-09-30,121.61,869.0,,,Ellis TX,48139,DFW Composite,121.61,-0.01705463950856778,,,-0.3586715867158672
2008-12-31,121.61,869.0,,,Ellis TX,48139,DFW Composite,121.61,-0.01705463950856778,,,-0.3586715867158672
2009-03-31,121.01,496.0,,,Ellis TX,48139,DFW Composite,121.00999999999999,-0.004933804785790641,,,-0.42922899884925203
2009-06-30,121.01,496.0,,,Ellis TX,48139,DFW Composite,121.00999999999999,-0.004933804785790641,,,-0.42922899884925203
2009-09-30,121.01,496.0,,,Ellis TX,48139,DFW Composite,121.00999999999999,-0.004933804785790641,,,-0.42922899884925203
2009-12-31,121.01,496.0,,,Ellis TX,48139,DFW Composite,121.00999999999999,-0.004933804785790641,,,-0.42922899884925203
2010-03-31,118.04,497.0,,,Ellis TX,48139,DFW Composite,118.04,-0.02454342616312699,,,0.002016129032258007
2010-06-30,118.04,497.0,,,Ellis TX,48139,DFW Composite,118.04,-0.02454342616312699,,,0.002016129032258007
2010-09-30,118.04,497.0,,,Ellis TX,48139,DFW Composite,118.04,-0.02454342616312699,,,0.002016129032258007
2010-12-31,118.04,497.0,,,Ellis TX,48139,DFW Composite,118.04,-0.02454342616312699,,,0.002016129032258007
2011-03-31,116.22,731.0,,,Ellis TX,48139,DFW Composite,116.21999999999998,-0.01541850220264318,,,0.4708249496981891
2011-06-30,116.22,731.0,,,Ellis TX,48139,DFW Composite,116.21999999999998,-0.01541850220264318,,,0.4708249496981891
2011-09-30,116.22,731.0,,,Ellis TX,48139,DFW Composite,116.21999999999998,-0.01541850220264318,,,0.4708249496981891
2011-12-31,116.22,731.0,,,Ellis TX,48139,DFW Composite,116.21999999999998,-0.01541850220264318,,,0.4708249496981891
2012-03-31,117.37,735.0,,,Ellis TX,48139,DFW Composite,117.36999999999999,0.009895026673550245,,,0.00547195622435015
2012-06-30,117.37,735.0,,,Ellis TX,48139,DFW Composite,117.36999999999999,0.009895026673550245,,,0.00547195622435015
2012-09-30,117.37,735.0,,,Ellis TX,48139,DFW Composite,117.36999999999999,0.009895026673550245,,,0.00547195622435015
2012-12-31,117.37,735.0,,,Ellis TX,48139,DFW Composite,117.36999999999999,0.009895026673550245,,,0.00547195622435015
2013-03-31,120.44,882.0,,,Ellis TX,48139,DFW Composite,120.44,0.026156598790150642,,,0.19999999999999996
2013-06-30,120.44,882.0,,,Ellis TX,48139,DFW Composite,120.44,0.026156598790150642,,,0.19999999999999996
2013-09-30,120.44,882.0,,,Ellis TX,48139,DFW Composite,120.44,0.026156598790150642,,,0.19999999999999996
2013-12-31,120.44,882.0,,,Ellis TX,48139,DFW Composite,120.44,0.026156598790150642,,,0.19999999999999996
2014-03-31,127.27,1096.0,,,Ellis TX,48139,DFW Composite,127.27,0.056708734639654645,,,0.24263038548752824
2014-06-30,127.27,1096.0,,,Ellis TX,48139,DFW Composite,127.27,0.056708734639654645,,,0.24263038548752824
2014-09-30,127.27,1096.0,,,Ellis TX,48139,DFW Composite,127.27,0.056708734639654645,,,0.24263038548752824
2014-12-31,127.27,1096.0,,,Ellis TX,48139,DFW Composite,127.27,0.056708734639654645,,,0.24263038548752824
2015-03-31,136.54,1337.0,,,Ellis TX,48139,DFW Composite,136.54,0.07283727508446614,,,0.2198905109489051
2015-06-30,136.54,1337.0,,,Ellis TX,48139,DFW Composite,136.54,0.07283727508446614,,,0.2198905109489051
2015-09-30,136.54,1337.0,,,Ellis TX,48139,DFW Composite,136.54,0.07283727508446614,,,0.2198905109489051
2015-12-31,136.54,1337.0,,,Ellis TX,48139,DFW Composite,136.54,0.07283727508446614,,,0.2198905109489051
2016-03-31,150.0,1451.0,,,Ellis TX,48139,DFW Composite,150.0,0.09857917093891899,,,0.08526551982049368
2016-06-30,150.0,1451.0,,,Ellis TX,48139,DFW Composite,150.0,0.09857917093891899,,,0.08526551982049368
2016-09-30,150.0,1451.0,457.0,,Ellis TX,48139,DFW Composite,150.0,0.09857917093891899,,,0.08526551982049368
2016-12-31,150.0,1451.0,428.0,,Ellis TX,48139,DFW Composite,150.0,0.09857917093891899,,,0.08526551982049368
2017-03-31,164.56,2278.0,382.3333333333333,,Ellis TX,48139,DFW Composite,164.56,0.09706666666666663,,,0.5699517574086836
2017-06-30,164.56,2278.0,424.0,,Ellis TX,48139,DFW Composite,164.56,0.09706666666666663,,,0.5699517574086836
2017-09-30,164.56,2278.0,515.6666666666666,318623.75,Ellis TX,48139,DFW Composite,164.56,0.09706666666666663,0.12837345003646972,,0.5699517574086836
2017-12-31,164.56,2278.0,518.6666666666666,327023.3333333333,Ellis TX,48139,DFW Composite,164.56,0.09706666666666663,0.2118380062305294,,0.5699517574086836
2018-03-31,177.72,2458.0,453.0,330081.4166666667,Ellis TX,48139,DFW Composite,177.72,0.07997083130772964,0.18482999128160427,,0.07901668129938533
2018-06-30,177.72,2458.0,534.3333333333334,322384.5833333333,Ellis TX,48139,DFW Composite,177.72,0.07997083130772964,0.2602201257861636,,0.07901668129938533
2018-09-30,177.72,2458.0,639.3333333333334,319757.5,Ellis TX,48139,DFW Composite,177.72,0.07997083130772964,0.23981900452488714,0.003558272099929871,0.07901668129938533
2018-12-31,177.72,2458.0,601.3333333333334,313216.0833333333,Ellis TX,48139,DFW Composite,177.72,0.07997083130772964,0.15938303341902338,-0.042220993405159724,0.07901668129938533
2019-03-31,187.41,2058.0,549.6666666666666,317598.5476190476,Ellis TX,48139,DFW Composite,187.41,0.05452397029034439,0.21339220014716687,-0.037817545663968555,-0.16273393002441006
2019-06-30,187.41,2058.0,604.6666666666666,325337.3333333333,Ellis TX,48139,DFW Composite,187.41,0.05452397029034439,0.13162819713038032,0.009159091819682219,-0.16273393002441006
2019-09-30,187.41,2058.0,669.0,329309.6666666667,Ellis TX,48139,DFW Composite,187.41,0.05452397029034439,0.04640250260688217,0.02987315908670385,-0.16273393002441006
2019-12-31,187.41,2058.0,682.3333333333334,332755.9166666667,Ellis TX,48139,DFW Composite,187.41,0.05452397029034439,0.13470066518847013,0.06238451463087391,-0.16273393002441006
2020-03-31,194.16,2731.0,615.3333333333334,337299.3333333333,Ellis TX,48139,DFW Composite,194.16,0.03601728829838313,0.1194663432383265,0.06203046538460999,0.32701652089407185
2020-06-30,194.16,2731.0,540.0,336714.0,Ellis TX,48139,DFW Composite,194.16,0.03601728829838313,-0.10694597574421161,0.03496883235042203,0.32701652089407185
2020-09-30,194.16,2731.0,372.6666666666667,332056.9166666667,Ellis TX,48139,DFW Composite,194.16,0.03601728829838313,-0.44294967613353264,0.008342451734891787,0.32701652089407185
2020-12-31,194.16,2731.0,288.0,336733.8333333333,Ellis TX,48139,DFW Composite,194.16,0.03601728829838313,-0.5779189057156815,0.011954458110061017,0.32701652089407185
2021-03-31,223.78,3895.0,195.0,357660.3333333333,Ellis TX,48139,DFW Composite,223.78,0.1525545941491553,-0.6830985915492958,0.06036477984935251,0.4262175027462467
2021-06-30,223.78,3895.0,171.66666666666666,370744.75,Ellis TX,48139,DFW Composite,223.78,0.1525545941491553,-0.6820987654320988,0.10106722619196118,0.4262175027462467
2021-09-30,223.78,3895.0,291.0,405820.8333333333,Ellis TX,48139,DFW Composite,223.78,0.1525545941491553,-0.21914132379248663,0.22214238874209058,0.4262175027462467
2021-12-31,223.78,3895.0,309.6666666666667,429830.0,Ellis TX,48139,DFW Composite,223.78,0.1525545941491553,0.07523148148148162,0.27646811057001996,0.4262175027462467
2022-03-31,273.47,2738.0,232.33333333333334,460163.9166666667,Ellis TX,48139,DFW Composite,273.47,0.22204844043256777,0.19145299145299144,0.2865947766083463,-0.29704749679075737
2022-06-30,273.47,2738.0,358.6666666666667,498101.3333333333,Ellis TX,48139,DFW Composite,273.47,0.22204844043256777,1.0893203883495146,0.34351554090336633,-0.29704749679075737
2022-09-30,273.47,2738.0,696.6666666666666,486670.4166666667,Ellis TX,48139,DFW Composite,273.47,0.22204844043256777,1.3940435280641466,0.19922482211977788,-0.29704749679075737
2022-12-31,273.47,2738.0,797.6666666666666,478251.8333333333,Ellis TX,48139,DFW Composite,273.47,0.22204844043256777,1.5758880516684606,0.11265345213999334,-0.29704749679075737
2023-03-31,286.14,2884.0,715.0,479214.8333333333,Ellis TX,48139,DFW Composite,286.14,0.04633049328994021,2.0774748923959825,0.041400283630814716,0.05332359386413432
2023-06-30,286.14,2884.0,650.6666666666666,487999.1666666667,Ellis TX,48139,DFW Composite,286.14,0.04633049328994021,0.8141263940520445,-0.020281348373557107,0.05332359386413432
2023-09-30,286.14,2884.0,774.3333333333334,481746.5833333333,Ellis TX,48139,DFW Composite,286.14,0.04633049328994021,0.11148325358851685,-0.010117387794100985,0.05332359386413432
2023-12-31,286.14,2884.0,817.3333333333334,473989.0,Ellis TX,48139,DFW Composite,286.14,0.04633049328994021,0.024655244463017256,-0.008913365378282134,0.05332359386413432
2024-03-31,291.13,2972.0,777.6666666666666,491105.0,Ellis TX,48139,DFW Composite,291.13,0.017439015866359098,0.0876456876456877,0.024811766747620867,0.030513176144244092
2024-06-30,291.13,2972.0,921.6666666666666,492671.8333333333,Ellis TX,48139,DFW Composite,291.13,0.017439015866359098,0.41649590163934436,0.00957515296303435,0.030513176144244092
2024-09-30,291.13,2972.0,1060.0,477137.25,Ellis TX,48139,DFW Composite,291.13,0.017439015866359098,0.36891950064571666,-0.009567962685775755,0.030513176144244092
2024-12-31,291.13,2972.0,936.6666666666666,465405.8333333333,Ellis TX,48139,DFW Composite,291.13,0.017439015866359098,0.14600326264274055,-0.0181083667905092,0.030513176144244092
2025-03-31,290.36,3678.0,858.0,460796.3333333333,Ellis TX,48139,DFW Composite,290.36,-0.002644866554460168,0.10330047149592803,-0.06171524758792246,0.237550471063257
2025-06-30,290.36,3678.0,982.3333333333334,474150.0,Ellis TX,48139,DFW Composite,290.36,-0.002644866554460168,0.06582278481012671,-0.03759466663238642,0.237550471063257
2025-09-30,290.36,3678.0,1034.3333333333333,459416.6666666667,Ellis TX,48139,DFW Composite,290.36,-0.002644866554460168,-0.02421383647798747,-0.037139383549142924,0.237550471063257
2025-12-31,290.36,3678.0,962.3333333333334,456106.4166666667,Ellis TX,48139,DFW Composite,290.36,-0.002644866554460168,0.027402135231316738,-0.019981306637397056,0.237550471063257
2026-03-31,290.36,3678.0,842.3333333333334,457661.4166666667,Ellis TX,48139,DFW Composite,290.36,0.0,-0.018259518259518215,-0.006803258706485571,0.0
2026-06-30,290.36,3678.0,923.6666666666666,473413.8333333333,Ellis TX,48139,DFW Composite,290.36,0.0,-0.05972175093315246,-0.0015526029034412803,0.0
2026-09-30,290.36,3678.0,1060.0,484521.25,Ellis TX,48139,DFW Composite,290.36,0.0,0.02481469545601045,0.054644476691456445,0.0
2000-03-31,100.0,665.0,,,Johnson TX,48251,DFW Composite,100.0,,,,
2000-06-30,100.0,665.0,,,Johnson TX,48251,DFW Composite,100.0,,,,
2000-09-30,100.0,665.0,,,Johnson TX,48251,DFW Composite,100.0,,,,
2000-12-31,100.0,665.0,,,Johnson TX,48251,DFW Composite,100.0,,,,
2001-03-31,106.29,622.0,,,Johnson TX,48251,DFW Composite,106.28999999999999,0.06289999999999996,,,-0.06466165413533831
2001-06-30,106.29,622.0,,,Johnson TX,48251,DFW Composite,106.28999999999999,0.06289999999999996,,,-0.06466165413533831
2001-09-30,106.29,622.0,,,Johnson TX,48251,DFW Composite,106.28999999999999,0.06289999999999996,,,-0.06466165413533831
2001-12-31,106.29,622.0,,,Johnson TX,48251,DFW Composite,106.28999999999999,0.06289999999999996,,,-0.06466165413533831
2002-03-31,108.45,772.0,,,Johnson TX,48251,DFW Composite,108.45,0.020321761219305623,,,0.2411575562700965
2002-06-30,108.45,772.0,,,Johnson TX,48251,DFW Composite,108.45,0.020321761219305623,,,0.2411575562700965
2002-09-30,108.45,772.0,,,Johnson TX,48251,DFW Composite,108.45,0.020321761219305623,,,0.2411575562700965
2002-12-31,108.45,772.0,,,Johnson TX,48251,DFW Composite,108.45,0.020321761219305623,,,0.2411575562700965
2003-03-31,111.8,898.0,,,Johnson TX,48251,DFW Composite,111.79999999999998,0.030889810972798415,,,0.16321243523316054
2003-06-30,111.8,898.0,,,Johnson TX,48251,DFW Composite,111.79999999999998,0.030889810972798415,,,0.16321243523316054
2003-09-30,111.8,898.0,,,Johnson TX,48251,DFW Composite,111.79999999999998,0.030889810972798415,,,0.16321243523316054
2003-12-31,111.8,898.0,,,Johnson TX,48251,DFW Composite,111.79999999999998,0.030889810972798415,,,0.16321243523316054
2004-03-31,115.23,911.0,,,Johnson TX,48251,DFW Composite,115.23,0.030679785330948173,,,0.014476614699331813
2004-06-30,115.23,911.0,,,Johnson TX,48251,DFW Composite,115.23,0.030679785330948173,,,0.014476614699331813
2004-09-30,115.23,911.0,,,Johnson TX,48251,DFW Composite,115.23,0.030679785330948173,,,0.014476614699331813
2004-12-31,115.23,911.0,,,Johnson TX,48251,DFW Composite,115.23,0.030679785330948173,,,0.014476614699331813
2005-03-31,119.95,1151.0,,,Johnson TX,48251,DFW Composite,119.95,0.04096155515056843,,,0.26344676180021964
2005-06-30,119.95,1151.0,,,Johnson TX,48251,DFW Composite,119.95,0.04096155515056843,,,0.26344676180021964
2005-09-30,119.95,1151.0,,,Johnson TX,48251,DFW Composite,119.95,0.04096155515056843,,,0.26344676180021964
2005-12-31,119.95,1151.0,,,Johnson TX,48251,DFW Composite,119.95,0.04096155515056843,,,0.26344676180021964
2006-03-31,125.29,1146.0,,,Johnson TX,48251,DFW Composite,125.29,0.04451854939558153,,,-0.004344048653344923
2006-06-30,125.29,1146.0,,,Johnson TX,48251,DFW Composite,125.29,0.04451854939558153,,,-0.004344048653344923
2006-09-30,125.29,1146.0,,,Johnson TX,48251,DFW Composite,125.29,0.04451854939558153,,,-0.004344048653344923
2006-12-31,125.29,1146.0,,,Johnson TX,48251,DFW Composite,125.29,0.04451854939558153,,,-0.004344048653344923
2007-03-31,130.1,1420.0,,,Johnson TX,48251,DFW Composite,130.1,0.03839093303535779,,,0.2390924956369982
2007-06-30,130.1,1420.0,,,Johnson TX,48251,DFW Composite,130.1,0.03839093303535779,,,0.2390924956369982
2007-09-30,130.1,1420.0,,,Johnson TX,48251,DFW Composite,130.1,0.03839093303535779,,,0.2390924956369982
2007-12-31,130.1,1420.0,,,Johnson TX,48251,DFW Composite,130.1,0.03839093303535779,,,0.2390924956369982
2008-03-31,131.78,760.0,,,Johnson TX,48251,DFW Composite,131.78,0.01291314373558805,,,-0.46478873239436624
2008-06-30,131.78,760.0,,,Johnson TX,48251,DFW Composite,131.78,0.01291314373558805,,,-0.46478873239436624
2008-09-30,131.78,760.0,,,Johnson TX,48251,DFW Composite,131.78,0.01291314373558805,,,-0.46478873239436624
2008-12-31,131.78,760.0,,,Johnson TX,48251,DFW Composite,131.78,0.01291314373558805,,,-0.46478873239436624
2009-03-31,131.21,518.0,,,Johnson TX,48251,DFW Composite,131.21,-0.004325390802853213,,,-0.31842105263157894
2009-06-30,131.21,518.0,,,Johnson TX,48251,DFW Composite,131.21,-0.004325390802853213,,,-0.31842105263157894
2009-09-30,131.21,518.0,,,Johnson TX,48251,DFW Composite,131.21,-0.004325390802853213,,,-0.31842105263157894
2009-12-31,131.21,518.0,,,Johnson TX,48251,DFW Composite,131.21,-0.004325390802853213,,,-0.31842105263157894
2010-03-31,128.76,833.0,,,Johnson TX,48251,DFW Composite,128.76,-0.018672357289840846,,,0.6081081081081081
2010-06-30,128.76,833.0,,,Johnson TX,48251,DFW Composite,128.76,-0.018672357289840846,,,0.6081081081081081
2010-09-30,128.76,833.0,,,Johnson TX,48251,DFW Composite,128.76,-0.018672357289840846,,,0.6081081081081081
2010-12-31,128.76,833.0,,,Johnson TX,48251,DFW Composite,128.76,-0.018672357289840846,,,0.6081081081081081
2011-03-31,125.01,415.0,,,Johnson TX,48251,DFW Composite,125.01,-0.029123951537744497,,,-0.5018007202881152
2011-06-30,125.01,415.0,,,Johnson TX,48251,DFW Composite,125.01,-0.029123951537744497,,,-0.5018007202881152
2011-09-30,125.01,415.0,,,Johnson TX,48251,DFW Composite,125.01,-0.029123951537744497,,,-0.5018007202881152
2011-12-31,125.01,415.0,,,Johnson TX,48251,DFW Composite,125.01,-0.029123951537744497,,,-0.5018007202881152
2012-03-31,126.48,934.0,,,Johnson TX,48251,DFW Composite,126.48000000000002,0.011759059275257888,,,1.2506024096385544
2012-06-30,126.48,934.0,,,Johnson TX,48251,DFW Composite,126.48000000000002,0.011759059275257888,,,1.2506024096385544
2012-09-30,126.48,934.0,,,Johnson TX,48251,DFW Composite,126.48000000000002,0.011759059275257888,,,1.2506024096385544
2012-12-31,126.48,934.0,,,Johnson TX,48251,DFW Composite,126.48000000000002,0.011759059275257888,,,1.2506024096385544
2013-03-31,129.64,691.0,,,Johnson TX,48251,DFW Composite,129.64,0.024984187223276333,,,-0.2601713062098501
2013-06-30,129.64,691.0,,,Johnson TX,48251,DFW Composite,129.64,0.024984187223276333,,,-0.2601713062098501
2013-09-30,129.64,691.0,,,Johnson TX,48251,DFW Composite,129.64,0.024984187223276333,,,-0.2601713062098501
2013-12-31,129.64,691.0,,,Johnson TX,48251,DFW Composite,129.64,0.024984187223276333,,,-0.2601713062098501
2014-03-31,138.5,960.0,,,Johnson TX,48251,DFW Composite,138.5,0.06834310398025312,,,0.3892908827785817
2014-06-30,138.5,960.0,,,Johnson TX,48251,DFW Composite,138.5,0.06834310398025312,,,0.3892908827785817
2014-09-30,138.5,960.0,,,Johnson TX,48251,DFW Composite,138.5,0.06834310398025312,,,0.3892908827785817
2014-12-31,138.5,960.0,,,Johnson TX,48251,DFW Composite,138.5,0.06834310398025312,,,0.3892908827785817
2015-03-31,146.11,747.0,,,Johnson TX,48251,DFW Composite,146.11,0.05494584837545147,,,-0.22187500000000004
2015-06-30,146.11,747.0,,,Johnson TX,48251,DFW Composite,146.11,0.05494584837545147,,,-0.22187500000000004
2015-09-30,146.11,747.0,,,Johnson TX,48251,DFW Composite,146.11,0.05494584837545147,,,-0.22187500000000004
2015-12-31,146.11,747.0,,,Johnson TX,48251,DFW Composite,146.11,0.05494584837545147,,,-0.22187500000000004
2016-03-31,158.55,754.0,,,Johnson TX,48251,DFW Composite,158.55,0.08514133187324613,,,0.009370816599732157
2016-06-30,158.55,754.0,,,Johnson TX,48251,DFW Composite,158.55,0.08514133187324613,,,0.009370816599732157
2016-09-30,158.55,754.0,378.3333333333333,,Johnson TX,48251,DFW Composite,158.55,0.08514133187324613,,,0.009370816599732157
2016-12-31,158.55,754.0,400.0,,Johnson TX,48251,DFW Composite,158.55,0.08514133187324613,,,0.009370816599732157
2017-03-31,174.6,614.0,366.6666666666667,,Johnson TX,48251,DFW Composite,174.6,0.10122989593188247,,,-0.18567639257294433
2017-06-30,174.6,614.0,367.0,,Johnson TX,48251,DFW Composite,174.6,0.10122989593188247,,,-0.18567639257294433
2017-09-30,174.6,614.0,460.3333333333333,273657.75,Johnson TX,48251,DFW Composite,174.6,0.10122989593188247,0.21674008810572687,,-0.18567639257294433
2017-12-31,174.6,614.0,464.3333333333333,287351.1666666667,Johnson TX,48251,DFW Composite,174.6,0.10122989593188247,0.16083333333333338,,-0.18567639257294433
2018-03-31,188.81,687.0,447.3333333333333,302935.1666666667,Johnson TX,48251,DFW Composite,188.81,0.08138602520045835,0.21999999999999997,,0.11889250814332253
2018-06-30,188.81,687.0,476.3333333333333,291062.5833333333,Johnson TX,48251,DFW Composite,188.81,0.08138602520045835,0.2979109900090826,,0.11889250814332253
2018-09-30,188.81,687.0,553.0,291937.9166666667,Johnson TX,48251,DFW Composite,188.81,0.08138602520045835,0.20130340333091978,0.06679937501008726,0.11889250814332253
2018-12-31,188.81,687.0,539.6666666666666,289279.1666666667,Johnson TX,48251,DFW Composite,188.81,0.08138602520045835,0.16223977027997116,0.00670956036951309,0.11889250814332253
2019-03-31,201.58,1064.0,466.3333333333333,298608.9166666667,Johnson TX,48251,DFW Composite,201.58,0.06763412954822323,0.04247391952309987,-0.01428110855403053,0.5487627365356622
2019-06-30,201.58,1064.0,509.0,301516.4166666667,Johnson TX,48251,DFW Composite,201.58,0.06763412954822323,0.0685794261721484,0.03591610166313042,0.5487627365356622
2019-09-30,201.58,1064.0,607.6666666666666,292347.7272727273,Johnson TX,48251,DFW Composite,201.58,0.06763412954822323,0.09885473176612414,0.001403759438786789,0.5487627365356622
2019-12-31,201.58,1064.0,571.3333333333334,289830.2272727273,Johnson TX,48251,DFW Composite,201.58,0.06763412954822323,0.058678196417541795,0.0019049439764724507,0.5487627365356622
2020-03-31,209.07,2582.0,529.3333333333334,292966.5,Johnson TX,48251,DFW Composite,209.07,0.03715646393491401,0.13509649749821317,-0.01889567374495127,1.4266917293233083
2020-06-30,209.07,2582.0,540.0,292789.0833333333,Johnson TX,48251,DFW Composite,209.07,0.03715646393491401,0.06090373280943018,-0.028944803171303435,1.4266917293233083
2020-09-30,209.07,2582.0,428.3333333333333,297058.3333333333,Johnson TX,48251,DFW Composite,209.07,0.03715646393491401,-0.2951179374657158,0.016113024392392594,1.4266917293233083
2020-12-31,209.07,2582.0,325.6666666666667,303181.0833333333,Johnson TX,48251,DFW Composite,209.07,0.03715646393491401,-0.42998833138856474,0.04606440186117311,1.4266917293233083
2021-03-31,239.34,2218.0,217.0,328922.5,Johnson TX,48251,DFW Composite,239.34000000000003,0.14478404362175357,-0.5900503778337531,0.12273075590553861,-0.14097598760650654
2021-06-30,239.34,2218.0,164.66666666666666,340862.5833333333,Johnson TX,48251,DFW Composite,239.34000000000003,0.14478404362175357,-0.6950617283950618,0.1641915724886145,-0.14097598760650654
2021-09-30,239.34,2218.0,236.33333333333334,359818.6666666667,Johnson TX,48251,DFW Composite,239.34000000000003,0.14478404362175357,-0.44824902723735405,0.2112727578758382,-0.14097598760650654
2021-12-31,239.34,2218.0,222.33333333333334,383831.8333333333,Johnson TX,48251,DFW Composite,239.34000000000003,0.14478404362175357,-0.3172978505629478,0.2660151125303827,-0.14097598760650654
2022-03-31,292.69,2292.0,190.66666666666666,436008.3333333333,Johnson TX,48251,DFW Composite,292.69,0.22290465446644947,-0.1213517665130569,0.32556554608861754,0.03336339044183956
2022-06-30,292.69,2292.0,302.6666666666667,442538.3333333333,Johnson TX,48251,DFW Composite,292.69,0.22290465446644947,0.8380566801619436,0.29828955999130646,0.03336339044183956
2022-09-30,292.69,2292.0,572.0,440499.1666666667,Johnson TX,48251,DFW Composite,292.69,0.22290465446644947,1.4203102961918193,0.22422544318619742,0.03336339044183956
2022-12-31,292.69,2292.0,668.3333333333334,430666.6666666667,Johnson TX,48251,DFW Composite,292.69,0.22290465446644947,2.0059970014992503,0.12201914814256765,0.03336339044183956
2023-03-31,303.73,2527.0,627.0,434738.3333333333,Johnson TX,48251,DFW Composite,303.73,0.037719088455362426,2.2884615384615388,-0.0029127883641367758,0.10253054101221637
2023-06-30,303.73,2527.0,598.6666666666666,447647.3333333333,Johnson TX,48251,DFW Composite,303.73,0.037719088455362426,0.9779735682819382,0.011544762600603331,0.10253054101221637
2023-09-30,303.73,2527.0,667.0,434843.6666666667,Johnson TX,48251,DFW Composite,303.73,0.037719088455362426,0.16608391608391604,-0.012838843811660672,0.10253054101221637
2023-12-31,303.73,2527.0,779.6666666666666,416850.0,Johnson TX,48251,DFW Composite,303.73,0.037719088455362426,0.16658354114713214,-0.03208204334365328,0.10253054101221637
2024-03-31,312.8,2183.0,761.6666666666666,407365.0,Johnson TX,48251,DFW Composite,312.8,0.02986204852994434,0.2147793726741094,-0.06296507861050515,-0.13612979817965964
2024-06-30,312.8,2183.0,871.0,403055.1666666667,Johnson TX,48251,DFW Composite,312.8,0.02986204852994434,0.4548997772828509,-0.09961450308352848,-0.13612979817965964
2024-09-30,312.8,2183.0,1012.6666666666666,395987.5,Johnson TX,48251,DFW Composite,312.8,0.02986204852994434,0.5182408795602198,-0.08935663468326938,-0.13612979817965964
2024-12-31,312.8,2183.0,967.6666666666666,376035.0,Johnson TX,48251,DFW Composite,312.8,0.02986204852994434,0.2411286874732792,-0.09791291831594096,-0.13612979817965964
2025-03-31,313.11,2356.0,873.6666666666666,372324.1666666667,Johnson TX,48251,DFW Composite,313.11,0.0009910485933504187,0.14704595185995628,-0.08601827190193878,0.0792487402656894
2025-06-30,313.11,2356.0,965.6666666666666,383658.3333333333,Johnson TX,48251,DFW Composite,313.11,0.0009910485933504187,0.10868733256792962,-0.048124512318619805,0.0792487402656894
2025-09-30,313.11,2356.0,1018.3333333333334,386663.3333333333,Johnson TX,48251,DFW Composite,313.11,0.0009910485933504187,0.0055957867017775165,-0.023546618685354126,0.0792487402656894
2025-12-31,313.11,2356.0,963.6666666666666,381133.3333333333,Johnson TX,48251,DFW Composite,313.11,0.0009910485933504187,-0.004133654839820866,0.01355813510267212,0.0792487402656894
2026-03-31,313.11,2356.0,891.0,371316.6666666667,Johnson TX,48251,DFW Composite,313.11,0.0,0.019839755818390037,-0.002705975303778696,0.0
2026-06-30,313.11,2356.0,920.0,371483.1666666667,Johnson TX,48251,DFW Composite,313.11,0.0,-0.04729030031066617,-0.031734399096418175,0.0
2026-09-30,313.11,2356.0,936.5,371250.0,Johnson TX,48251,DFW Composite,313.11,0.0,-0.08036006546644847,-0.03986241260700518,0.0
2000-03-31,100.0,282.0,,,Parker TX,48367,DFW Composite,100.0,,,,
2000-06-30,100.0,282.0,,,Parker TX,48367,DFW Composite,100.0,,,,
2000-09-30,100.0,282.0,,,Parker TX,48367,DFW Composite,100.0,,,,
2000-12-31,100.0,282.0,,,Parker TX,48367,DFW Composite,100.0,,,,
2001-03-31,104.75,329.0,,,Parker TX,48367,DFW Composite,104.75000000000001,0.0475000000000001,,,0.16666666666666674
2001-06-30,104.75,329.0,,,Parker TX,48367,DFW Composite,104.75000000000001,0.0475000000000001,,,0.16666666666666674
2001-09-30,104.75,329.0,,,Parker TX,48367,DFW Composite,104.75000000000001,0.0475000000000001,,,0.16666666666666674
2001-12-31,104.75,329.0,,,Parker TX,48367,DFW Composite,104.75000000000001,0.0475000000000001,,,0.16666666666666674
2002-03-31,108.09,364.0,,,Parker TX,48367,DFW Composite,108.09,0.03188544152744632,,,0.1063829787234043
2002-06-30,108.09,364.0,,,Parker TX,48367,DFW Composite,108.09,0.03188544152744632,,,0.1063829787234043
2002-09-30,108.09,364.0,,,Parker TX,48367,DFW Composite,108.09,0.03188544152744632,,,0.1063829787234043
2002-12-31,108.09,364.0,,,Parker TX,48367,DFW Composite,108.09,0.03188544152744632,,,0.1063829787234043
2003-03-31,111.53,389.0,,,Parker TX,48367,DFW Composite,111.53,0.031825330742899505,,,0.06868131868131866
2003-06-30,111.53,389.0,,,Parker TX,48367,DFW Composite,111.53,0.031825330742899505,,,0.06868131868131866
2003-09-30,111.53,389.0,,,Parker TX,48367,DFW Composite,111.53,0.031825330742899505,,,0.06868131868131866
2003-12-31,111.53,389.0,,,Parker TX,48367,DFW Composite,111.53,0.031825330742899505,,,0.06868131868131866
2004-03-31,114.35,426.0,,,Parker TX,48367,DFW Composite,114.35,0.02528467676858237,,,0.0951156812339331
2004-06-30,114.35,426.0,,,Parker TX,48367,DFW Composite,114.35,0.02528467676858237,,,0.0951156812339331
2004-09-30,114.35,426.0,,,Parker TX,48367,DFW Composite,114.35,0.02528467676858237,,,0.0951156812339331
2004-12-31,114.35,426.0,,,Parker TX,48367,DFW Composite,114.35,0.02528467676858237,,,0.0951156812339331
2005-03-31,119.16,541.0,,,Parker TX,48367,DFW Composite,119.16,0.0420638390905117,,,0.2699530516431925
2005-06-30,119.16,541.0,,,Parker TX,48367,DFW Composite,119.16,0.0420638390905117,,,0.2699530516431925
2005-09-30,119.16,541.0,,,Parker TX,48367,DFW Composite,119.16,0.0420638390905117,,,0.2699530516431925
2005-12-31,119.16,541.0,,,Parker TX,48367,DFW Composite,119.16,0.0420638390905117,,,0.2699530516431925
2006-03-31,125.71,673.0,,,Parker TX,48367,DFW Composite,125.71,0.054968110104061774,,,0.24399260628465802
2006-06-30,125.71,673.0,,,Parker TX,48367,DFW Composite,125.71,0.054968110104061774,,,0.24399260628465802
2006-09-30,125.71,673.0,,,Parker TX,48367,DFW Composite,125.71,0.054968110104061774,,,0.24399260628465802
2006-12-31,125.71,673.0,,,Parker TX,48367,DFW Composite,125.71,0.054968110104061774,,,0.24399260628465802
2007-03-31,130.24,459.0,,,Parker TX,48367,DFW Composite,130.24,0.03603531938588822,,,-0.3179791976225854
2007-06-30,130.24,459.0,,,Parker TX,48367,DFW Composite,130.24,0.03603531938588822,,,-0.3179791976225854
2007-09-30,130.24,459.0,,,Parker TX,48367,DFW Composite,130.24,0.03603531938588822,,,-0.3179791976225854
2007-12-31,130.24,459.0,,,Parker TX,48367,DFW Composite,130.24,0.03603531938588822,,,-0.3179791976225854
2008-03-31,131.87,289.0,,,Parker TX,48367,DFW Composite,131.87,0.012515356265356159,,,-0.37037037037037035
2008-06-30,131.87,289.0,,,Parker TX,48367,DFW Composite,131.87,0.012515356265356159,,,-0.37037037037037035
2008-09-30,131.87,289.0,,,Parker TX,48367,DFW Composite,131.87,0.012515356265356159,,,-0.37037037037037035
2008-12-31,131.87,289.0,,,Parker TX,48367,DFW Composite,131.87,0.012515356265356159,,,-0.37037037037037035
2009-03-31,130.93,431.0,,,Parker TX,48367,DFW Composite,130.93,-0.0071282323500416744,,,0.4913494809688581
2009-06-30,130.93,431.0,,,Parker TX,48367,DFW Composite,130.93,-0.0071282323500416744,,,0.4913494809688581
2009-09-30,130.93,431.0,,,Parker TX,48367,DFW Composite,130.93,-0.0071282323500416744,,,0.4913494809688581
2009-12-31,130.93,431.0,,,Parker TX,48367,DFW Composite,130.93,-0.0071282323500416744,,,0.4913494809688581
2010-03-31,128.55,147.0,,,Parker TX,48367,DFW Composite,128.55,-0.01817765218055445,,,-0.6589327146171693
2010-06-30,128.55,147.0,,,Parker TX,48367,DFW Composite,128.55,-0.01817765218055445,,,-0.6589327146171693
2010-09-30,128.55,147.0,,,Parker TX,48367,DFW Composite,128.55,-0.01817765218055445,,,-0.6589327146171693
2010-12-31,128.55,147.0,,,Parker TX,48367,DFW Composite,128.55,-0.01817765218055445,,,-0.6589327146171693
2011-03-31,126.66,282.0,,,Parker TX,48367,DFW Composite,126.66,-0.014702450408401568,,,0.9183673469387754
2011-06-30,126.66,282.0,,,Parker TX,48367,DFW Composite,126.66,-0.014702450408401568,,,0.9183673469387754
2011-09-30,126.66,282.0,,,Parker TX,48367,DFW Composite,126.66,-0.014702450408401568,,,0.9183673469387754
2011-12-31,126.66,282.0,,,Parker TX,48367,DFW Composite,126.66,-0.014702450408401568,,,0.9183673469387754
2012-03-31,127.95,285.0,,,Parker TX,48367,DFW Composite,127.95,0.01018474656560886,,,0.010638297872340496
2012-06-30,127.95,285.0,,,Parker TX,48367,DFW Composite,127.95,0.01018474656560886,,,0.010638297872340496
2012-09-30,127.95,285.0,,,Parker TX,48367,DFW Composite,127.95,0.01018474656560886,,,0.010638297872340496
2012-12-31,127.95,285.0,,,Parker TX,48367,DFW Composite,127.95,0.01018474656560886,,,0.010638297872340496
2013-03-31,131.58,344.0,,,Parker TX,48367,DFW Composite,131.58,0.028370457209847766,,,0.2070175438596491
2013-06-30,131.58,344.0,,,Parker TX,48367,DFW Composite,131.58,0.028370457209847766,,,0.2070175438596491
2013-09-30,131.58,344.0,,,Parker TX,48367,DFW Composite,131.58,0.028370457209847766,,,0.2070175438596491
2013-12-31,131.58,344.0,,,Parker TX,48367,DFW Composite,131.58,0.028370457209847766,,,0.2070175438596491
2014-03-31,138.51,382.0,,,Parker TX,48367,DFW Composite,138.51,0.05266757865937066,,,0.11046511627906974
2014-06-30,138.51,382.0,,,Parker TX,48367,DFW Composite,138.51,0.05266757865937066,,,0.11046511627906974
2014-09-30,138.51,382.0,,,Parker TX,48367,DFW Composite,138.51,0.05266757865937066,,,0.11046511627906974
2014-12-31,138.51,382.0,,,Parker TX,48367,DFW Composite,138.51,0.05266757865937066,,,0.11046511627906974
2015-03-31,147.07,395.0,,,Parker TX,48367,DFW Composite,147.07,0.061800592015017086,,,0.03403141361256545
2015-06-30,147.07,395.0,,,Parker TX,48367,DFW Composite,147.07,0.061800592015017086,,,0.03403141361256545
2015-09-30,147.07,395.0,,,Parker TX,48367,DFW Composite,147.07,0.061800592015017086,,,0.03403141361256545
2015-12-31,147.07,395.0,,,Parker TX,48367,DFW Composite,147.07,0.061800592015017086,,,0.03403141361256545
2016-03-31,158.12,465.0,,,Parker TX,48367,DFW Composite,158.12,0.07513428979397574,,,0.17721518987341778
2016-06-30,158.12,465.0,,,Parker TX,48367,DFW Composite,158.12,0.07513428979397574,,,0.17721518987341778
2016-09-30,158.12,465.0,650.0,,Parker TX,48367,DFW Composite,158.12,0.07513428979397574,,,0.17721518987341778
2016-12-31,158.12,465.0,628.6666666666666,,Parker TX,48367,DFW Composite,158.12,0.07513428979397574,,,0.17721518987341778
2017-03-31,170.31,465.0,550.3333333333334,,Parker TX,48367,DFW Composite,170.31,0.07709334682519597,,,0.0
2017-06-30,170.31,465.0,616.6666666666666,,Parker TX,48367,DFW Composite,170.31,0.07709334682519597,,,0.0
2017-09-30,170.31,465.0,665.0,328482.125,Parker TX,48367,DFW Composite,170.31,0.07709334682519597,0.023076923076922995,,0.0
2017-12-31,170.31,465.0,659.6666666666666,322841.6666666667,Parker TX,48367,DFW Composite,170.31,0.07709334682519597,0.049310710498409405,,0.0
2018-03-31,183.95,698.0,578.0,331394.0833333333,Parker TX,48367,DFW Composite,183.95,0.08008924901649928,0.05027256208358555,,0.5010752688172042
2018-06-30,183.95,698.0,619.0,350238.5,Parker TX,48367,DFW Composite,183.95,0.08008924901649928,0.003783783783783745,,0.5010752688172042
2018-09-30,183.95,698.0,630.6666666666666,344026.5833333333,Parker TX,48367,DFW Composite,183.95,0.08008924901649928,-0.05162907268170436,0.047322082847988556,0.5010752688172042
2018-12-31,183.95,698.0,567.0,333375.0,Parker TX,48367,DFW Composite,183.95,0.08008924901649928,-0.1404749873673572,0.03262693270695127,0.5010752688172042
2019-03-31,195.31,808.0,536.6666666666666,348845.2380952381,Parker TX,48367,DFW Composite,195.31,0.06175591193259056,-0.07151095732410617,0.052659825988358167,0.15759312320916896
2019-06-30,195.31,808.0,634.0,369544.8333333333,Parker TX,48367,DFW Composite,195.31,0.06175591193259056,0.024232633279483107,0.05512338972823749,0.15759312320916896
2019-09-30,195.31,808.0,780.0,356801.51515151514,Parker TX,48367,DFW Composite,195.31,0.06175591193259056,0.2367864693446089,0.03713356012899727,0.15759312320916896
2019-12-31,195.31,808.0,722.3333333333334,358359.84848484845,Parker TX,48367,DFW Composite,195.31,0.06175591193259056,0.2739564961787184,0.07494517730738193,0.15759312320916896
2020-03-31,201.68,1113.0,653.3333333333334,358670.3333333333,Parker TX,48367,DFW Composite,201.68,0.03261481746966366,0.21739130434782616,0.028164624782445413,0.3774752475247525
2020-06-30,201.68,1113.0,670.6666666666666,359448.8333333333,Parker TX,48367,DFW Composite,201.68,0.03261481746966366,0.05783385909568861,-0.027320095126031174,0.3774752475247525
2020-09-30,201.68,1113.0,549.6666666666666,363741.8333333333,Parker TX,48367,DFW Composite,201.68,0.03261481746966366,-0.29529914529914536,0.01945148181019074,0.3774752475247525
2020-12-31,201.68,1113.0,404.3333333333333,375908.25,Parker TX,48367,DFW Composite,201.68,0.03261481746966366,-0.4402399630826027,0.048968659824325966,0.3774752475247525
2021-03-31,230.82,765.0,264.6666666666667,384565.5833333333,Parker TX,48367,DFW Composite,230.82,0.14448631495438313,-0.5948979591836734,0.07219791433358957,-0.31266846361185985
2021-06-30,230.82,765.0,192.0,426388.6666666667,Parker TX,48367,DFW Composite,230.82,0.14448631495438313,-0.7137176938369781,0.18622910168484808,-0.31266846361185985
2021-09-30,230.82,765.0,357.0,446682.0833333333,Parker TX,48367,DFW Composite,230.82,0.14448631495438313,-0.35051546391752575,0.22801955232900983,-0.31266846361185985
2021-12-31,230.82,765.0,372.3333333333333,470842.0833333333,Parker TX,48367,DFW Composite,230.82,0.14448631495438313,-0.07914262159934049,0.25254522435549975,-0.31266846361185985
2022-03-31,282.22,904.0,222.33333333333334,494050.1666666667,Parker TX,48367,DFW Composite,282.22,0.22268434277792237,-0.15994962216624686,0.2846967801547504,0.18169934640522878
2022-06-30,282.22,904.0,344.3333333333333,540949.8333333334,Parker TX,48367,DFW Composite,282.22,0.22268434277792237,0.7934027777777777,0.26867779475064224,0.18169934640522878
2022-09-30,282.22,904.0,753.0,553425.0,Parker TX,48367,DFW Composite,282.22,0.22268434277792237,1.1092436974789917,0.23896843112691069,0.18169934640522878
2022-12-31,282.22,904.0,897.0,547152.0833333334,Parker TX,48367,DFW Composite,282.22,0.22268434277792237,1.4091316025067147,0.16207132433822036,0.18169934640522878
2023-03-31,292.11,427.0,736.3333333333334,549864.6666666666,Parker TX,48367,DFW Composite,292.11,0.03504358302033861,2.3118440779610197,0.1129733451494972,-0.5276548672566372
2023-06-30,292.11,427.0,835.0,559139.6666666666,Parker TX,48367,DFW Composite,292.11,0.03504358302033861,1.4249757986447245,0.03362573054371332,-0.5276548672566372
2023-09-30,292.11,427.0,992.6666666666666,552645.8333333334,Parker TX,48367,DFW Composite,292.11,0.03504358302033861,0.31828242585214683,-0.0014078992937915924,-0.5276548672566372
2023-12-31,292.11,427.0,1037.3333333333333,541345.0,Parker TX,48367,DFW Composite,292.11,0.03504358302033861,0.15644741731698253,-0.01061328926677152,-0.5276548672566372
2024-03-31,303.6,439.0,927.0,541726.25,Parker TX,48367,DFW Composite,303.6,0.03933449727842264,0.2589406971480308,-0.01480076309685896,0.02810304449648715
2024-06-30,303.6,439.0,1019.6666666666666,552650.0,Parker TX,48367,DFW Composite,303.6,0.03933449727842264,0.22115768463073837,-0.011606521685994853,0.02810304449648715
2024-09-30,303.6,439.0,1131.0,553518.25,Parker TX,48367,DFW Composite,303.6,0.03933449727842264,0.13935527199462738,0.0015786180118368964,0.02810304449648715
2024-12-31,303.6,439.0,1141.6666666666667,544887.5,Parker TX,48367,DFW Composite,303.6,0.03933449727842264,0.10057840616966596,0.006543886061568971,0.02810304449648715
2025-03-31,304.52,342.0,1041.0,546016.6666666666,Parker TX,48367,DFW Composite,304.52,0.003030303030302939,0.12297734627831725,0.007919898041984563,-0.22095671981776766
2025-06-30,304.52,342.0,1295.6666666666667,551463.6666666666,Parker TX,48367,DFW Composite,304.52,0.003030303030302939,0.2706766917293235,-0.002146626858469891,-0.22095671981776766
2025-09-30,304.52,342.0,1327.3333333333333,540283.3333333334,Parker TX,48367,DFW Composite,304.52,0.003030303030302939,0.17359269083407014,-0.02391053351297201,-0.22095671981776766
2025-12-31,304.52,342.0,1232.6666666666667,529666.6666666666,Parker TX,48367,DFW Composite,304.52,0.003030303030302939,0.0797080291970802,-0.0279339007287438,-0.22095671981776766
2026-03-31,304.52,342.0,1095.3333333333333,538041.6666666666,Parker TX,48367,DFW Composite,304.52,0.0,0.05219340377841819,-0.014605781264308226,0.0
2026-06-30,304.52,342.0,1201.6666666666667,551408.3333333334,Parker TX,48367,DFW Composite,304.52,0.0,-0.07254952405454074,-0.00010033903714401493,0.0
2026-09-30,304.52,342.0,1220.5,549950.0,Parker TX,48367,DFW Composite,304.52,0.0,-0.08048719236564539,0.017891846870469186,0.0
2000-03-31,100.0,90.0,,,Wise TX,48497,DFW Composite,100.0,,,,
2000-06-30,100.0,90.0,,,Wise TX,48497,DFW Composite,100.0,,,,
2000-09-30,100.0,90.0,,,Wise TX,48497,DFW Composite,100.0,,,,
2000-12-31,100.0,90.0,,,Wise TX,48497,DFW Composite,100.0,,,,
2001-03-31,104.79,87.0,,,Wise TX,48497,DFW Composite,104.79,0.047900000000000054,,,-0.033333333333333326
2001-06-30,104.79,87.0,,,Wise TX,48497,DFW Composite,104.79,0.047900000000000054,,,-0.033333333333333326
2001-09-30,104.79,87.0,,,Wise TX,48497,DFW Composite,104.79,0.047900000000000054,,,-0.033333333333333326
2001-12-31,104.79,87.0,,,Wise TX,48497,DFW Composite,104.79,0.047900000000000054,,,-0.033333333333333326
2002-03-31,109.43,109.0,,,Wise TX,48497,DFW Composite,109.43,0.044279034258994265,,,0.2528735632183907
2002-06-30,109.43,109.0,,,Wise TX,48497,DFW Composite,109.43,0.044279034258994265,,,0.2528735632183907
2002-09-30,109.43,109.0,,,Wise TX,48497,DFW Composite,109.43,0.044279034258994265,,,0.2528735632183907
2002-12-31,109.43,109.0,,,Wise TX,48497,DFW Composite,109.43,0.044279034258994265,,,0.2528735632183907
2003-03-31,111.75,131.0,,,Wise TX,48497,DFW Composite,111.75,0.021200767613999805,,,0.201834862385321
2003-06-30,111.75,131.0,,,Wise TX,48497,DFW Composite,111.75,0.021200767613999805,,,0.201834862385321
2003-09-30,111.75,131.0,,,Wise TX,48497,DFW Composite,111.75,0.021200767613999805,,,0.201834862385321
2003-12-31,111.75,131.0,,,Wise TX,48497,DFW Composite,111.75,0.021200767613999805,,,0.201834862385321
2004-03-31,113.23,175.0,,,Wise TX,48497,DFW Composite,113.23,0.013243847874720327,,,0.33587786259541974
2004-06-30,113.23,175.0,,,Wise TX,48497,DFW Composite,113.23,0.013243847874720327,,,0.33587786259541974
2004-09-30,113.23,175.0,,,Wise TX,48497,DFW Composite,113.23,0.013243847874720327,,,0.33587786259541974
2004-12-31,113.23,175.0,,,Wise TX,48497,DFW Composite,113.23,0.013243847874720327,,,0.33587786259541974
2005-03-31,120.86,192.0,,,Wise TX,48497,DFW Composite,120.85999999999999,0.0673849686478849,,,0.0971428571428572
2005-06-30,120.86,192.0,,,Wise TX,48497,DFW Composite,120.85999999999999,0.0673849686478849,,,0.0971428571428572
2005-09-30,120.86,192.0,,,Wise TX,48497,DFW Composite,120.85999999999999,0.0673849686478849,,,0.0971428571428572
2005-12-31,120.86,192.0,,,Wise TX,48497,DFW Composite,120.85999999999999,0.0673849686478849,,,0.0971428571428572
2006-03-31,126.72,144.0,,,Wise TX,48497,DFW Composite,126.71999999999998,0.048485851398312185,,,-0.25
2006-06-30,126.72,144.0,,,Wise TX,48497,DFW Composite,126.71999999999998,0.048485851398312185,,,-0.25
2006-09-30,126.72,144.0,,,Wise TX,48497,DFW Composite,126.71999999999998,0.048485851398312185,,,-0.25
2006-12-31,126.72,144.0,,,Wise TX,48497,DFW Composite,126.71999999999998,0.048485851398312185,,,-0.25
2007-03-31,134.42,115.0,,,Wise TX,48497,DFW Composite,134.42,0.06076388888888884,,,-0.20138888888888884
2007-06-30,134.42,115.0,,,Wise TX,48497,DFW Composite,134.42,0.06076388888888884,,,-0.20138888888888884
2007-09-30,134.42,115.0,,,Wise TX,48497,DFW Composite,134.42,0.06076388888888884,,,-0.20138888888888884
2007-12-31,134.42,115.0,,,Wise TX,48497,DFW Composite,134.42,0.06076388888888884,,,-0.20138888888888884
2008-03-31,135.67,80.0,,,Wise TX,48497,DFW Composite,135.67,0.009299211426871068,,,-0.30434782608695654
2008-06-30,135.67,80.0,,,Wise TX,48497,DFW Composite,135.67,0.009299211426871068,,,-0.30434782608695654
2008-09-30,135.67,80.0,,,Wise TX,48497,DFW Composite,135.67,0.009299211426871068,,,-0.30434782608695654
2008-12-31,135.67,80.0,,,Wise TX,48497,DFW Composite,135.67,0.009299211426871068,,,-0.30434782608695654
2009-03-31,136.94,32.0,,,Wise TX,48497,DFW Composite,136.94,0.009360949362423598,,,-0.6
2009-06-30,136.94,32.0,,,Wise TX,48497,DFW Composite,136.94,0.009360949362423598,,,-0.6
2009-09-30,136.94,32.0,,,Wise TX,48497,DFW Composite,136.94,0.009360949362423598,,,-0.6
2009-12-31,136.94,32.0,,,Wise TX,48497,DFW Composite,136.94,0.009360949362423598,,,-0.6
2010-03-31,132.9,26.0,,,Wise TX,48497,DFW Composite,132.9,-0.02950197166642321,,,-0.1875
2010-06-30,132.9,26.0,,,Wise TX,48497,DFW Composite,132.9,-0.02950197166642321,,,-0.1875
2010-09-30,132.9,26.0,,,Wise TX,48497,DFW Composite,132.9,-0.02950197166642321,,,-0.1875
2010-12-31,132.9,26.0,,,Wise TX,48497,DFW Composite,132.9,-0.02950197166642321,,,-0.1875
2011-03-31,131.0,23.0,,,Wise TX,48497,DFW Composite,131.0,-0.014296463506395796,,,-0.11538461538461542
2011-06-30,131.0,23.0,,,Wise TX,48497,DFW Composite,131.0,-0.014296463506395796,,,-0.11538461538461542
2011-09-30,131.0,23.0,,,Wise TX,48497,DFW Composite,131.0,-0.014296463506395796,,,-0.11538461538461542
2011-12-31,131.0,23.0,,,Wise TX,48497,DFW Composite,131.0,-0.014296463506395796,,,-0.11538461538461542
2012-03-31,129.9,33.0,,,Wise TX,48497,DFW Composite,129.9,-0.008396946564885432,,,0.4347826086956521
2012-06-30,129.9,33.0,,,Wise TX,48497,DFW Composite,129.9,-0.008396946564885432,,,0.4347826086956521
2012-09-30,129.9,33.0,,,Wise TX,48497,DFW Composite,129.9,-0.008396946564885432,,,0.4347826086956521
2012-12-31,129.9,33.0,,,Wise TX,48497,DFW Composite,129.9,-0.008396946564885432,,,0.4347826086956521
2013-03-31,133.06,64.0,,,Wise TX,48497,DFW Composite,133.06,0.024326404926866774,,,0.9393939393939394
2013-06-30,133.06,64.0,,,Wise TX,48497,DFW Composite,133.06,0.024326404926866774,,,0.9393939393939394
2013-09-30,133.06,64.0,,,Wise TX,48497,DFW Composite,133.06,0.024326404926866774,,,0.9393939393939394
2013-12-31,133.06,64.0,,,Wise TX,48497,DFW Composite,133.06,0.024326404926866774,,,0.9393939393939394
2014-03-31,139.36,46.0,,,Wise TX,48497,DFW Composite,139.36,0.04734706147602585,,,-0.28125
2014-06-30,139.36,46.0,,,Wise TX,48497,DFW Composite,139.36,0.04734706147602585,,,-0.28125
2014-09-30,139.36,46.0,,,Wise TX,48497,DFW Composite,139.36,0.04734706147602585,,,-0.28125
2014-12-31,139.36,46.0,,,Wise TX,48497,DFW Composite,139.36,0.04734706147602585,,,-0.28125
2015-03-31,147.98,82.0,,,Wise TX,48497,DFW Composite,147.98,0.06185419058553365,,,0.7826086956521738
2015-06-30,147.98,82.0,,,Wise TX,48497,DFW Composite,147.98,0.06185419058553365,,,0.7826086956521738
2015-09-30,147.98,82.0,,,Wise TX,48497,DFW Composite,147.98,0.06185419058553365,,,0.7826086956521738
2015-12-31,147.98,82.0,,,Wise TX,48497,DFW Composite,147.98,0.06185419058553365,,,0.7826086956521738
2016-03-31,157.9,76.0,,,Wise TX,48497,DFW Composite,157.9,0.06703608595756205,,,-0.07317073170731703
2016-06-30,157.9,76.0,,,Wise TX,48497,DFW Composite,157.9,0.06703608595756205,,,-0.07317073170731703
2016-09-30,157.9,76.0,282.3333333333333,,Wise TX,48497,DFW Composite,157.9,0.06703608595756205,,,-0.07317073170731703
2016-12-31,157.9,76.0,286.0,,Wise TX,48497,DFW Composite,157.9,0.06703608595756205,,,-0.07317073170731703
2017-03-31,172.01,85.0,265.3333333333333,,Wise TX,48497,DFW Composite,172.01,0.08936035465484471,,,0.11842105263157898
2017-06-30,172.01,85.0,287.0,,Wise TX,48497,DFW Composite,172.01,0.08936035465484471,,,0.11842105263157898
2017-09-30,172.01,85.0,272.0,290819.375,Wise TX,48497,DFW Composite,172.01,0.08936035465484471,-0.03659976387249109,,0.11842105263157898
2017-12-31,172.01,85.0,227.33333333333334,296124.5833333333,Wise TX,48497,DFW Composite,172.01,0.08936035465484471,-0.20512820512820507,,0.11842105263157898
2018-03-31,189.44,83.0,177.33333333333334,293998.1666666667,Wise TX,48497,DFW Composite,189.44,0.10133131794663108,-0.3316582914572863,,-0.02352941176470591
2018-06-30,189.44,83.0,201.33333333333334,280833.3333333333,Wise TX,48497,DFW Composite,189.44,0.10133131794663108,-0.29849012775842043,,-0.02352941176470591
2018-09-30,189.44,83.0,236.66666666666666,296875.0,Wise TX,48497,DFW Composite,189.44,0.10133131794663108,-0.1299019607843137,0.020822632604859947,-0.02352941176470591
2018-12-31,189.44,83.0,256.6666666666667,292012.4166666667,Wise TX,48497,DFW Composite,189.44,0.10133131794663108,0.12903225806451624,-0.013886610224581597,-0.02352941176470591
2019-03-31,200.18,247.0,235.0,297540.4761904762,Wise TX,48497,DFW Composite,200.18000000000004,0.05669341216216228,0.3251879699248119,0.012048746983601921,1.9759036144578315
2019-06-30,200.18,247.0,242.66666666666666,336941.6666666667,Wise TX,48497,DFW Composite,200.18000000000004,0.05669341216216228,0.20529801324503305,0.19979228486646905,1.9759036144578315
2019-09-30,200.18,247.0,256.0,341693.7121212121,Wise TX,48497,DFW Composite,200.18000000000004,0.05669341216216228,0.08169014084507054,0.15096829346092488,1.9759036144578315
2019-12-31,200.18,247.0,239.0,335842.37878787884,Wise TX,48497,DFW Composite,200.18000000000004,0.05669341216216228,-0.06883116883116891,0.15009622748762852,1.9759036144578315
2020-03-31,208.44,95.0,230.66666666666666,319716.6666666667,Wise TX,48497,DFW Composite,208.44,0.041262863422919294,-0.018439716312056764,0.07453167636255964,-0.6153846153846154
2020-06-30,208.44,95.0,246.0,295025.0,Wise TX,48497,DFW Composite,208.44,0.041262863422919294,0.013736263736263687,-0.1244033339104198,-0.6153846153846154
2020-09-30,208.44,95.0,216.66666666666666,292458.1666666667,Wise TX,48497,DFW Composite,208.44,0.041262863422919294,-0.15364583333333337,-0.1440926294747843,-0.6153846153846154
2020-12-31,208.44,95.0,175.66666666666666,308610.8333333333,Wise TX,48497,DFW Composite,208.44,0.041262863422919294,-0.2649930264993027,-0.08108430375234221,-0.6153846153846154
2021-03-31,238.05,132.0,101.0,320043.75,Wise TX,48497,DFW Composite,238.05,0.14205526770293608,-0.5621387283236994,0.001023041234426314,0.3894736842105264
2021-06-30,238.05,132.0,79.0,364366.6666666667,Wise TX,48497,DFW Composite,238.05,0.14205526770293608,-0.6788617886178862,0.23503657882100404,0.3894736842105264
2021-09-30,238.05,132.0,115.0,355869.3333333333,Wise TX,48497,DFW Composite,238.05,0.14205526770293608,-0.46923076923076923,0.2168213231635976,0.3894736842105264
2021-12-31,238.05,132.0,117.0,397400.0,Wise TX,48497,DFW Composite,238.05,0.14205526770293608,-0.33396584440227706,0.28770592952828955,0.3894736842105264
2022-03-31,286.55,441.0,86.0,432138.3333333333,Wise TX,48497,DFW Composite,286.55,0.2037387103549675,-0.14851485148514854,0.3502476874906424,2.340909090909091
2022-06-30,286.55,441.0,138.0,471508.3333333333,Wise TX,48497,DFW Composite,286.55,0.2037387103549675,0.7468354430379747,0.29404903485499934,2.340909090909091
2022-09-30,286.55,441.0,279.6666666666667,472498.3333333333,Wise TX,48497,DFW Composite,286.55,0.2037387103549675,1.4318840579710148,0.32772984091539215,2.340909090909091
2022-12-31,286.55,441.0,330.3333333333333,475508.3333333333,Wise TX,48497,DFW Composite,286.55,0.2037387103549675,1.8233618233618234,0.19654839791981216,2.340909090909091
2023-03-31,301.76,229.0,299.6666666666667,468195.8333333333,Wise TX,48497,DFW Composite,301.76,0.05307974175536545,2.484496124031008,0.08343971644882231,-0.4807256235827665
2023-06-30,301.76,229.0,316.0,507563.5,Wise TX,48497,DFW Composite,301.76,0.05307974175536545,1.289855072463768,0.07646771884554893,-0.4807256235827665
2023-09-30,301.76,229.0,400.0,503033.0,Wise TX,48497,DFW Composite,301.76,0.05307974175536545,0.4302741358760429,0.06462386110709395,-0.4807256235827665
2023-12-31,301.76,229.0,431.6666666666667,484327.0,Wise TX,48497,DFW Composite,301.76,0.05307974175536545,0.3067608476286581,0.018545766810956765,-0.4807256235827665
2024-03-31,309.69,463.0,378.3333333333333,472110.4166666667,Wise TX,48497,DFW Composite,309.69,0.026279162248144194,0.26251390433815347,0.008360995665987359,1.0218340611353711
2024-06-30,309.69,463.0,418.6666666666667,483393.75,Wise TX,48497,DFW Composite,309.69,0.026279162248144194,0.3248945147679325,-0.0476191648926686,1.0218340611353711
2024-09-30,309.69,463.0,477.0,472093.75,Wise TX,48497,DFW Composite,309.69,0.026279162248144194,0.1924999999999999,-0.06150540819389583,1.0218340611353711
2024-12-31,309.69,463.0,479.3333333333333,448871.9166666667,Wise TX,48497,DFW Composite,309.69,0.026279162248144194,0.11042471042471025,-0.07320484576191977,1.0218340611353711
2025-03-31,311.82,402.0,448.6666666666667,433915.0,Wise TX,48497,DFW Composite,311.82,0.006877845587522913,0.18590308370044073,-0.08090356687392164,-0.13174946004319654
2025-06-30,311.82,402.0,532.6666666666666,452956.25,Wise TX,48497,DFW Composite,311.82,0.006877845587522913,0.27229299363057313,-0.06296626714764098,-0.13174946004319654
2025-09-30,311.82,402.0,594.6666666666666,457779.1666666667,Wise TX,48497,DFW Composite,311.82,0.006877845587522913,0.24668064290705782,-0.030321484521524167,-0.13174946004319654
2025-12-31,311.82,402.0,503.6666666666667,461056.0,Wise TX,48497,DFW Composite,311.82,0.006877845587522913,0.05076495132127956,0.027143786191420993,-0.13174946004319654
2026-03-31,311.82,402.0,466.3333333333333,465559.3333333333,Wise TX,48497,DFW Composite,311.82,0.0,0.03937592867756301,0.07292749347990579,0.0
2026-06-30,311.82,402.0,493.0,487291.6666666667,Wise TX,48497,DFW Composite,311.82,0.0,-0.07446808510638292,0.07580294270509946,0.0
2026-09-30,311.82,402.0,490.0,497725.0,Wise TX,48497,DFW Composite,311.82,0.0,-0.17600896860986537,0.08726005078868071,0.0
2000-03-31,100.0,67.0,,,Hunt TX,48231,DFW Composite,100.0,,,,
2000-06-30,100.0,67.0,,,Hunt TX,48231,DFW Composite,100.0,,,,
2000-09-30,100.0,67.0,,,Hunt TX,48231,DFW Composite,100.0,,,,
2000-12-31,100.0,67.0,,,Hunt TX,48231,DFW Composite,100.0,,,,
2001-03-31,103.94,57.0,,,Hunt TX,48231,DFW Composite,103.93999999999998,0.03939999999999988,,,-0.14925373134328357
2001-06-30,103.94,57.0,,,Hunt TX,48231,DFW Composite,103.93999999999998,0.03939999999999988,,,-0.14925373134328357
2001-09-30,103.94,57.0,,,Hunt TX,48231,DFW Composite,103.93999999999998,0.03939999999999988,,,-0.14925373134328357
2001-12-31,103.94,57.0,,,Hunt TX,48231,DFW Composite,103.93999999999998,0.03939999999999988,,,-0.14925373134328357
2002-03-31,107.11,85.0,,,Hunt TX,48231,DFW Composite,107.11,0.030498364441023718,,,0.49122807017543857
2002-06-30,107.11,85.0,,,Hunt TX,48231,DFW Composite,107.11,0.030498364441023718,,,0.49122807017543857
2002-09-30,107.11,85.0,,,Hunt TX,48231,DFW Composite,107.11,0.030498364441023718,,,0.49122807017543857
2002-12-31,107.11,85.0,,,Hunt TX,48231,DFW Composite,107.11,0.030498364441023718,,,0.49122807017543857
2003-03-31,111.0,122.0,,,Hunt TX,48231,DFW Composite,111.00000000000001,0.036317804126598796,,,0.43529411764705883
2003-06-30,111.0,122.0,,,Hunt TX,48231,DFW Composite,111.00000000000001,0.036317804126598796,,,0.43529411764705883
2003-09-30,111.0,122.0,,,Hunt TX,48231,DFW Composite,111.00000000000001,0.036317804126598796,,,0.43529411764705883
2003-12-31,111.0,122.0,,,Hunt TX,48231,DFW Composite,111.00000000000001,0.036317804126598796,,,0.43529411764705883
2004-03-31,114.36,447.0,,,Hunt TX,48231,DFW Composite,114.36,0.030270270270270183,,,2.6639344262295084
2004-06-30,114.36,447.0,,,Hunt TX,48231,DFW Composite,114.36,0.030270270270270183,,,2.6639344262295084
2004-09-30,114.36,447.0,,,Hunt TX,48231,DFW Composite,114.36,0.030270270270270183,,,2.6639344262295084
2004-12-31,114.36,447.0,,,Hunt TX,48231,DFW Composite,114.36,0.030270270270270183,,,2.6639344262295084
2005-03-31,119.19,435.0,,,Hunt TX,48231,DFW Composite,119.19,0.042235047219307376,,,-0.02684563758389258
2005-06-30,119.19,435.0,,,Hunt TX,48231,DFW Composite,119.19,0.042235047219307376,,,-0.02684563758389258
2005-09-30,119.19,435.0,,,Hunt TX,48231,DFW Composite,119.19,0.042235047219307376,,,-0.02684563758389258
2005-12-31,119.19,435.0,,,Hunt TX,48231,DFW Composite,119.19,0.042235047219307376,,,-0.02684563758389258
2006-03-31,122.25,137.0,,,Hunt TX,48231,DFW Composite,122.24999999999999,0.025673294739491537,,,-0.6850574712643678
2006-06-30,122.25,137.0,,,Hunt TX,48231,DFW Composite,122.24999999999999,0.025673294739491537,,,-0.6850574712643678
2006-09-30,122.25,137.0,,,Hunt TX,48231,DFW Composite,122.24999999999999,0.025673294739491537,,,-0.6850574712643678
2006-12-31,122.25,137.0,,,Hunt TX,48231,DFW Composite,122.24999999999999,0.025673294739491537,,,-0.6850574712643678
2007-03-31,126.41,119.0,,,Hunt TX,48231,DFW Composite,126.41,0.03402862985685062,,,-0.13138686131386856
2007-06-30,126.41,119.0,,,Hunt TX,48231,DFW Composite,126.41,0.03402862985685062,,,-0.13138686131386856
2007-09-30,126.41,119.0,,,Hunt TX,48231,DFW Composite,126.41,0.03402862985685062,,,-0.13138686131386856
2007-12-31,126.41,119.0,,,Hunt TX,48231,DFW Composite,126.41,0.03402862985685062,,,-0.13138686131386856
2008-03-31,124.73,62.0,,,Hunt TX,48231,DFW Composite,124.73,-0.013290087809508688,,,-0.4789915966386554
2008-06-30,124.73,62.0,,,Hunt TX,48231,DFW Composite,124.73,-0.013290087809508688,,,-0.4789915966386554
2008-09-30,124.73,62.0,,,Hunt TX,48231,DFW Composite,124.73,-0.013290087809508688,,,-0.4789915966386554
2008-12-31,124.73,62.0,,,Hunt TX,48231,DFW Composite,124.73,-0.013290087809508688,,,-0.4789915966386554
2009-03-31,124.99,171.0,,,Hunt TX,48231,DFW Composite,124.99,0.002084502525455001,,,1.7580645161290325
2009-06-30,124.99,171.0,,,Hunt TX,48231,DFW Composite,124.99,0.002084502525455001,,,1.7580645161290325
2009-09-30,124.99,171.0,,,Hunt TX,48231,DFW Composite,124.99,0.002084502525455001,,,1.7580645161290325
2009-12-31,124.99,171.0,,,Hunt TX,48231,DFW Composite,124.99,0.002084502525455001,,,1.7580645161290325
2010-03-31,123.18,47.0,,,Hunt TX,48231,DFW Composite,123.18,-0.01448115849267928,,,-0.7251461988304093
2010-06-30,123.18,47.0,,,Hunt TX,48231,DFW Composite,123.18,-0.01448115849267928,,,-0.7251461988304093
2010-09-30,123.18,47.0,,,Hunt TX,48231,DFW Composite,123.18,-0.01448115849267928,,,-0.7251461988304093
2010-12-31,123.18,47.0,,,Hunt TX,48231,DFW Composite,123.18,-0.01448115849267928,,,-0.7251461988304093
2011-03-31,121.47,41.0,,,Hunt TX,48231,DFW Composite,121.46999999999998,-0.013882123721383421,,,-0.12765957446808507
2011-06-30,121.47,41.0,,,Hunt TX,48231,DFW Composite,121.46999999999998,-0.013882123721383421,,,-0.12765957446808507
2011-09-30,121.47,41.0,,,Hunt TX,48231,DFW Composite,121.46999999999998,-0.013882123721383421,,,-0.12765957446808507
2011-12-31,121.47,41.0,,,Hunt TX,48231,DFW Composite,121.46999999999998,-0.013882123721383421,,,-0.12765957446808507
2012-03-31,119.19,26.0,,,Hunt TX,48231,DFW Composite,119.19,-0.018770066683131637,,,-0.36585365853658536
2012-06-30,119.19,26.0,,,Hunt TX,48231,DFW Composite,119.19,-0.018770066683131637,,,-0.36585365853658536
2012-09-30,119.19,26.0,,,Hunt TX,48231,DFW Composite,119.19,-0.018770066683131637,,,-0.36585365853658536
2012-12-31,119.19,26.0,,,Hunt TX,48231,DFW Composite,119.19,-0.018770066683131637,,,-0.36585365853658536
2013-03-31,123.64,68.0,,,Hunt TX,48231,DFW Composite,123.64,0.03733534692507767,,,1.6153846153846154
2013-06-30,123.64,68.0,,,Hunt TX,48231,DFW Composite,123.64,0.03733534692507767,,,1.6153846153846154
2013-09-30,123.64,68.0,,,Hunt TX,48231,DFW Composite,123.64,0.03733534692507767,,,1.6153846153846154
2013-12-31,123.64,68.0,,,Hunt TX,48231,DFW Composite,123.64,0.03733534692507767,,,1.6153846153846154
2014-03-31,132.72,66.0,,,Hunt TX,48231,DFW Composite,132.72,0.07343901649951468,,,-0.02941176470588236
2014-06-30,132.72,66.0,,,Hunt TX,48231,DFW Composite,132.72,0.07343901649951468,,,-0.02941176470588236
2014-09-30,132.72,66.0,,,Hunt TX,48231,DFW Composite,132.72,0.07343901649951468,,,-0.02941176470588236
2014-12-31,132.72,66.0,,,Hunt TX,48231,DFW Composite,132.72,0.07343901649951468,,,-0.02941176470588236
2015-03-31,140.2,102.0,,,Hunt TX,48231,DFW Composite,140.2,0.0563592525617842,,,0.5454545454545454
2015-06-30,140.2,102.0,,,Hunt TX,48231,DFW Composite,140.2,0.0563592525617842,,,0.5454545454545454
2015-09-30,140.2,102.0,,,Hunt TX,48231,DFW Composite,140.2,0.0563592525617842,,,0.5454545454545454
2015-12-31,140.2,102.0,,,Hunt TX,48231,DFW Composite,140.2,0.0563592525617842,,,0.5454545454545454
2016-03-31,153.57,166.0,,,Hunt TX,48231,DFW Composite,153.57,0.09536376604850227,,,0.6274509803921569
2016-06-30,153.57,166.0,,,Hunt TX,48231,DFW Composite,153.57,0.09536376604850227,,,0.6274509803921569
2016-09-30,153.57,166.0,199.66666666666666,,Hunt TX,48231,DFW Composite,153.57,0.09536376604850227,,,0.6274509803921569
2016-12-31,153.57,166.0,199.33333333333334,,Hunt TX,48231,DFW Composite,153.57,0.09536376604850227,,,0.6274509803921569
2017-03-31,168.97,194.0,172.0,,Hunt TX,48231,DFW Composite,168.97,0.10028000260467551,,,0.16867469879518082
2017-06-30,168.97,194.0,194.33333333333334,,Hunt TX,48231,DFW Composite,168.97,0.10028000260467551,,,0.16867469879518082
2017-09-30,168.97,194.0,214.66666666666666,194422.5,Hunt TX,48231,DFW Composite,168.97,0.10028000260467551,0.07512520868113515,,0.16867469879518082
2017-12-31,168.97,194.0,221.0,198475.0,Hunt TX,48231,DFW Composite,168.97,0.10028000260467551,0.10869565217391308,,0.16867469879518082
2018-03-31,185.59,207.0,176.33333333333334,203805.58333333334,Hunt TX,48231,DFW Composite,185.59,0.09836065573770503,0.025193798449612448,,0.0670103092783505
2018-06-30,185.59,207.0,208.66666666666666,208918.83333333334,Hunt TX,48231,DFW Composite,185.59,0.09836065573770503,0.07375643224699813,,0.0670103092783505
2018-09-30,185.59,207.0,251.66666666666666,217073.75,Hunt TX,48231,DFW Composite,185.59,0.09836065573770503,0.17236024844720488,0.11650529131144793,0.0670103092783505
2018-12-31,185.59,207.0,247.0,217897.5,Hunt TX,48231,DFW Composite,185.59,0.09836065573770503,0.11764705882352944,0.09785867237687373,0.0670103092783505
2019-03-31,194.15,290.0,225.33333333333334,210750.71428571432,Hunt TX,48231,DFW Composite,194.15,0.04612317474001837,0.277882797731569,0.034077235955905616,0.40096618357487923
2019-06-30,194.15,290.0,283.3333333333333,236510.5476190476,Hunt TX,48231,DFW Composite,194.15,0.04612317474001837,0.35782747603833864,0.1320690616804816,0.40096618357487923
2019-09-30,194.15,290.0,306.3333333333333,226908.9545454545,Hunt TX,48231,DFW Composite,194.15,0.04612317474001837,0.21721854304635757,0.0453081247523226,0.40096618357487923
2019-12-31,194.15,290.0,279.0,227653.53787878784,Hunt TX,48231,DFW Composite,194.15,0.04612317474001837,0.12955465587044523,0.04477351910319238,0.40096618357487923
2020-03-31,205.34,904.0,268.3333333333333,223253.66666666666,Hunt TX,48231,DFW Composite,205.33999999999997,0.057635848570692705,0.19082840236686383,0.05932578887491746,2.117241379310345
2020-06-30,205.34,904.0,268.0,218195.33333333334,Hunt TX,48231,DFW Composite,205.33999999999997,0.057635848570692705,-0.05411764705882349,-0.07743931283443206,2.117241379310345
2020-09-30,205.34,904.0,211.33333333333334,227240.0,Hunt TX,48231,DFW Composite,205.33999999999997,0.057635848570692705,-0.31011969532100103,0.0014589351716358667,2.117241379310345
2020-12-31,205.34,904.0,207.33333333333334,225285.0,Hunt TX,48231,DFW Composite,205.33999999999997,0.057635848570692705,-0.2568697729988052,-0.010404133846797281,2.117241379310345
2021-03-31,232.66,1031.0,121.33333333333333,232621.33333333334,Hunt TX,48231,DFW Composite,232.66,0.1330476283237556,-0.5478260869565217,0.0419597438489252,0.14048672566371678
2021-06-30,232.66,1031.0,110.33333333333333,250604.83333333334,Hunt TX,48231,DFW Composite,232.66,0.1330476283237556,-0.5883084577114428,0.1485343407894455,0.14048672566371678
2021-09-30,232.66,1031.0,184.33333333333334,277906.75,Hunt TX,48231,DFW Composite,232.66,0.1330476283237556,-0.12776025236593058,0.22296580707621905,0.14048672566371678
2021-12-31,232.66,1031.0,202.33333333333334,281196.6666666667,Hunt TX,48231,DFW Composite,232.66,0.1330476283237556,-0.024115755627009627,0.24818193251511067,0.14048672566371678
2022-03-31,288.09,761.0,148.33333333333334,282241.1666666667,Hunt TX,48231,DFW Composite,288.09,0.23824464884380636,0.22252747252747263,0.21330732062407587,-0.2618816682832201
2022-06-30,288.09,761.0,219.33333333333334,307791.8333333333,Hunt TX,48231,DFW Composite,288.09,0.23824464884380636,0.987915407854985,0.22819591800903005,-0.2618816682832201
2022-09-30,288.09,761.0,411.3333333333333,330743.3333333333,Hunt TX,48231,DFW Composite,288.09,0.23824464884380636,1.2314647377938517,0.19012342569345053,-0.2618816682832201
2022-12-31,288.09,761.0,514.0,327633.3333333333,Hunt TX,48231,DFW Composite,288.09,0.23824464884380636,1.540362438220758,0.16513946348344555,-0.2618816682832201
2023-03-31,298.68,898.0,432.6666666666667,322323.8333333333,Hunt TX,48231,DFW Composite,298.68,0.036759346037696705,1.9168539325842695,0.14201566390917453,0.1800262812089357
2023-06-30,298.68,898.0,407.0,336216.6666666667,Hunt TX,48231,DFW Composite,298.68,0.036759346037696705,0.8556231003039514,0.09235083668561717,0.1800262812089357
2023-09-30,298.68,898.0,489.6666666666667,338975.0,Hunt TX,48231,DFW Composite,298.68,0.036759346037696705,0.19043760129659648,0.024888382733841974,0.1800262812089357
2023-12-31,298.68,898.0,586.3333333333334,336305.8333333333,Hunt TX,48231,DFW Composite,298.68,0.036759346037696705,0.14072632944228292,0.026470139383457214,0.1800262812089357
2024-03-31,311.24,1287.0,550.0,325887.5,Hunt TX,48231,DFW Composite,311.24,0.04205169412079823,0.27118644067796605,0.011056168666811805,0.4331848552338531
2024-06-30,311.24,1287.0,630.3333333333334,313701.9166666667,Hunt TX,48231,DFW Composite,311.24,0.04205169412079823,0.5487305487305487,-0.06696500272641648,0.4331848552338531
2024-09-30,311.24,1287.0,756.3333333333334,319758.25,Hunt TX,48231,DFW Composite,311.24,0.04205169412079823,0.5445881552076242,-0.056690758905524,0.4331848552338531
2024-12-31,311.24,1287.0,747.0,320783.3333333333,Hunt TX,48231,DFW Composite,311.24,0.04205169412079823,0.27401932916429783,-0.046155904719662466,0.4331848552338531
2025-03-31,312.18,834.0,694.0,318071.6666666667,Hunt TX,48231,DFW Composite,312.18,0.0030201773550957434,0.2618181818181817,-0.02398322529502761,-0.35198135198135194
2025-06-30,312.18,834.0,799.0,315666.6666666667,Hunt TX,48231,DFW Composite,312.18,0.0030201773550957434,0.267583289264939,0.0062631112390929555,-0.35198135198135194
2025-09-30,312.18,834.0,867.6666666666666,315313.3333333333,Hunt TX,48231,DFW Composite,312.18,0.0030201773550957434,0.14720141031291312,-0.013900866253385713,-0.35198135198135194
2025-12-31,312.18,834.0,819.6666666666666,306831.3333333333,Hunt TX,48231,DFW Composite,312.18,0.0030201773550957434,0.09727800089245875,-0.04349353145944823,-0.35198135198135194
2026-03-31,312.18,834.0,740.6666666666666,301327.75,Hunt TX,48231,DFW Composite,312.18,0.0,0.06724303554274735,-0.05264196224121409,0.0
2026-06-30,312.18,834.0,791.0,299646.6666666667,Hunt TX,48231,DFW Composite,312.18,0.0,-0.010012515644555742,-0.05074973600844768,0.0
2026-09-30,312.18,834.0,757.5,295575.0,Hunt TX,48231,DFW Composite,312.18,0.0,-0.12696888205916246,-0.06259910776582023,0.0
